BEGIN;
INSERT INTO leads.instantly_campaigns ("id", "name", "status", "campaign_schedule", "timestamp_created", "timestamp_updated", "text_only", "email_list", "daily_limit", "stop_on_reply", "email_tag_list", "link_tracking", "open_tracking", "stop_on_auto_reply", "organization", "email_gap", "prioritize_new_leads", "auto_variant_select", "stop_for_company", "insert_unsubscribe_header") VALUES ('f8902858-f5cf-44d8-a6cc-e6058e18cf0d', 'Warney - GenAI Data Science Managers', 1, '{}', '2025-03-17T20:24:30.757Z', '2025-03-17T20:26:27.189Z', FALSE, '["w.sarkis@weclouddataacademy.com", "w.sarkis@wecloudtraining.com", "w.sarkiss@weclouddata-corp.com", "w.sarkiss@weclouddataacademy.com", "warney.s@weclouddata-corp.com", "w.sarkiss@wecloudtraining.com", "warney.s@weclouddataacademy.com", "warney.s@wecloudtraining.com", "warney.sarkis@weclouddata-corp.com", "warney.sarkis@weclouddataacademy.com", "warney.sarkis@wecloudtraining.com"]', 330.0, TRUE, '[]', TRUE, TRUE, FALSE, 'f44277de-69b2-4bc3-a69c-28afd4094123', NULL, NULL, NULL, NULL, NULL) ON CONFLICT (id) DO NOTHING;
INSERT INTO leads.instantly_campaign_steps (campaign_id, step_index, type, delay) VALUES ('f8902858-f5cf-44d8-a6cc-e6058e18cf0d', 0, 'email', 6) ON CONFLICT (campaign_id, step_index) DO NOTHING;
INSERT INTO leads.instantly_campaign_contents (campaign_id, step_index, variant_index, subject, body) VALUES ('f8902858-f5cf-44d8-a6cc-e6058e18cf0d', 0, 0, 'Quick Question, {{firstName}} ', '<div>Hi {{firstName}},</div><div><br /></div><div>Generative AI is changing how tech leaders drive innovation, automation, and efficiency—but how do you make it work for your organization?</div><div><br /></div><div>Join us for an exclusive webinar on March 28 at 12:30 PM, where our AI expert will cover:</div><div><br /></div><div>🚀 How GenAI is transforming IT and engineering</div><div>🔹 Real-world use cases in automation, security, and development</div><div>📊 AI integration strategies for future-ready tech teams</div><div><br /></div><div>This invite-only session is designed for CTOs, CIOs, and tech decision-makers. Spots are limited, so let me know if you’re interested, and I’ll send over the details!</div><div><br /></div><div>Best,</div>') ON CONFLICT (campaign_id, step_index, variant_index) DO NOTHING;
INSERT INTO leads.instantly_campaign_steps (campaign_id, step_index, type, delay) VALUES ('f8902858-f5cf-44d8-a6cc-e6058e18cf0d', 1, 'email', 1) ON CONFLICT (campaign_id, step_index) DO NOTHING;
INSERT INTO leads.instantly_campaign_contents (campaign_id, step_index, variant_index, subject, body) VALUES ('f8902858-f5cf-44d8-a6cc-e6058e18cf0d', 1, 0, '', '<div>Hi {{firstName}},</div><div><br /></div><div>Just a quick reminder—our GenAI for Technology Leaders webinar is happening this Thursday, March 28, at 12:30 PM.</div><div><br /></div><div>Join us to explore:</div><div>🚀 How GenAI is transforming IT and engineering</div><div>🔹 Real-world use cases in automation and security</div><div>📊 AI integration strategies for tech leaders</div><div><br /></div><div>Spots are almost full—let me know if you''d like to join, and I’ll send the details!</div><div><br /></div><div>Best,</div>') ON CONFLICT (campaign_id, step_index, variant_index) DO NOTHING;
COMMIT;
-- End of record --

BEGIN;
INSERT INTO leads.instantly_campaigns ("id", "name", "status", "campaign_schedule", "timestamp_created", "timestamp_updated", "text_only", "email_list", "daily_limit", "stop_on_reply", "email_tag_list", "link_tracking", "open_tracking", "stop_on_auto_reply", "organization", "email_gap", "prioritize_new_leads", "auto_variant_select", "stop_for_company", "insert_unsubscribe_header") VALUES ('f58215b3-0ca5-4929-a92a-cae92313534b', 'Louise_HealthCare_50-100_UAE', 3, '{"schedules": [{"name": "New schedule", "timing": {"from": "09:00", "to": "17:00"}, "days": {"1": true, "2": true, "3": true, "4": true, "5": true}, "timezone": "Asia/Aden"}], "start_date": "", "end_date": ""}', '2025-05-07T19:54:10.459Z', '2025-05-22T19:09:56.993Z', FALSE, '["louise.c@weclouddata.net", "louise.c@weclouddata.org", "louise.c@weclouddata.us", "louise.cheng@weclouddata.org", "louise.cheng@weclouddata.us", "louise@weclouddata.net", "louise@weclouddata.org", "louise@weclouddata.us", "louise_c@weclouddata.org", "louise_c@weclouddata.us"]', 300.0, TRUE, '[]', TRUE, TRUE, FALSE, 'f44277de-69b2-4bc3-a69c-28afd4094123', NULL, NULL, NULL, NULL, NULL) ON CONFLICT (id) DO NOTHING;
INSERT INTO leads.instantly_campaign_steps (campaign_id, step_index, type, delay) VALUES ('f58215b3-0ca5-4929-a92a-cae92313534b', 0, 'email', 5) ON CONFLICT (campaign_id, step_index) DO NOTHING;
INSERT INTO leads.instantly_campaign_contents (campaign_id, step_index, variant_index, subject, body) VALUES ('f58215b3-0ca5-4929-a92a-cae92313534b', 0, 0, '{{firstName}} who’s driving your AI upskilling?', '<div>{{firstName}},</div><div><br /></div><div>84% of healthcare and pharma leaders say AI plans stall due to internal skill gaps. You may have the data and tools—but without the skills, nothing moves.</div><div><br /></div><div>Our <a href="https://weclouddata.com/corporate-training/?utm_source=newsletter&amp;utm_medium=email&amp;utm_campaign=saudi-healthcare">AI upskilling tracks</a> are designed for:</div><ul data-start="199" data-end="336"><li data-start="199" data-end="250"><div>Clinical and research teams—not just tech staff</div></li><li data-start="251" data-end="295"><div>Real-world use cases—not generic lessons</div></li><li data-start="296" data-end="336"><div>Fast onboarding in Arabic or English</div></li></ul><div>{{RANDOM| Is this something you’re tackling this year? | Do you have any time this or next week for a quick chat about this? | Should I send more details?}}</div><div><br /></div><div>{{RANDOM | Best, | Regards, | Cheers,}}</div><div>WeCloudData</div>') ON CONFLICT (campaign_id, step_index, variant_index) DO NOTHING;
INSERT INTO leads.instantly_campaign_contents (campaign_id, step_index, variant_index, subject, body) VALUES ('f58215b3-0ca5-4929-a92a-cae92313534b', 0, 1, '{{first_name}}, how AI could help {{companyName}}', '<div>{{firstName}},</div><div><br /></div><div>Imagine this- {{companyName}}''s team uses AI to flag patient risk early, optimize scheduling, reduce admin load — and they actually trust the system doing it.</div><div><br /></div><div>It’s possible. and it doesn’t require long certifications or external hires.</div><div><br /></div><div>If you’re thinking about how to future-proof your <a href="https://weclouddata.com/corporate-training/?utm_source=newsletter&amp;utm_medium=email&amp;utm_campaign=saudi-healthcare">team from AI</a> (and align with Saudi Vision 2030), this might be worth a conversation.</div><div><br /></div><div>— want me to send over a quick personalized 2 min presentation?</div><div><br /></div><div>Warm Regards,</div><div>WeCloudData</div>') ON CONFLICT (campaign_id, step_index, variant_index) DO NOTHING;
INSERT INTO leads.instantly_campaign_steps (campaign_id, step_index, type, delay) VALUES ('f58215b3-0ca5-4929-a92a-cae92313534b', 1, 'email', 2) ON CONFLICT (campaign_id, step_index) DO NOTHING;
INSERT INTO leads.instantly_campaign_contents (campaign_id, step_index, variant_index, subject, body) VALUES ('f58215b3-0ca5-4929-a92a-cae92313534b', 1, 0, '', '<div>{{firstName}} </div><div><br /></div><div>By 2030, Saudi expects AI will be baked into every layer of saudi healthcare + pharma. We’re already seeing mandates trickle in — predictive care, digital trials, smart diagnostics.</div><div><br /></div><div>Your team can’t wait for “AI specialists.” but they need to <a href="https://weclouddata.com/corporate-training/?utm_source=newsletter&amp;utm_medium=email&amp;utm_campaign=saudi-healthcare">upskilled with AI</a> to become them. We’re helping Saudi orgs upskill now, fast —still open to a quick chat? Book your slot <a href="https://meetings.hubspot.com/warney/talk-to-wecloud-program-advisor?uuid=f772e830-c1fe-4c3a-af95-34b2bb557260&amp;utm_source=newsletter&amp;utm_medium=email&amp;utm_campaign=saudi-healthcare">HERE.</a></div><div><br /></div><div>Regards,</div><div>WeCloudData</div>') ON CONFLICT (campaign_id, step_index, variant_index) DO NOTHING;
INSERT INTO leads.instantly_campaign_contents (campaign_id, step_index, variant_index, subject, body) VALUES ('f58215b3-0ca5-4929-a92a-cae92313534b', 1, 1, '{{firstName}} you will find this helpful', '<div>{{firstName}} its me again,</div><div><br /></div><div>In case you are confused how would AI &amp; Cloud Computing would playout in a healthcare setting, we broke it down in a short blog — tools used, use cases: <a href="https://weclouddata.com/blog/cloud-computing-in-the-healthcare-industry/?utm_source=newsletter&amp;utm_medium=email&amp;utm_campaign=saudi-healthcare">link to blog</a></div><div><br /></div><div>Want me to send over a quick overview deck of we can help <a href="https://weclouddata.com/corporate-training/?utm_source=newsletter&amp;utm_medium=email&amp;utm_campaign=saudi-healthcare">upskill</a>  {{companyName}} employees?</div><div><br /></div><div>Best,</div><div>WeCloudData</div>') ON CONFLICT (campaign_id, step_index, variant_index) DO NOTHING;
INSERT INTO leads.instantly_campaign_steps (campaign_id, step_index, type, delay) VALUES ('f58215b3-0ca5-4929-a92a-cae92313534b', 2, 'email', 1) ON CONFLICT (campaign_id, step_index) DO NOTHING;
INSERT INTO leads.instantly_campaign_contents (campaign_id, step_index, variant_index, subject, body) VALUES ('f58215b3-0ca5-4929-a92a-cae92313534b', 2, 0, '', '<div>{{firstName}} </div><div><br /></div><div>We built a healthcare-focused <a href="https://weclouddata.com/corporate-training/?utm_source=newsletter&amp;utm_medium=email&amp;utm_campaign=saudi-healthcare">AI upskilling program</a> to close that gap — designed for frontline workers, admins, and medical leaders. short sessions. localized content. real use cases.</div><div><br /></div><div>It’s not about turning doctors into data scientists. It’s about helping them make better decisions, faster.</div><div><br /></div><div>— Lets <a href="https://meetings.hubspot.com/warney/talk-to-wecloud-program-advisor?uuid=f772e830-c1fe-4c3a-af95-34b2bb557260&amp;utm_source=newsletter&amp;utm_medium=email&amp;utm_campaign=saudi-healthcare">chat</a> next week?</div><div><br /></div><div>{{RANDOM | Best, | Regards, | Cheers,}}</div><div>WeCloudData</div><div><br /></div><div><br /></div>') ON CONFLICT (campaign_id, step_index, variant_index) DO NOTHING;
COMMIT;
-- End of record --

BEGIN;
INSERT INTO leads.instantly_campaigns ("id", "name", "status", "campaign_schedule", "timestamp_created", "timestamp_updated", "text_only", "email_list", "daily_limit", "stop_on_reply", "email_tag_list", "link_tracking", "open_tracking", "stop_on_auto_reply", "organization", "email_gap", "prioritize_new_leads", "auto_variant_select", "stop_for_company", "insert_unsubscribe_header") VALUES ('f2d57fe6-12f5-4b4d-ba30-589ddd1adb6a', 'Maliha- US Seattle Tech', 3, '{}', '2025-04-25T15:55:02.334Z', '2025-05-01T13:25:21.027Z', FALSE, '["louise.c@weclouddata.net", "louise.c@weclouddata.org", "louise.c@weclouddata.us", "louise.cheng@weclouddata.org", "louise.cheng@weclouddata.us", "louise@weclouddata.net", "louise@weclouddata.org", "louise@weclouddata.us", "louise_c@weclouddata.org", "louise_c@weclouddata.us"]', 300.0, TRUE, '[]', TRUE, TRUE, FALSE, 'f44277de-69b2-4bc3-a69c-28afd4094123', NULL, NULL, NULL, NULL, NULL) ON CONFLICT (id) DO NOTHING;
INSERT INTO leads.instantly_campaign_steps (campaign_id, step_index, type, delay) VALUES ('f2d57fe6-12f5-4b4d-ba30-589ddd1adb6a', 0, 'email', 5) ON CONFLICT (campaign_id, step_index) DO NOTHING;
INSERT INTO leads.instantly_campaign_contents (campaign_id, step_index, variant_index, subject, body) VALUES ('f2d57fe6-12f5-4b4d-ba30-589ddd1adb6a', 0, 0, 'AI at  {{companyName}}—just curious', '<div>{{firstName}} </div><div><br /></div><div>A lot of Seattle teams tell me they feel pressure to “use AI”... but no one’s really showing them how. There’s tools. Prompts. Deadlines. But no time to slow down.</div><div><br /></div><div>We help tech and non tech teams get past the overwhelm—with <a href="https://weclouddata.com/corporate-training/?utm_source=newsletter&amp;utm_medium=email&amp;utm_campaign=us-seattle" target="_blank">hands-on training</a> that’s fast, practical, and tied to real-world work (not just prompts).</div><div><br /></div><div>It’s helped others feel way more confident using AI. Has your team been feeling the pressure too? Happy to share how we’re helping others.</div><div><br /></div><div>{{RANDOM | Best, | Regards, | Cheers,}}</div><div>WeCloudData</div>') ON CONFLICT (campaign_id, step_index, variant_index) DO NOTHING;
INSERT INTO leads.instantly_campaign_contents (campaign_id, step_index, variant_index, subject, body) VALUES ('f2d57fe6-12f5-4b4d-ba30-589ddd1adb6a', 0, 1, '{{firstName}} your tech team is hiding this ', '<div>Hi {{firstName}},</div><div><br /></div><div>Some engineers tell me they’re “using AI”… but really? They’re guessing, trying things, and hoping it works. Under the surface, imposter syndrome is real.</div><div><br /></div><div>We work with smart, busy teams to help them feel <a href="https://weclouddata.com/corporate-training/?utm_source=newsletter&amp;utm_medium=email&amp;utm_campaign=us-seattle" target="_blank">confident using AI</a>—from coding to internal tools. It’s not about being a prompt wizard. It’s about saving time and doing it right.</div><div><br /></div><div>Think this kind of support might help {{companyName}} too? Happy to chat if so.</div><div><br /></div><div>Best,</div><div>WeCloudData</div>') ON CONFLICT (campaign_id, step_index, variant_index) DO NOTHING;
INSERT INTO leads.instantly_campaign_steps (campaign_id, step_index, type, delay) VALUES ('f2d57fe6-12f5-4b4d-ba30-589ddd1adb6a', 1, 'email', 2) ON CONFLICT (campaign_id, step_index) DO NOTHING;
INSERT INTO leads.instantly_campaign_contents (campaign_id, step_index, variant_index, subject, body) VALUES ('f2d57fe6-12f5-4b4d-ba30-589ddd1adb6a', 1, 0, '', '<div>{{firstName}} </div><div><br /></div><div>Open AI engineer reqs = $$$ or 6–12 months training your team to build with AI? Way faster. Way cheaper. Way more aligned to {{companyName}}.</div><div><br /></div><div>We help your engineers + ops folks become in-house AI operators—tools first, not theory-first.</div><div><br /></div><div>Curious to see a sample training plan?</div><div><br /></div><div>Regards,</div><div>WeCloudData</div>') ON CONFLICT (campaign_id, step_index, variant_index) DO NOTHING;
INSERT INTO leads.instantly_campaign_contents (campaign_id, step_index, variant_index, subject, body) VALUES ('f2d57fe6-12f5-4b4d-ba30-589ddd1adb6a', 1, 1, '{{firstName}} you might find this helpful', '<div>{{firstName}},</div><div><br /></div><div>Not here to pitch hard. Just wanted to offer a resource we give to clients—a short playbook on how to train your team to build with AI.</div><div><br /></div><div>If {{companyName}} is feeling the pressure to “do more with AI” but doesn’t know where to start—this could help.</div><div><br /></div><div>Want me to send it over?</div><div><br /></div><div>Best,</div><div>WeCloudData</div>') ON CONFLICT (campaign_id, step_index, variant_index) DO NOTHING;
INSERT INTO leads.instantly_campaign_steps (campaign_id, step_index, type, delay) VALUES ('f2d57fe6-12f5-4b4d-ba30-589ddd1adb6a', 2, 'email', 1) ON CONFLICT (campaign_id, step_index) DO NOTHING;
INSERT INTO leads.instantly_campaign_contents (campaign_id, step_index, variant_index, subject, body) VALUES ('f2d57fe6-12f5-4b4d-ba30-589ddd1adb6a', 2, 0, '{{firstName}} thoughts?', '<div> {{firstName}} </div><div><br /></div><div>Dropping one last note—this kind of <a href="https://weclouddata.com/corporate-training/?utm_source=newsletter&amp;utm_medium=email&amp;utm_campaign=us-seattle" target="_blank">AI training’s</a> already unlocking fast wins at Bell and others in your space.</div><div><br /></div><div>Want me to send you the AI team training blueprint?</div><div><br /></div><div>{{RANDOM | Best, | Regards, | Cheers,}}</div><div>WeCloudData</div>') ON CONFLICT (campaign_id, step_index, variant_index) DO NOTHING;
COMMIT;
-- End of record --

BEGIN;
INSERT INTO leads.instantly_campaigns ("id", "name", "status", "campaign_schedule", "timestamp_created", "timestamp_updated", "text_only", "email_list", "daily_limit", "stop_on_reply", "email_tag_list", "link_tracking", "open_tracking", "stop_on_auto_reply", "organization", "email_gap", "prioritize_new_leads", "auto_variant_select", "stop_for_company", "insert_unsubscribe_header") VALUES ('f207fcb1-0054-4985-9026-c705975fd6a7', 'Warney - Accounting background', 3, '{}', '2025-01-07T21:17:32.223Z', '2025-01-07T21:22:59.201Z', FALSE, '["warney.s@weclouddataacademy.com", "warney.s@weclouddata-corp.com", "w.sarkiss@wecloudtraining.com", "warney.s@wecloudtraining.com", "w.sarkiss@weclouddata-corp.com", "w.sarkis@weclouddataacademy.com", "w.sarkis@weclouddata-corp.com", "w.sarkis@wecloudtraining.com", "w.sarkiss@weclouddataacademy.com", "warney.sarkis@weclouddata-corp.com", "warney.sarkis@weclouddataacademy.com", "warney.sarkis@wecloudtraining.com"]', 360.0, TRUE, '[]', TRUE, TRUE, FALSE, 'f44277de-69b2-4bc3-a69c-28afd4094123', NULL, NULL, NULL, NULL, NULL) ON CONFLICT (id) DO NOTHING;
INSERT INTO leads.instantly_campaign_steps (campaign_id, step_index, type, delay) VALUES ('f207fcb1-0054-4985-9026-c705975fd6a7', 0, 'email', 5) ON CONFLICT (campaign_id, step_index) DO NOTHING;
INSERT INTO leads.instantly_campaign_contents (campaign_id, step_index, variant_index, subject, body) VALUES ('f207fcb1-0054-4985-9026-c705975fd6a7', 0, 0, 'Transform Accounting with Data Analytics Skills', '<div>Hi {{firstName}} ,&nbsp;</div><div><br></div><div>I hope this message finds you well. I&rsquo;m excited to share an opportunity designed for accounting professionals to enhance their expertise through our&nbsp;Data Analyst Bootcamp.</div><div><br></div><div>This hands-on program equips participants with data analytics skills tailored to the accounting field, enabling them to streamline financial processes, uncover insights, and make data-driven decisions.</div><div><br></div><div>Why This Bootcamp is Ideal for Accounting Professionals:</div><div><br></div><ul style="font-style: normal; font-variant-caps: normal; font-weight: 400; letter-spacing: normal; orphans: auto; text-align: start; text-indent: 0px; text-transform: none; white-space: normal; widows: auto; word-spacing: 0px; -webkit-text-stroke-width: 0px; text-decoration: none; caret-color: rgb(0, 0, 0); color: rgb(0, 0, 0);"><li>Actionable Insights:&nbsp;Learn to analyze financial data and uncover trends that drive business decisions.</li><li>Essential Tools:&nbsp;Gain proficiency in Excel, SQL, and Power BI for advanced data analysis.</li><li>Practical Applications:&nbsp;Work on real-world accounting challenges to apply new skills immediately.</li><li>Flexible Options:&nbsp;Participate virtually or in-person, and use your company&rsquo;s training budget to make it even more accessible.</li></ul><div><a href="https://weclouddata.com/courses/online/data-analytics-track/" target="_blank">Want to know more?</a></div><div><br></div><div>Would you be open to a quick conversation to explore how this Bootcamp could benefit your team? I&rsquo;d be happy to provide more details and answer any questions.</div><div><br></div><div><a href="https://meetings.hubspot.com/warney" target="_blank">Book a meeting with me!</a></div><div><br></div><div>Looking forward to connecting!</div><div><br></div><div>Best regards,</div>') ON CONFLICT (campaign_id, step_index, variant_index) DO NOTHING;
INSERT INTO leads.instantly_campaign_steps (campaign_id, step_index, type, delay) VALUES ('f207fcb1-0054-4985-9026-c705975fd6a7', 1, 'email', 1) ON CONFLICT (campaign_id, step_index) DO NOTHING;
INSERT INTO leads.instantly_campaign_contents (campaign_id, step_index, variant_index, subject, body) VALUES ('f207fcb1-0054-4985-9026-c705975fd6a7', 1, 0, ' Last Chance to Upskill Your Accounting Team with Data Analytics', '<div >Hi {{firstName}} ,&nbsp;</div><div><br></div><div>I wanted to follow up one last time about our&nbsp;Data Analyst Bootcamp, designed to help accounting professionals gain the skills they need to excel in today&rsquo;s data-driven world.</div><div><br></div><div>This program focuses on teaching actionable skills like financial data analysis, advanced Excel techniques, SQL, and Power BI&mdash;empowering your team to uncover insights, streamline processes, and make data-driven decisions.</div><div><br></div><div>Want to know more info? <a href="https://weclouddata.com/courses/online/data-analytics-track/" target="_blank">CLICK HERE!</a></div><div><br></div><div>Seats are filling quickly, and with the option to use your company&rsquo;s training budget, this is a timely and accessible way to invest in your team&rsquo;s growth.</div><div><br></div><div>Would you like to discuss next steps or have any last questions? I&rsquo;d be happy to help.</div><div><br></div><div>Book a meeting with me <a href="https://meetings.hubspot.com/warney" target="_blank">HERE!</a></div><div><br></div><div>Don&rsquo;t miss out on this opportunity to empower your accounting team with in-demand analytics skills!</div><div><br></div><div>Best regards,</div>') ON CONFLICT (campaign_id, step_index, variant_index) DO NOTHING;
COMMIT;
-- End of record --

BEGIN;
INSERT INTO leads.instantly_campaigns ("id", "name", "status", "campaign_schedule", "timestamp_created", "timestamp_updated", "text_only", "email_list", "daily_limit", "stop_on_reply", "email_tag_list", "link_tracking", "open_tracking", "stop_on_auto_reply", "organization", "email_gap", "prioritize_new_leads", "auto_variant_select", "stop_for_company", "insert_unsubscribe_header") VALUES ('eb04ed67-f72e-48f6-9523-8430a942bb02', 'Maliha- Saudi Banking', 1, '{"schedules": [{"name": "New schedule", "timing": {"from": "09:00", "to": "17:00"}, "days": {"1": true, "2": true, "3": true, "4": true, "5": true}, "timezone": "Asia/Aden"}], "start_date": "", "end_date": ""}', '2025-06-13T17:12:38.175Z', '2025-06-13T20:09:39.455Z', FALSE, '["louise.c@weclouddata.org", "louise.c@weclouddata.net", "louise.c@weclouddata.us", "louise@weclouddata.org", "louise@weclouddata.us", "louise@weclouddata.net", "louise_c@weclouddata.org", "louise_c@weclouddata.us", "louise.cheng@weclouddata.org", "louise.cheng@weclouddata.us"]', 300.0, TRUE, '[]', TRUE, TRUE, FALSE, 'f44277de-69b2-4bc3-a69c-28afd4094123', NULL, NULL, NULL, NULL, NULL) ON CONFLICT (id) DO NOTHING;
INSERT INTO leads.instantly_campaign_steps (campaign_id, step_index, type, delay) VALUES ('eb04ed67-f72e-48f6-9523-8430a942bb02', 0, 'email', 5) ON CONFLICT (campaign_id, step_index) DO NOTHING;
INSERT INTO leads.instantly_campaign_contents (campaign_id, step_index, variant_index, subject, body) VALUES ('eb04ed67-f72e-48f6-9523-8430a942bb02', 0, 0, '{{companyName}} x AI?', '<div>Hi {{firstName}},</div><div><br /></div><div>Have you wondered how AI is reshaping finance?— Its detecting fraud, driving algorithmic trades, automating lending, and personalizing customer service. It’s faster and smarter—but also harder to control.</div><div><br /></div><div>That’s why Saudi banks are investing in internal AI capability, not just tools—so they can innovate responsibly and stay in control.</div><div><br /></div><div>WeCloudData helps global banks <a href="https://weclouddata.com/corporate-training/?utm_source=newsletter&amp;utm_medium=email&amp;utm_campaign=saudi-banking">upskill teams</a> across data, risk, and product—so they''re not stuck relying on vendors.</div><div><br /></div><div>Are you exploring internal AI enablement at {{companyName}} this year?</div><div><br /></div><div>Regards,</div><div>WeCloudData</div><div><br /></div><div>P.S. We helped Scotiabank and China Construction Bank build internal AI teams—without scaling headcount or disrupting operations.</div>') ON CONFLICT (campaign_id, step_index, variant_index) DO NOTHING;
INSERT INTO leads.instantly_campaign_contents (campaign_id, step_index, variant_index, subject, body) VALUES ('eb04ed67-f72e-48f6-9523-8430a942bb02', 0, 1, 'Are your teams Vision 2030- AI ready?', '<div><br /></div><div>{{Hi | Aoa}} {{firstName}} </div><div><br /></div><div>We {{work with|partner with|assist}} financial institutions across the Kingdom to redefine digital customer experiences—particularly around {{customer onboarding and data analytics|mobile app engagement and backend automation|secure payments and AI-driven personalization}}.</div><div><br /></div><div>Many banks we speak with are aligning their innovation roadmaps to Vision 2030’s digital transformation goals—but struggle with fragmented legacy systems, poor CX metrics, or under-leveraged data.</div><div><br /></div><div>{{Would you be open to a <a href="https://meetings.hubspot.com/warney/talk-to-wecloud-program-advisor?uuid=f772e830-c1fe-4c3a-af95-34b2bb557260&amp;utm_source=newsletter&amp;utm_medium=email&amp;utm_campaign=saudi-banking">15-minute call</a> next week to explore whether this is relevant to {{companyName}}?|Happy to share more if improving CX and data use is a current priority.}}</div><div><br /></div><div>Best regards, </div><div>WeCloudData</div>') ON CONFLICT (campaign_id, step_index, variant_index) DO NOTHING;
INSERT INTO leads.instantly_campaign_steps (campaign_id, step_index, type, delay) VALUES ('eb04ed67-f72e-48f6-9523-8430a942bb02', 1, 'email', 2) ON CONFLICT (campaign_id, step_index) DO NOTHING;
INSERT INTO leads.instantly_campaign_contents (campaign_id, step_index, variant_index, subject, body) VALUES ('eb04ed67-f72e-48f6-9523-8430a942bb02', 1, 0, 'how {{companyName}} can keep fraud in check', '<div>Hi {{firstName}} </div><div><br /></div><div>Bank fraud is like a stubborn bug – it keeps changing and trying new tricks! I know many banks worry about scale &amp; accuracy. False alerts overwhelm teams, making it harder to detect what actually matters.</div><div><br /></div><div>Our <a href="https://weclouddata.com/blog/fraud-detection-in-the-banking-industry-leveraging-machine-learning-for-credit-card-fraud-detection/">recent blog</a> walks through how AI and machine learning can detect anomalies in real time, reduce false positives, and help banks adapt faster than manually coded rules can ever keep up. </div><div><br /></div><div>Could this kind of upskilling help {{companyName}} better support fraud or compliance teams?</div><div><br /></div><div>Regards,</div><div>WeCloudData</div>') ON CONFLICT (campaign_id, step_index, variant_index) DO NOTHING;
INSERT INTO leads.instantly_campaign_steps (campaign_id, step_index, type, delay) VALUES ('eb04ed67-f72e-48f6-9523-8430a942bb02', 2, 'email', 1) ON CONFLICT (campaign_id, step_index) DO NOTHING;
INSERT INTO leads.instantly_campaign_contents (campaign_id, step_index, variant_index, subject, body) VALUES ('eb04ed67-f72e-48f6-9523-8430a942bb02', 2, 0, '', '<div>Hi {{firstName}} </div><div><br /></div><div>Just checking that my email didn''t landed in spam, I know you might be busy but I believe we can help relive {{companyName}}''s manual burden. </div><div><br /></div><div>We have successfully helped <a href="https://weclouddata.com/corporate-training/?utm_source=newsletter&amp;utm_medium=email&amp;utm_campaign=saudi-banking">upskill other banks</a> e.g. China Construction Bank, Scotiabank and more into learning &amp; applying tools in-house that are relevant to the banking industry.</div><div><br /></div><div>Want to have <a href="https://meetings.hubspot.com/warney/talk-to-wecloud-program-advisor?uuid=f772e830-c1fe-4c3a-af95-34b2bb557260&amp;utm_source=newsletter&amp;utm_medium=email&amp;utm_campaign=saudi-banking">quick chat next week</a> of we can support {{companyName}} deploying AI?</div><div><br /></div><div>Best,</div><div>WeCloudData</div>') ON CONFLICT (campaign_id, step_index, variant_index) DO NOTHING;
INSERT INTO leads.instantly_campaign_steps (campaign_id, step_index, type, delay) VALUES ('eb04ed67-f72e-48f6-9523-8430a942bb02', 3, 'email', 1) ON CONFLICT (campaign_id, step_index) DO NOTHING;
INSERT INTO leads.instantly_campaign_contents (campaign_id, step_index, variant_index, subject, body) VALUES ('eb04ed67-f72e-48f6-9523-8430a942bb02', 3, 0, '', '<div>Hey {{firstName}} </div><div><br /></div><div>I know your schedule is crazy busy. I reached out a bit ago about how WeCloudData helps banks use <a href="https://weclouddata.com/corporate-training/?utm_source=newsletter&amp;utm_medium=email&amp;utm_campaign=saudi-banking">AI</a> to solve big problems – like speeding things up, making customers happier, or boosting security.</div><div><br /></div><div>No pressure at all, but even a quick <a href="https://meetings.hubspot.com/warney/talk-to-wecloud-program-advisor?uuid=f772e830-c1fe-4c3a-af95-34b2bb557260&amp;utm_source=newsletter&amp;utm_medium=email&amp;utm_campaign=saudi-banking">10-minute chat</a> could spark an idea that makes a real difference for {{companyName}}.</div><div><br /></div><div>Best,</div><div>WeCloudData</div>') ON CONFLICT (campaign_id, step_index, variant_index) DO NOTHING;
COMMIT;
-- End of record --

BEGIN;
INSERT INTO leads.instantly_campaigns ("id", "name", "status", "campaign_schedule", "timestamp_created", "timestamp_updated", "text_only", "email_list", "daily_limit", "stop_on_reply", "email_tag_list", "link_tracking", "open_tracking", "stop_on_auto_reply", "organization", "email_gap", "prioritize_new_leads", "auto_variant_select", "stop_for_company", "insert_unsubscribe_header") VALUES ('e75c5871-8523-4ebb-9ff3-d3777a87a8f5', 'Maliha- Canada Healthcare Followup', 3, '{}', '2025-05-14T16:57:22.138Z', '2025-05-15T16:39:58.412Z', FALSE, '["louise.c@weclouddata.net", "louise.c@weclouddata.org", "louise.c@weclouddata.us", "louise.cheng@weclouddata.org", "louise.cheng@weclouddata.us", "louise@weclouddata.net", "louise@weclouddata.org", "louise@weclouddata.us", "louise_c@weclouddata.org", "louise_c@weclouddata.us"]', 300.0, TRUE, '[]', TRUE, TRUE, FALSE, 'f44277de-69b2-4bc3-a69c-28afd4094123', NULL, NULL, NULL, NULL, NULL) ON CONFLICT (id) DO NOTHING;
INSERT INTO leads.instantly_campaign_steps (campaign_id, step_index, type, delay) VALUES ('e75c5871-8523-4ebb-9ff3-d3777a87a8f5', 0, 'email', 5) ON CONFLICT (campaign_id, step_index) DO NOTHING;
INSERT INTO leads.instantly_campaign_contents (campaign_id, step_index, variant_index, subject, body) VALUES ('e75c5871-8523-4ebb-9ff3-d3777a87a8f5', 0, 0, 'Quick question {{firstName}}', '<div>Hey {{firstName}},</div><div><br /></div><div>Pharm’s real Gen AI challenge isn’t adoption — it’s activation.</div><div><br /></div><div>{{companyName}} team might already have access to tools. but if they’re not trained to use them in context (regulatory, qc)… nothing moves.</div><div><br /></div><div>WeCloudData can bring your team up to speed with tailored, workflow-ready <a href="https://weclouddata.com/corporate-training/?utm_source=newsletter&amp;utm_medium=email&amp;utm_campaign=canada-pharma-follow-up">AI training.</a> Want to <a href="https://meetings.hubspot.com/warney/talk-to-wecloud-program-advisor?uuid=f772e830-c1fe-4c3a-af95-34b2bb557260&amp;utm_source=newsletter&amp;utm_medium=email&amp;utm_campaign=canada-pharma-follow-up">chat</a> what that could look like for {{companyName}}?</div><div><br /></div><div>{{RANDOM | Best, | Regards, | Cheers,}}</div><div>WeCloudData</div>') ON CONFLICT (campaign_id, step_index, variant_index) DO NOTHING;
INSERT INTO leads.instantly_campaign_contents (campaign_id, step_index, variant_index, subject, body) VALUES ('e75c5871-8523-4ebb-9ff3-d3777a87a8f5', 0, 1, '{{firstName}} are you still exploring AI?', '<div>{{firstName}},</div><div><br /></div><div>Looping back — wasn’t sure if it’s timing, inbox overload, or AI fatigue (all fair).</div><div><br /></div><div>But we’re seeing pharm orgs move quick on training their people before investing in big tools or hires. We design <a href="https://weclouddata.com/corporate-training/?utm_source=newsletter&amp;utm_medium=email&amp;utm_campaign=canada-pharma-follow-up">custom upskilling programs</a> that fit: 1) your roles 2) your workflows 3) your budget structure (we accept company funding for upskilling).</div><div><br /></div><div>No pressure — just let me know if you''d still like to see 2 min personalized demo for {{companyName}}.</div><div><br /></div><div>{{RANDOM | Best, | Regards, | Cheers,}}</div><div>WeCloudData</div>') ON CONFLICT (campaign_id, step_index, variant_index) DO NOTHING;
INSERT INTO leads.instantly_campaign_steps (campaign_id, step_index, type, delay) VALUES ('e75c5871-8523-4ebb-9ff3-d3777a87a8f5', 1, 'email', 2) ON CONFLICT (campaign_id, step_index) DO NOTHING;
INSERT INTO leads.instantly_campaign_contents (campaign_id, step_index, variant_index, subject, body) VALUES ('e75c5871-8523-4ebb-9ff3-d3777a87a8f5', 1, 0, '', '<div>{{firstName}},</div><div><br /></div><div>Regulatory teams today are buried — too many submissions, tight timelines, and rising documentation demands.</div><div><br /></div><div>AI can help with review, QC, and even first-draft generation — but only if the team knows how to work with it.</div><div><br /></div><div>We can help you <a href="https://weclouddata.com/corporate-training/?utm_source=newsletter&amp;utm_medium=email&amp;utm_campaign=canada-pharma-follow-up">upskill</a> while accepting <strong>company funding</strong>- Want to see a rollout plan before Q3 planning kicks in?</div><div><br /></div><div>{{RANDOM | Best, | Regards, | Cheers,}}</div><div>WeCloudData</div>') ON CONFLICT (campaign_id, step_index, variant_index) DO NOTHING;
INSERT INTO leads.instantly_campaign_contents (campaign_id, step_index, variant_index, subject, body) VALUES ('e75c5871-8523-4ebb-9ff3-d3777a87a8f5', 1, 1, 'Scared of compliance risk w/AI?', '<div>{{firstName}},</div><div><br /></div><div>A lot of pharma companies are avoiding AI because they’re afraid of compliance risk. But here’s the irony: the bigger risk is letting untrained teams use it anyway.</div><div><br /></div><div>Worth <a href="https://weclouddata.com/corporate-training/?utm_source=newsletter&amp;utm_medium=email&amp;utm_campaign=canada-pharma-follow-up">a chat</a> about how we could support {{companyName}}?</div><div><br /></div><div>Best,</div><div>WeCloudData</div>') ON CONFLICT (campaign_id, step_index, variant_index) DO NOTHING;
INSERT INTO leads.instantly_campaign_steps (campaign_id, step_index, type, delay) VALUES ('e75c5871-8523-4ebb-9ff3-d3777a87a8f5', 2, 'email', 1) ON CONFLICT (campaign_id, step_index) DO NOTHING;
INSERT INTO leads.instantly_campaign_contents (campaign_id, step_index, variant_index, subject, body) VALUES ('e75c5871-8523-4ebb-9ff3-d3777a87a8f5', 2, 0, '', '<div>{{firstName}},</div><div><br /></div><div>Still thinking through how AI fits into {{companyName}}’s day-to-day?</div><div><br /></div><div>We’re helping other pharma teams <a href="https://weclouddata.com/corporate-training/?utm_source=newsletter&amp;utm_medium=email&amp;utm_campaign=canada-pharma-follow-up">upskill fast</a> — regulatory, clinical, med affairs — all covered. Custom tracks. pharma workflows. L&amp;D-friendly.</div><div><br /></div><div>Should I send a quick overview? Or you can book a meeting: <a href="https://weclouddata.com/corporate-training/?utm_source=newsletter&amp;utm_medium=email&amp;utm_campaign=canada-pharma-follow-up">HERE.</a></div><div><br /></div><div>Best,</div><div>WeCloudData</div>') ON CONFLICT (campaign_id, step_index, variant_index) DO NOTHING;
COMMIT;
-- End of record --

BEGIN;
INSERT INTO leads.instantly_campaigns ("id", "name", "status", "campaign_schedule", "timestamp_created", "timestamp_updated", "text_only", "email_list", "daily_limit", "stop_on_reply", "email_tag_list", "link_tracking", "open_tracking", "stop_on_auto_reply", "organization", "email_gap", "prioritize_new_leads", "auto_variant_select", "stop_for_company", "insert_unsubscribe_header") VALUES ('e48fcb3d-13fd-43ad-8bcd-8b98bddd70f5', 'Louise - Cofunder GenAI_US', 0, '{}', '2025-03-27T17:20:40.906Z', '2025-03-27T17:20:40.906Z', FALSE, '["w.sarkis@weclouddataacademy.com", "w.sarkis@wecloudtraining.com", "w.sarkiss@weclouddata-corp.com", "w.sarkiss@weclouddataacademy.com", "w.sarkiss@wecloudtraining.com", "warney.s@weclouddata-corp.com", "warney.s@wecloudtraining.com", "warney.sarkis@weclouddataacademy.com", "warney.sarkis@weclouddata-corp.com", "warney.sarkis@wecloudtraining.com"]', 300.0, TRUE, '[]', TRUE, TRUE, FALSE, 'f44277de-69b2-4bc3-a69c-28afd4094123', NULL, NULL, NULL, NULL, NULL) ON CONFLICT (id) DO NOTHING;
INSERT INTO leads.instantly_campaign_steps (campaign_id, step_index, type, delay) VALUES ('e48fcb3d-13fd-43ad-8bcd-8b98bddd70f5', 0, 'email', 6) ON CONFLICT (campaign_id, step_index) DO NOTHING;
INSERT INTO leads.instantly_campaign_contents (campaign_id, step_index, variant_index, subject, body) VALUES ('e48fcb3d-13fd-43ad-8bcd-8b98bddd70f5', 0, 0, 'Quick Question, {{firstName}}!', '<div>Hi {{firstName}} ,</div><div><br /></div><div>I know you’re busy, so I’ll keep this short—no cold pitch here.</div><div><br /></div><div>We’re hosting an exclusive Leaders’ Generative AI Session at WeCloudData, designed for executives looking to stay ahead in the AI revolution. </div><div><br /></div><div>You’ll gain:</div><div>✅ Real-world applications of GenAI for business growth</div><div>✅ Strategies for integrating AI into your organization</div><div>✅ Insights from industry experts and top leaders</div><div><br /></div><div>Would you be open to joining us? Happy to share more details.</div><div><br /></div><div>Want to know more? <a href="https://share.hsforms.com/2tlopUCLQRLKbRcIyf1wOfQ44nue" target="_blank">CLICK HERE!</a></div><div><br /></div><div>Looking forward to your thoughts!</div><div><br /></div><div>Best,</div>') ON CONFLICT (campaign_id, step_index, variant_index) DO NOTHING;
INSERT INTO leads.instantly_campaign_steps (campaign_id, step_index, type, delay) VALUES ('e48fcb3d-13fd-43ad-8bcd-8b98bddd70f5', 1, 'email', 1) ON CONFLICT (campaign_id, step_index) DO NOTHING;
INSERT INTO leads.instantly_campaign_contents (campaign_id, step_index, variant_index, subject, body) VALUES ('e48fcb3d-13fd-43ad-8bcd-8b98bddd70f5', 1, 0, '', '<div>Hi {{firstName}},</div><div><br /></div><div>Just wanted to follow up on my last note. I know schedules get busy, but I’d love to have you join our Leaders’ Generative AI Session at WeCloudData.</div><div><br /></div><div>It’s a no-pitch, high-value discussion on how executives are leveraging GenAI to drive innovation and efficiency. </div><div><br /></div><div>You’ll gain:</div><div>✅ Real-world GenAI applications for business growth</div><div>✅ Strategies for integrating AI into your organization</div><div>✅ Insights from industry experts and top leaders</div><div><br /></div><div>Would you be open to joining us? Happy to send more details or find a time to chat.</div><div><br /></div><div>Looking forward to your thoughts!</div><div><br /></div><div>Best,</div>') ON CONFLICT (campaign_id, step_index, variant_index) DO NOTHING;
COMMIT;
-- End of record --

BEGIN;
INSERT INTO leads.instantly_campaigns ("id", "name", "status", "campaign_schedule", "timestamp_created", "timestamp_updated", "text_only", "email_list", "daily_limit", "stop_on_reply", "email_tag_list", "link_tracking", "open_tracking", "stop_on_auto_reply", "organization", "email_gap", "prioritize_new_leads", "auto_variant_select", "stop_for_company", "insert_unsubscribe_header") VALUES ('e3929192-25ff-4528-9a0d-dc216a93b7d8', 'Warney Data Engineer Target', 3, '{"schedules": [{"name": "Weekday Schedule", "timing": {"from": "09:00", "to": "17:00"}, "days": {"1": true, "2": true, "3": true, "4": true, "5": true}, "timezone": "America/Detroit"}], "start_date": "2025-04-15T16:43:09.647Z", "end_date": "2025-05-15T16:43:09.647Z"}', '2025-04-21T21:30:34.238Z', '2025-04-21T21:31:45.336Z', FALSE, '["w.sarkis@wecloudtraining.com", "w.sarkis@weclouddataacademy.com"]', 60.0, TRUE, '[]', TRUE, TRUE, FALSE, 'f44277de-69b2-4bc3-a69c-28afd4094123', NULL, NULL, NULL, NULL, NULL) ON CONFLICT (id) DO NOTHING;
INSERT INTO leads.instantly_campaign_steps (campaign_id, step_index, type, delay) VALUES ('e3929192-25ff-4528-9a0d-dc216a93b7d8', 0, 'email', 0) ON CONFLICT (campaign_id, step_index) DO NOTHING;
INSERT INTO leads.instantly_campaign_contents (campaign_id, step_index, variant_index, subject, body) VALUES ('e3929192-25ff-4528-9a0d-dc216a93b7d8', 0, 0, 'Elevate Your Data Engineering Skills with BeamData''s AI Bootcamp {{firstName}} ', '<div>Hi {{firstName}} , </div><div><br /></div><div>As a Data Engineer driving critical data initiatives in the financial sector, staying ahead with the latest AI techniques is key to unlocking new value. </div><div><br /></div><div>At WeCloudData, we''ve designed a focused AI Bootcamp tailored specifically for data engineers like you-combining hands-on learning with practical applications in data engineering, machine learning, and GenAI. </div><div><br /></div><div>Whether you''re looking to sharpen your skills in scalable cloud platforms, lakehouse architecture, or predictive analytics, our program helps you upskill quickly and apply AI solutions that move the needle. Interested in exploring how our AI Bootcamp can empower your role and boost your team''s impact? </div><div><br /></div><div>Let''s connect! Best regards, </div><div><br /></div><div>Warney WeCloudData | AI Consulting for Financial Innovators</div>') ON CONFLICT (campaign_id, step_index, variant_index) DO NOTHING;
COMMIT;
-- End of record --

BEGIN;
INSERT INTO leads.instantly_campaigns ("id", "name", "status", "campaign_schedule", "timestamp_created", "timestamp_updated", "text_only", "email_list", "daily_limit", "stop_on_reply", "email_tag_list", "link_tracking", "open_tracking", "stop_on_auto_reply", "organization", "email_gap", "prioritize_new_leads", "auto_variant_select", "stop_for_company", "insert_unsubscribe_header") VALUES ('e0b2201c-d844-4713-8001-734bf0f3936f', 'Louise_Data Science Manager_Canada', 3, '{}', '2025-01-03T23:04:36.612Z', '2025-02-28T18:00:18.949Z', FALSE, '["louise.c@weclouddata.net", "louise.c@weclouddata.org", "louise.c@weclouddata.us", "louise.cheng@weclouddata.org", "louise.cheng@weclouddata.us", "louise@weclouddata.net", "louise@weclouddata.org", "louise@weclouddata.us", "louise_c@weclouddata.org", "louise_c@weclouddata.us"]', 300.0, TRUE, '[]', TRUE, TRUE, FALSE, 'f44277de-69b2-4bc3-a69c-28afd4094123', NULL, NULL, NULL, NULL, NULL) ON CONFLICT (id) DO NOTHING;
INSERT INTO leads.instantly_campaign_steps (campaign_id, step_index, type, delay) VALUES ('e0b2201c-d844-4713-8001-734bf0f3936f', 0, 'email', 1) ON CONFLICT (campaign_id, step_index) DO NOTHING;
INSERT INTO leads.instantly_campaign_contents (campaign_id, step_index, variant_index, subject, body) VALUES ('e0b2201c-d844-4713-8001-734bf0f3936f', 0, 0, 'Ready to Unlock Your Team’s AI Potential?', '<div>Hi&nbsp;{{firstName}} ,</div><div><br></div><div><a href="http://www.weclouddata.com" target="_blank">WeCloudData</a> specializes in corporate training to empower teams in AI, data science, and engineering. Recently, we launched a program that trained 400 employees across research centers, completing 300 capstone projects that showcased practical applications of their skills.</div><div><br></div><div>Would you like to explore how we can create similar success for your team?</div><div><br></div><div>Best regards,</div><div>Louise</div>') ON CONFLICT (campaign_id, step_index, variant_index) DO NOTHING;
INSERT INTO leads.instantly_campaign_steps (campaign_id, step_index, type, delay) VALUES ('e0b2201c-d844-4713-8001-734bf0f3936f', 1, 'email', 1) ON CONFLICT (campaign_id, step_index) DO NOTHING;
INSERT INTO leads.instantly_campaign_contents (campaign_id, step_index, variant_index, subject, body) VALUES ('e0b2201c-d844-4713-8001-734bf0f3936f', 1, 0, '', '<div>Hi&nbsp;{{firstName}} ,</div><div><br></div><div >Following up to share how <a href="http://www.weclouddata.com" target="_blank">WeCloudData</a> can help upskill your team. Our recent program trained 400 employees and delivered 300 impactful capstone projects, demonstrating the real-world value of our training.</div><div><br></div><div>Let me know if you&#39;d like to discuss how we can customize a program for your team.</div><div><br></div><div>Best regards,</div><div>Louise</div>') ON CONFLICT (campaign_id, step_index, variant_index) DO NOTHING;
COMMIT;
-- End of record --

BEGIN;
INSERT INTO leads.instantly_campaigns ("id", "name", "status", "campaign_schedule", "timestamp_created", "timestamp_updated", "text_only", "email_list", "daily_limit", "stop_on_reply", "email_tag_list", "link_tracking", "open_tracking", "stop_on_auto_reply", "organization", "email_gap", "prioritize_new_leads", "auto_variant_select", "stop_for_company", "insert_unsubscribe_header") VALUES ('dfc5278a-8cec-4147-a1ed-b2c496ddbdd3', 'Maliha- UAE Government Agencies', 1, '{"schedules": [{"name": "New schedule", "timing": {"from": "09:00", "to": "17:00"}, "days": {"1": true, "2": true, "3": true, "4": true, "5": true}, "timezone": "Asia/Dubai"}], "start_date": "", "end_date": ""}', '2025-06-04T18:10:29.629Z', '2025-06-10T07:38:11.598Z', FALSE, '["louise.c@weclouddata.org", "louise.c@weclouddata.us", "louise.cheng@weclouddata.org", "louise.c@weclouddata.net", "louise.cheng@weclouddata.us", "louise@weclouddata.net", "louise@weclouddata.org", "louise_c@weclouddata.org", "louise_c@weclouddata.us", "louise@weclouddata.us"]', 300.0, TRUE, '[]', TRUE, TRUE, FALSE, 'f44277de-69b2-4bc3-a69c-28afd4094123', NULL, NULL, NULL, NULL, NULL) ON CONFLICT (id) DO NOTHING;
INSERT INTO leads.instantly_campaign_steps (campaign_id, step_index, type, delay) VALUES ('dfc5278a-8cec-4147-a1ed-b2c496ddbdd3', 0, 'email', 5) ON CONFLICT (campaign_id, step_index) DO NOTHING;
INSERT INTO leads.instantly_campaign_contents (campaign_id, step_index, variant_index, subject, body) VALUES ('dfc5278a-8cec-4147-a1ed-b2c496ddbdd3', 0, 0, 'AI in government: it starts with your team', '<div>Hi {{firstName}} ,</div><div><br /></div><div>I saw that one of UAE vision is now to have Abu Dhabi’s 2027 goal to become the first AI-native government which is bold. The real issue implementing it? Making sure people know how to use it.</div><div><br /></div><div>We’ve seen projects stall not because of the tech, but because teams weren’t trained. That’s where we come in—helping <a href="https://weclouddata.com/corporate-training/?utm_source=newsletter&amp;utm_medium=email&amp;utm_campaign=uae-govt">teams upskill staff</a>, roll out simple tools that boost efficiency, and build internal capability so you’re not always relying on vendors.</div><div><br /></div><div>Imagine your team leading that shift—with confidence.</div><div><br /></div><div>Want to see what a realistic starting point looks like? Happy to share a quick roadmap.</div><div><br /></div><div>Regards,</div><div>WeCloudData</div>') ON CONFLICT (campaign_id, step_index, variant_index) DO NOTHING;
INSERT INTO leads.instantly_campaign_steps (campaign_id, step_index, type, delay) VALUES ('dfc5278a-8cec-4147-a1ed-b2c496ddbdd3', 1, 'email', 2) ON CONFLICT (campaign_id, step_index) DO NOTHING;
INSERT INTO leads.instantly_campaign_contents (campaign_id, step_index, variant_index, subject, body) VALUES ('dfc5278a-8cec-4147-a1ed-b2c496ddbdd3', 1, 0, '', '<div>Hey {{firstName}} </div><div><br /></div><div>For a team like {{companyName}}, AI doesn’t need to be a huge leap—it can just make the day-to-day easier. Think:</div><div><br /></div><div>- Individuals getting 24/7 answers/scheduling meetings from chatbots (so your inbox doesn’t explode) - Documents that sort and summarize themselves - Smarter planning with data you already have</div><div><br /></div><div>We’ve helped other teams like Govt of Canada, Universities like Calgary to roll this out—with <a href="https://weclouddata.com/corporate-training/?utm_source=newsletter&amp;utm_medium=email&amp;utm_campaign=uae-govt">training that sticks</a>. Interested? Book<a href="https://meetings.hubspot.com/warney/talk-to-wecloud-program-advisor?uuid=f772e830-c1fe-4c3a-af95-34b2bb557260&amp;utm_source=newsletter&amp;utm_medium=email&amp;utm_campaign=uae-govt"> HERE</a> for a quick chat.</div>') ON CONFLICT (campaign_id, step_index, variant_index) DO NOTHING;
INSERT INTO leads.instantly_campaign_contents (campaign_id, step_index, variant_index, subject, body) VALUES ('dfc5278a-8cec-4147-a1ed-b2c496ddbdd3', 1, 1, '', '<div>Hi {{firstName}} ,</div><div><br /></div><div>Gov orgs handle thousands of docs daily—forms, contracts, reports. But most of it’s unstructured, search barely works, and no one has time to read 100+ pages.</div><div><br /></div><div>We used AI to: Extract meaning from messy docs, auto-tag and group content and find what matters—no exact keywords needed. Read our case study: <a href="https://weclouddata.com/blog/consulting/consulting-case-study-topic-modelling-on-technician-notes/">HERE</a>.</div><div><br /></div><div>Imagine that across policy, legal, HR, procurement at {{companyName}}.</div><div>We help gov teams integrate tools like this and train staff to use them. Want to <a href="https://meetings.hubspot.com/warney/talk-to-wecloud-program-advisor?uuid=f772e830-c1fe-4c3a-af95-34b2bb557260&amp;utm_source=newsletter&amp;utm_medium=email&amp;utm_campaign=uae-govt">chat</a> how it could work with your data?</div><div><br /></div><div>Best,</div><div>WeCloudData</div>') ON CONFLICT (campaign_id, step_index, variant_index) DO NOTHING;
INSERT INTO leads.instantly_campaign_steps (campaign_id, step_index, type, delay) VALUES ('dfc5278a-8cec-4147-a1ed-b2c496ddbdd3', 2, 'email', 1) ON CONFLICT (campaign_id, step_index) DO NOTHING;
INSERT INTO leads.instantly_campaign_contents (campaign_id, step_index, variant_index, subject, body) VALUES ('dfc5278a-8cec-4147-a1ed-b2c496ddbdd3', 2, 0, '', '<div>{{firstName}} - I know this is a cold email, but I wanted to reach out because I genuinely believe we can help with your AI needs.</div><div><br /></div><div>For over 8 years, we’ve worked with government teams, building strong AI skills through <a href="https://weclouddata.com/corporate-training/?utm_source=newsletter&amp;utm_medium=email&amp;utm_campaign=uae-govt">tailored training.</a></div><div><br /></div><div>Our trainers have hands-on experience in AI, data science, and big data. We cover everything from the basics to advanced applications—making sure your team gains practical skills that improve services and decisions.</div><div><br /></div><div>If you’re open to it, I’d be hop on a <a href="https://meetings.hubspot.com/warney/talk-to-wecloud-program-advisor?uuid=f772e830-c1fe-4c3a-af95-34b2bb557260&amp;utm_source=newsletter&amp;utm_medium=email&amp;utm_campaign=uae-govt">quick call</a> how we’ve helped other agencies and explore if it might be a fit for your team. </div><div><br /></div><div>Best,</div><div>WeCloudData</div>') ON CONFLICT (campaign_id, step_index, variant_index) DO NOTHING;
INSERT INTO leads.instantly_campaign_steps (campaign_id, step_index, type, delay) VALUES ('dfc5278a-8cec-4147-a1ed-b2c496ddbdd3', 3, 'email', 1) ON CONFLICT (campaign_id, step_index) DO NOTHING;
INSERT INTO leads.instantly_campaign_contents (campaign_id, step_index, variant_index, subject, body) VALUES ('dfc5278a-8cec-4147-a1ed-b2c496ddbdd3', 3, 0, '', '<div>{{firstName}} </div><div><br /></div><div>I’ve sent a couple of notes about how {{companyName}} could help use AI solutions to solve redundant problems &amp; <a href="https://weclouddata.com/corporate-training/?utm_source=newsletter&amp;utm_medium=email&amp;utm_campaign=uae-govt">upskilling your team</a> to run it.</div><div><br /></div><div>I know how busy things can get. If now’s not the right moment, no problem at all. But if exploring AI is on your mind, even for a quick <a href="https://meetings.hubspot.com/warney/talk-to-wecloud-program-advisor?uuid=f772e830-c1fe-4c3a-af95-34b2bb557260&amp;utm_source=newsletter&amp;utm_medium=email&amp;utm_campaign=uae-govt">10-minute chat</a> about how it fits with the UAE''s vision. </div><div><br /></div><div>I''d be happy to connect.</div><div><br /></div><div>Kind Regards,</div><div>WeCloudData</div>') ON CONFLICT (campaign_id, step_index, variant_index) DO NOTHING;
COMMIT;
-- End of record --

BEGIN;
INSERT INTO leads.instantly_campaigns ("id", "name", "status", "campaign_schedule", "timestamp_created", "timestamp_updated", "text_only", "email_list", "daily_limit", "stop_on_reply", "email_tag_list", "link_tracking", "open_tracking", "stop_on_auto_reply", "organization", "email_gap", "prioritize_new_leads", "auto_variant_select", "stop_for_company", "insert_unsubscribe_header") VALUES ('da00a6e7-e3c5-4824-ba50-59fc4d47a5f9', 'Maliha- UAE Education', 1, '{"schedules": [{"name": "New schedule", "timing": {"from": "09:00", "to": "17:00"}, "days": {"1": true, "2": true, "3": true, "4": true, "5": true}, "timezone": "Asia/Dubai"}], "start_date": "", "end_date": ""}', '2025-06-12T17:17:00.120Z', '2025-06-12T19:48:10.519Z', FALSE, '["louise.c@weclouddata.net", "louise.c@weclouddata.org", "louise.c@weclouddata.us", "louise.cheng@weclouddata.us", "louise@weclouddata.net", "louise@weclouddata.org", "louise@weclouddata.us", "louise_c@weclouddata.org", "louise_c@weclouddata.us", "louise.cheng@weclouddata.org"]', 300.0, TRUE, '[]', TRUE, TRUE, FALSE, 'f44277de-69b2-4bc3-a69c-28afd4094123', NULL, NULL, NULL, NULL, NULL) ON CONFLICT (id) DO NOTHING;
INSERT INTO leads.instantly_campaign_steps (campaign_id, step_index, type, delay) VALUES ('da00a6e7-e3c5-4824-ba50-59fc4d47a5f9', 0, 'email', 5) ON CONFLICT (campaign_id, step_index) DO NOTHING;
INSERT INTO leads.instantly_campaign_contents (campaign_id, step_index, variant_index, subject, body) VALUES ('da00a6e7-e3c5-4824-ba50-59fc4d47a5f9', 0, 0, '{{companyName}} x UAE AI?', '<div>Hi {{firstName}} </div><div><br /></div><div>Quick one—we’re seeing more UAE higher ed orgs strategically introduce <a href="https://weclouddata.com/corporate-training/?utm_source=newsletter&amp;utm_medium=email&amp;utm_campaign=uae-education">AI upskill</a> to {{cut academic admin|improve learner outcomes|support overwhelmed faculty}}.</div><div><br /></div><div>Think: quiz automation, adaptive tutoring, even AI chat for student queries—without needing deep tech investment. Has your team looked into this?</div><div><br /></div><div>Warm regards,</div><div>WeCloudData</div>') ON CONFLICT (campaign_id, step_index, variant_index) DO NOTHING;
INSERT INTO leads.instantly_campaign_contents (campaign_id, step_index, variant_index, subject, body) VALUES ('da00a6e7-e3c5-4824-ba50-59fc4d47a5f9', 0, 1, 'Reimagining learning at {{companyName}}?', '<div>Hi {{firstName}},</div><div><br /></div><div>Building an AI education strategy is one thing—getting faculty onboard and confident is another. That’s where a lot of UAE institutions are stuck: big AI goals, but limited capacity for upskilling internally.</div><div><br /></div><div>WeCloudData partners with higher ed orgs to fill that gap, offering educator-friendly <a href="https://weclouddata.com/corporate-training/?utm_source=newsletter&amp;utm_medium=email&amp;utm_campaign=uae-education">AI training</a> that integrates with your academic goals, not against them.</div><div><br /></div><div>Would it be worth having a <a href="https://meetings.hubspot.com/warney/talk-to-wecloud-program-advisor?uuid=f772e830-c1fe-4c3a-af95-34b2bb557260&amp;utm_source=newsletter&amp;utm_medium=email&amp;utm_campaign=uae-education">short conversation</a> to explore?</div><div>-WeCloudData</div><div>P.S. We supported University of Calgary in launching AI learning—would be happy to show you how.</div><div><br /></div><div><br /></div>') ON CONFLICT (campaign_id, step_index, variant_index) DO NOTHING;
INSERT INTO leads.instantly_campaign_steps (campaign_id, step_index, type, delay) VALUES ('da00a6e7-e3c5-4824-ba50-59fc4d47a5f9', 1, 'email', 2) ON CONFLICT (campaign_id, step_index) DO NOTHING;
INSERT INTO leads.instantly_campaign_contents (campaign_id, step_index, variant_index, subject, body) VALUES ('da00a6e7-e3c5-4824-ba50-59fc4d47a5f9', 1, 0, ' {{firstName}} you will find this useful', '<div>Hi {{firstName}} its me again</div><div><br /></div><div>We just shared a short read on how educators are using AI to {{streamline grading|engage students|save time}} across different learning environments—{{thought you might find it useful|you might find it worth a look}}. Here’s the link: <a href="https://weclouddata.com/blog/ai-in-education-transforming-learning-in-digital-age/">AI in Education</a></div><div><br /></div><div>If you’re ever curious about what this might look like inside {{companyName}}, we’d be glad to help you explore. {{Open to a short, no-pressure chat?|Interested in a 10-minute call to see what’s possible—no strings?}}</div><div><br /></div><div>{{RANDOM | Best, | Regards, | Cheers,}}</div><div>WeCloudData</div>') ON CONFLICT (campaign_id, step_index, variant_index) DO NOTHING;
INSERT INTO leads.instantly_campaign_steps (campaign_id, step_index, type, delay) VALUES ('da00a6e7-e3c5-4824-ba50-59fc4d47a5f9', 2, 'email', 1) ON CONFLICT (campaign_id, step_index) DO NOTHING;
INSERT INTO leads.instantly_campaign_contents (campaign_id, step_index, variant_index, subject, body) VALUES ('da00a6e7-e3c5-4824-ba50-59fc4d47a5f9', 2, 0, '', '<div>Hi {{firstName}},</div><div><br /></div><div>As AI adoption accelerates in higher ed, many institutions are facing a challenge: {{faculty feel left behind|teaching staff are unsure where to start|internal capacity for AI isn''t keeping up with demand}}.</div><div><br /></div><div>WeCloudData’s <a href="https://weclouddata.com/corporate-training/?utm_source=newsletter&amp;utm_medium=email&amp;utm_campaign=uae-education">AI upskilling </a>was built to solve this—flexible, customized, hands-on training that empowers educators to use, teach, and apply AI tools confidently.</div><div><br /></div><div>{{Want to see how the University of Calgary approached it?|Can share how we helped UCalgary upskill teams across departments.}}</div><div><br /></div><div>Open to a low-key <a href="https://meetings.hubspot.com/warney/talk-to-wecloud-program-advisor?uuid=f772e830-c1fe-4c3a-af95-34b2bb557260&amp;utm_source=newsletter&amp;utm_medium=email&amp;utm_campaign=uae-education">10-minute chat</a>?</div><div><br /></div><div>Best,</div><div>WeCloudData</div>') ON CONFLICT (campaign_id, step_index, variant_index) DO NOTHING;
INSERT INTO leads.instantly_campaign_steps (campaign_id, step_index, type, delay) VALUES ('da00a6e7-e3c5-4824-ba50-59fc4d47a5f9', 3, 'email', 1) ON CONFLICT (campaign_id, step_index) DO NOTHING;
INSERT INTO leads.instantly_campaign_contents (campaign_id, step_index, variant_index, subject, body) VALUES ('da00a6e7-e3c5-4824-ba50-59fc4d47a5f9', 3, 0, '', '<div>Hey {{firstName}} </div><div><br /></div><div>Just following up in case this slipped by—still happy to share how we’re helping UAE educators personalize learning with AI and possibly could help {{companyName}}.</div><div><br /></div><div>Worth sending over a <a href="https://meetings.hubspot.com/warney/talk-to-wecloud-program-advisor?uuid=f772e830-c1fe-4c3a-af95-34b2bb557260&amp;utm_source=newsletter&amp;utm_medium=email&amp;utm_campaign=uae-education">10 min slot</a> next week?</div><div><br /></div><div>Best,</div><div><a href="https://weclouddata.com/corporate-training/?utm_source=newsletter&amp;utm_medium=email&amp;utm_campaign=uae-education">WeCloudData</a></div>') ON CONFLICT (campaign_id, step_index, variant_index) DO NOTHING;
INSERT INTO leads.instantly_campaign_contents (campaign_id, step_index, variant_index, subject, body) VALUES ('da00a6e7-e3c5-4824-ba50-59fc4d47a5f9', 3, 1, '', '<div>Hey {{firstName}} </div><div><br /></div><div>Not sure if this is on {{companyName}}''s radar right now—but if exploring <a href="https://weclouddata.com/corporate-training/?utm_source=newsletter&amp;utm_medium=email&amp;utm_campaign=uae-education">AI solutions</a> is something your team might revisit soon, I’d be glad to share a 2-minute walkthrough.</div><div><br /></div><div>If the timing’s off, no worries at all—we can <a href="https://meetings.hubspot.com/warney/talk-to-wecloud-program-advisor?uuid=f772e830-c1fe-4c3a-af95-34b2bb557260&amp;utm_source=newsletter&amp;utm_medium=email&amp;utm_campaign=uae-education">always chat later</a>?</div><div><br /></div><div>{{RANDOM | Best, | Regards, | Cheers,}}</div><div>WeCloudData</div>') ON CONFLICT (campaign_id, step_index, variant_index) DO NOTHING;
COMMIT;
-- End of record --

BEGIN;
INSERT INTO leads.instantly_campaigns ("id", "name", "status", "campaign_schedule", "timestamp_created", "timestamp_updated", "text_only", "email_list", "daily_limit", "stop_on_reply", "email_tag_list", "link_tracking", "open_tracking", "stop_on_auto_reply", "organization", "email_gap", "prioritize_new_leads", "auto_variant_select", "stop_for_company", "insert_unsubscribe_header") VALUES ('d9fdc5af-c2c6-4f4a-9ee7-d879743e27bf', 'Maliha- Canada Finance Follow up', 3, '{}', '2025-04-03T15:04:11.292Z', '2025-04-03T18:56:30.095Z', FALSE, '["louise.c@weclouddata.org", "louise.c@weclouddata.us", "louise.cheng@weclouddata.org", "louise.c@weclouddata.net", "louise.cheng@weclouddata.us", "louise@weclouddata.org", "louise@weclouddata.us", "louise_c@weclouddata.org", "louise_c@weclouddata.us", "louise@weclouddata.net"]', 300.0, TRUE, '[]', TRUE, TRUE, FALSE, 'f44277de-69b2-4bc3-a69c-28afd4094123', NULL, NULL, NULL, NULL, NULL) ON CONFLICT (id) DO NOTHING;
INSERT INTO leads.instantly_campaign_steps (campaign_id, step_index, type, delay) VALUES ('d9fdc5af-c2c6-4f4a-9ee7-d879743e27bf', 0, 'email', 5) ON CONFLICT (campaign_id, step_index) DO NOTHING;
INSERT INTO leads.instantly_campaign_contents (campaign_id, step_index, variant_index, subject, body) VALUES ('d9fdc5af-c2c6-4f4a-9ee7-d879743e27bf', 0, 0, 'Overcoming Financial Challenges with AI Training', '<div>Hi {{firstName}},</div><div><br /></div><div>When I speak to finance experts, they often tell me they struggle with:</div><ol style="margin-top:0;margin-bottom:0;padding-inline-start:48px"><li dir="ltr" style="list-style-type:decimal;font-size:11pt;font-family:Arial,sans-serif;color:#000000;background-color:transparent;font-weight:400;font-style:normal;font-variant:normal;text-decoration:none;vertical-align:baseline;white-space:pre"><div>Suffering from inadequate trainings </div></li><li dir="ltr" style="list-style-type:decimal;font-size:11pt;font-family:Arial,sans-serif;color:#000000;background-color:transparent;font-weight:400;font-style:normal;font-variant:normal;text-decoration:none;vertical-align:baseline;white-space:pre"><div>Struggling to give quality financial advice to a range of clients</div></li><li dir="ltr" style="list-style-type:decimal;font-size:11pt;font-family:Arial,sans-serif;color:#000000;background-color:transparent;font-weight:400;font-style:normal;font-variant:normal;text-decoration:none;vertical-align:baseline;white-space:pre"><div>Stuck in a loophole collecting and creating ppts </div></li></ol><div>To tackle these in a safe space, we have established <a href="https://meetings.hubspot.com/warney/talk-to-wecloud-program-advisor?uuid=f772e830-c1fe-4c3a-af95-34b2bb557260&amp;utm_source=newsletter&amp;utm_medium=email&amp;utm_campaign=canada-finance-follow-up" target="_blank">AI Corproate Training</a>, a <strong>customized flexible</strong> solution to connect with industry experts to guide you. </div><div><br /></div><div>Why should you join us? This is a perfect opportunity to use your <strong>company''s education funding </strong>to upskill your team in AI <strong>without affecting your budget.</strong></div><div><br /></div><div>Warm Regards,</div><div><a href="https://weclouddata.com/corporate-training/?utm_source=newsletter&amp;utm_medium=email&amp;utm_campaign=canada-finance-follow-uphttps://weclouddata.com/corporate-training/?utm_source=newsletter&amp;utm_medium=email&amp;utm_campaign=canada-finance-follow-up" target="_blank">WeCloudData</a></div>') ON CONFLICT (campaign_id, step_index, variant_index) DO NOTHING;
INSERT INTO leads.instantly_campaign_contents (campaign_id, step_index, variant_index, subject, body) VALUES ('d9fdc5af-c2c6-4f4a-9ee7-d879743e27bf', 0, 1, '{{first_name}} thoughts?', '<div>{{first_name}},</div><div><br /></div><div>Finance teams already using AI are seeing 30-50% efficiency gains—from automating audits to predicting cash flow with 90%+ accuracy.</div><div><br /></div><div>But AI is only as good as the people using it. That''s where we come in. Our training helps finance teams automate tedious tasks—like reconciliations and compliance reporting—and spot risk-driving anomalies.</div><div><br /></div><div>Let’s talk—{{companyName}} could be running smarter, faster, and leaner in weeks. <a href="https://meetings.hubspot.com/warney/talk-to-wecloud-program-advisor?uuid=f772e830-c1fe-4c3a-af95-34b2bb557260&amp;utm_source=newsletter&amp;utm_medium=email&amp;utm_campaign=canada-finance-follow-up" target="_blank">Interested?</a></div><div><br /></div><div>Regards,</div><div><a href="https://weclouddata.com/corporate-training/?utm_source=newsletter&amp;utm_medium=email&amp;utm_campaign=canada-finance-follow-uphttps://weclouddata.com/corporate-training/?utm_source=newsletter&amp;utm_medium=email&amp;utm_campaign=canada-finance-follow-up" target="_blank">WeCloudData</a></div>') ON CONFLICT (campaign_id, step_index, variant_index) DO NOTHING;
INSERT INTO leads.instantly_campaign_steps (campaign_id, step_index, type, delay) VALUES ('d9fdc5af-c2c6-4f4a-9ee7-d879743e27bf', 1, 'email', 2) ON CONFLICT (campaign_id, step_index) DO NOTHING;
INSERT INTO leads.instantly_campaign_contents (campaign_id, step_index, variant_index, subject, body) VALUES ('d9fdc5af-c2c6-4f4a-9ee7-d879743e27bf', 1, 0, '', '<div>{{firstName}} its me again, </div><div><br /></div><div>I just read the KPMG report that shows 87% of Canadian companies are using AI in financial reporting—yet 59% report a talent gap. </div><div><br /></div><div>Although hiring new talent could solve this, you cannot rehire a whole team right?</div><div><br /></div><div>I’d be happy to share some insights on effective upskilling training approaches if you’re interested. Let me know if you’d like to <a href="https://meetings.hubspot.com/warney/talk-to-wecloud-program-advisor?uuid=f772e830-c1fe-4c3a-af95-34b2bb557260&amp;utm_source=newsletter&amp;utm_medium=email&amp;utm_campaign=canada-finance-follow-up" target="_blank">chat.</a></div><div><br /></div><div>Regards,</div><div><a href="https://weclouddata.com/corporate-training/?utm_source=newsletter&amp;utm_medium=email&amp;utm_campaign=canada-finance-follow-uphttps://weclouddata.com/corporate-training/?utm_source=newsletter&amp;utm_medium=email&amp;utm_campaign=canada-finance-follow-up" target="_blank">WeCloudData</a></div>') ON CONFLICT (campaign_id, step_index, variant_index) DO NOTHING;
INSERT INTO leads.instantly_campaign_contents (campaign_id, step_index, variant_index, subject, body) VALUES ('d9fdc5af-c2c6-4f4a-9ee7-d879743e27bf', 1, 1, 'how CIBC scaled AI in finance', '<div>{{first_name}},</div><div><br /></div><div>CIBC, a canadian company like {{companyName}}, struggled with slow, manual finance processes. after implementing AI, they:</div><ul data-start="2400" data-end="2543"><li data-start="2400" data-end="2440"><div>automated 75% of their reporting</div></li><li data-start="2441" data-end="2478"><div>cut forecasting errors by 40%</div></li><li data-start="2479" data-end="2543"><div>freed up their finance team for high-value strategy work</div></li></ul><div>The best part? it only took them a few weeks to get fully trained and running.</div><div><br /></div><div>Want to see how we can do it for you too?</div><div><br /></div><div>Best,</div><div><a href="https://weclouddata.com/corporate-training/?utm_source=newsletter&amp;utm_medium=email&amp;utm_campaign=canada-finance-follow-uphttps://weclouddata.com/corporate-training/?utm_source=newsletter&amp;utm_medium=email&amp;utm_campaign=canada-finance-follow-up" target="_blank">WeCloudData</a></div>') ON CONFLICT (campaign_id, step_index, variant_index) DO NOTHING;
INSERT INTO leads.instantly_campaign_steps (campaign_id, step_index, type, delay) VALUES ('d9fdc5af-c2c6-4f4a-9ee7-d879743e27bf', 2, 'email', 1) ON CONFLICT (campaign_id, step_index) DO NOTHING;
INSERT INTO leads.instantly_campaign_contents (campaign_id, step_index, variant_index, subject, body) VALUES ('d9fdc5af-c2c6-4f4a-9ee7-d879743e27bf', 2, 0, '', '<div>{{firstName}} </div><div><br /></div><div>Are manual reports and outdated risk methods slowing your team down—or have you tried AI tools without real results? Running a one-man show can be overwhelming. </div><div><br /></div><div>Our <a href="https://weclouddata.com/corporate-training/?utm_source=newsletter&amp;utm_medium=email&amp;utm_campaign=canada-finance-follow-uphttps://weclouddata.com/corporate-training/?utm_source=newsletter&amp;utm_medium=email&amp;utm_campaign=canada-finance-follow-up" target="_blank">AI training</a> offers a sustainable solution to boost efficiency and drive growth.</div><div><br /></div><div>Interested in learning more?</div><div><br /></div><div>Best,</div><div>WeCloudData</div>') ON CONFLICT (campaign_id, step_index, variant_index) DO NOTHING;
COMMIT;
-- End of record --

BEGIN;
INSERT INTO leads.instantly_campaigns ("id", "name", "status", "campaign_schedule", "timestamp_created", "timestamp_updated", "text_only", "email_list", "daily_limit", "stop_on_reply", "email_tag_list", "link_tracking", "open_tracking", "stop_on_auto_reply", "organization", "email_gap", "prioritize_new_leads", "auto_variant_select", "stop_for_company", "insert_unsubscribe_header") VALUES ('d691ca2f-b0ea-492d-aad2-e3014e6f949d', 'Maliha- UAE Logistics', 1, '{"schedules": [{"name": "New schedule", "timing": {"from": "09:00", "to": "17:00"}, "days": {"1": true, "2": true, "3": true, "4": true, "5": true}, "timezone": "Asia/Dubai"}], "start_date": "", "end_date": ""}', '2025-06-05T17:56:42.482Z', '2025-06-16T08:59:53.994Z', FALSE, '["louise.c@weclouddata.org", "louise.c@weclouddata.us", "louise.cheng@weclouddata.org", "louise.c@weclouddata.net", "louise.cheng@weclouddata.us", "louise@weclouddata.us", "louise_c@weclouddata.org", "louise@weclouddata.org", "louise_c@weclouddata.us", "louise@weclouddata.net"]', 300.0, TRUE, '[]', TRUE, TRUE, FALSE, 'f44277de-69b2-4bc3-a69c-28afd4094123', NULL, NULL, NULL, NULL, NULL) ON CONFLICT (id) DO NOTHING;
INSERT INTO leads.instantly_campaign_steps (campaign_id, step_index, type, delay) VALUES ('d691ca2f-b0ea-492d-aad2-e3014e6f949d', 0, 'email', 5) ON CONFLICT (campaign_id, step_index) DO NOTHING;
INSERT INTO leads.instantly_campaign_contents (campaign_id, step_index, variant_index, subject, body) VALUES ('d691ca2f-b0ea-492d-aad2-e3014e6f949d', 0, 0, ' {{firstName}}is it time to upgrade your supply stack?', '<div>Hey {{firstName}},</div><div><br /></div><div>As the UAE moves toward its 2031 vision, many logistics teams are still stuck with outdated processes that quietly drain time and money. Missed forecasts, overstock, fuel waste—it all adds up.</div><div><br /></div><div>Now imagine cutting inventory errors by 30% with AI-driven demand prediction, or lowering fuel costs through smarter route planning. We work with UAE logistics leaders to <a href="https://weclouddata.com/corporate-training/?utm_source=newsletter&amp;utm_medium=email&amp;utm_campaign=uae-logistics">integrate practical AI tools and upskill their teams</a>—without needing a tech overhaul.</div><div><br /></div><div>Would you be open to a <a href="https://meetings.hubspot.com/warney/talk-to-wecloud-program-advisor?uuid=f772e830-c1fe-4c3a-af95-34b2bb557260&amp;utm_source=newsletter&amp;utm_medium=email&amp;utm_campaign=uae-logistics">quick chat</a> on where AI might quietly boost efficiency at {{companyName}}?</div>') ON CONFLICT (campaign_id, step_index, variant_index) DO NOTHING;
INSERT INTO leads.instantly_campaign_contents (campaign_id, step_index, variant_index, subject, body) VALUES ('d691ca2f-b0ea-492d-aad2-e3014e6f949d', 0, 1, 'Quick Question {{firstName}}', '<div>Hi {{firstName}},</div><div><br /></div><div>Is your team unknowingly losing ground by delaying AI adoption?</div><div>Many competitors are already using AI to speed up ops, cut costs, and build more resilient supply chains. Sticking to traditional tools while others automate can lead to slower response times—and a growing skills gap.</div><div><br /></div><div>We help logistics leaders explore <a href="https://weclouddata.com/corporate-training/?utm_source=newsletter&amp;utm_medium=email&amp;utm_campaign=uae-logistics">AI through hands-on training</a>and easy integration.</div><div><br /></div><div>Would you be open to a <a href="https://meetings.hubspot.com/warney/talk-to-wecloud-program-advisor?uuid=f772e830-c1fe-4c3a-af95-34b2bb557260&amp;utm_source=newsletter&amp;utm_medium=email&amp;utm_campaign=uae-logistics">quick, informal chat</a> next Thursday about how AI could work for {{companyName}}? No pressure—just a conversation.</div><div><br /></div><div>{{RANDOM | Best, | Regards, | Cheers,}}</div><div>WeCloudData</div>') ON CONFLICT (campaign_id, step_index, variant_index) DO NOTHING;
INSERT INTO leads.instantly_campaign_steps (campaign_id, step_index, type, delay) VALUES ('d691ca2f-b0ea-492d-aad2-e3014e6f949d', 1, 'email', 2) ON CONFLICT (campaign_id, step_index) DO NOTHING;
INSERT INTO leads.instantly_campaign_contents (campaign_id, step_index, variant_index, subject, body) VALUES ('d691ca2f-b0ea-492d-aad2-e3014e6f949d', 1, 0, '', '<div>Hi {{firstName}},</div><div><br /></div><div>I was chatting with a freight forwarder recently who told me how much time they spend on repetitive tasks like requesting quotes and crunching numbers. It made me realize how AI could easily handle these—automating quotes, analyzing shipments, tracking payments, and cutting errors.</div><div><br /></div><div>At WeCloudData, we train teams to use AI practically so they can start benefiting right away. If you’re curious how we can use AI to integrate a similar solution to help {{companyName}} team, let’s connect!</div><div><br /></div><div>{{RANDOM | Best, | Regards, | Cheers,}}</div><div>WeCloudData</div>') ON CONFLICT (campaign_id, step_index, variant_index) DO NOTHING;
INSERT INTO leads.instantly_campaign_steps (campaign_id, step_index, type, delay) VALUES ('d691ca2f-b0ea-492d-aad2-e3014e6f949d', 2, 'email', 1) ON CONFLICT (campaign_id, step_index) DO NOTHING;
INSERT INTO leads.instantly_campaign_contents (campaign_id, step_index, variant_index, subject, body) VALUES ('d691ca2f-b0ea-492d-aad2-e3014e6f949d', 2, 0, '', '<div>{{firstName}} its me again,</div><div><br /></div><div>Thought our <a href="https://weclouddata.com/blog/consulting/consulting-case-study-topic-modelling-on-technician-notes/">case study</a> might interest you—shows how we built a real-time streaming pipeline that drastically improved operational visibility.</div><div><br /></div><div>Think about it – inefficient data flows can hinder real-time tracking accuracy or delay crucial predictive maintenance insights, leading to service issues or unexpected downtime. This directly impacts efficiency and customer satisfaction.</div><div><br /></div><div>Happy to talk if you''re exploring how to bring this in-house for {{companyName}}.</div><div><br /></div><div>Best, </div><div>WeCloudData</div>') ON CONFLICT (campaign_id, step_index, variant_index) DO NOTHING;
INSERT INTO leads.instantly_campaign_steps (campaign_id, step_index, type, delay) VALUES ('d691ca2f-b0ea-492d-aad2-e3014e6f949d', 3, 'email', 1) ON CONFLICT (campaign_id, step_index) DO NOTHING;
INSERT INTO leads.instantly_campaign_contents (campaign_id, step_index, variant_index, subject, body) VALUES ('d691ca2f-b0ea-492d-aad2-e3014e6f949d', 3, 0, '', '<div>Hi {{firstName}}</div><div><br /></div><div>I know you have a lot on your plate.</div><div><br /></div><div>If a quick, no-strings-attached chat about how <a href="https://weclouddata.com/corporate-training/?utm_source=newsletter&amp;utm_medium=email&amp;utm_campaign=uae-logistics">AI upskilling or integration</a> could support your team at {{companyName}} ever feels timely, just let me know. Or book a <a href="https://meetings.hubspot.com/warney/talk-to-wecloud-program-advisor?uuid=f772e830-c1fe-4c3a-af95-34b2bb557260&amp;utm_source=newsletter&amp;utm_medium=email&amp;utm_campaign=uae-logistics">meeting</a> here for forseeable future.</div><div><br /></div><div>Cheers,</div><div>WeCloudData</div>') ON CONFLICT (campaign_id, step_index, variant_index) DO NOTHING;
COMMIT;
-- End of record --

BEGIN;
INSERT INTO leads.instantly_campaigns ("id", "name", "status", "campaign_schedule", "timestamp_created", "timestamp_updated", "text_only", "email_list", "daily_limit", "stop_on_reply", "email_tag_list", "link_tracking", "open_tracking", "stop_on_auto_reply", "organization", "email_gap", "prioritize_new_leads", "auto_variant_select", "stop_for_company", "insert_unsubscribe_header") VALUES ('d3a57783-8a46-454f-8d09-cd70ceb72900', 'Arsalan Hussain Beam Data(Govt Administrations new))', 1, '{}', '2025-03-21T19:44:15.890Z', '2025-03-26T20:11:28.258Z', FALSE, '["n-tran@beamdata-team.com", "n-tran@beamdata.org", "n-tran@beamdatahq.com", "n.tran@beamdata.org", "n.tran@beamdatahq.com", "n_tran@beamdata.org", "n_tran@beamdatahq.com", "ntran@beamdatahq.com"]', 400.0, TRUE, '[]', TRUE, TRUE, FALSE, 'f44277de-69b2-4bc3-a69c-28afd4094123', NULL, NULL, NULL, NULL, NULL) ON CONFLICT (id) DO NOTHING;
INSERT INTO leads.instantly_campaign_steps (campaign_id, step_index, type, delay) VALUES ('d3a57783-8a46-454f-8d09-cd70ceb72900', 0, 'email', 0) ON CONFLICT (campaign_id, step_index) DO NOTHING;
INSERT INTO leads.instantly_campaign_contents (campaign_id, step_index, variant_index, subject, body) VALUES ('d3a57783-8a46-454f-8d09-cd70ceb72900', 0, 0, 'Let’s Explore How AI Can Transform Your Work', '<div>Hi <strong>{{FirstName}}</strong>, <br /><br />I hope you’re doing well!</div><div><br />At Beam Data, we’re excited about how AI can help government organizations tackle everyday challenges. Imagine automating repetitive tasks to free up valuable time, using predictive analytics for smarter decision-making, or enhancing citizen engagement with innovative systems—these are just some of the ways AI can make a real impact.<br /><br />What challenges is your organization facing? I’d love to explore how practical AI solutions could help and share ideas tailored to your needs. Let me know if you’d like to set up a quick chat!<br /><br /></div><div>Looking forward to connecting!</div><div data-start="685" data-end="749" data-is-only-node data-is-last-node><br />Best regards,<br data-start="698" data-end="701" />Nhat Tran<br data-start="710" data-end="713" />Director of Technology<br data-start="735" data-end="738" />Beam Data</div><div><br /></div>') ON CONFLICT (campaign_id, step_index, variant_index) DO NOTHING;
INSERT INTO leads.instantly_campaign_steps (campaign_id, step_index, type, delay) VALUES ('d3a57783-8a46-454f-8d09-cd70ceb72900', 1, 'email', 2) ON CONFLICT (campaign_id, step_index) DO NOTHING;
INSERT INTO leads.instantly_campaign_contents (campaign_id, step_index, variant_index, subject, body) VALUES ('d3a57783-8a46-454f-8d09-cd70ceb72900', 1, 0, 'Quick Follow-Up', '<div>Hi {{FirstName}}, <br /><br /></div><div>Just wanted to check in—have you had a chance to think about how AI could help with some of the challenges your team is facing?<br /><br /></div><div>I’d love to catch up and share some ideas that could make a real difference. Here’s my calendar if you’d like to pick a time to chat <a href="http://meetings.hubspot.com/nhat3/prospect-beam-data-meeting?uuid=f18a0d4e-5da2-4977-9468-80f507b5c4e9" target="_blank">HERE!</a></div><div>Looking forward to reconnecting!<br /><br /></div><div>Best,<br />Nhat</div>') ON CONFLICT (campaign_id, step_index, variant_index) DO NOTHING;
INSERT INTO leads.instantly_campaign_steps (campaign_id, step_index, type, delay) VALUES ('d3a57783-8a46-454f-8d09-cd70ceb72900', 2, 'email', 1) ON CONFLICT (campaign_id, step_index) DO NOTHING;
INSERT INTO leads.instantly_campaign_contents (campaign_id, step_index, variant_index, subject, body) VALUES ('d3a57783-8a46-454f-8d09-cd70ceb72900', 2, 0, '', '') ON CONFLICT (campaign_id, step_index, variant_index) DO NOTHING;
COMMIT;
-- End of record --

BEGIN;
INSERT INTO leads.instantly_campaigns ("id", "name", "status", "campaign_schedule", "timestamp_created", "timestamp_updated", "text_only", "email_list", "daily_limit", "stop_on_reply", "email_tag_list", "link_tracking", "open_tracking", "stop_on_auto_reply", "organization", "email_gap", "prioritize_new_leads", "auto_variant_select", "stop_for_company", "insert_unsubscribe_header") VALUES ('d13d243e-1ec9-4340-bc6a-e7b4ebcef6b0', 'Louise- Seattle Tech San Francisco', 3, '{}', '2025-04-16T16:49:35.668Z', '2025-05-16T19:49:32.952Z', FALSE, '["louise.c@weclouddata.net", "louise.c@weclouddata.org", "louise.c@weclouddata.us", "louise.cheng@weclouddata.org", "louise.cheng@weclouddata.us", "louise@weclouddata.net", "louise@weclouddata.org", "louise@weclouddata.us", "louise_c@weclouddata.org", "louise_c@weclouddata.us"]', 300.0, TRUE, '[]', TRUE, TRUE, FALSE, 'f44277de-69b2-4bc3-a69c-28afd4094123', NULL, NULL, NULL, NULL, NULL) ON CONFLICT (id) DO NOTHING;
INSERT INTO leads.instantly_campaign_steps (campaign_id, step_index, type, delay) VALUES ('d13d243e-1ec9-4340-bc6a-e7b4ebcef6b0', 0, 'email', 5) ON CONFLICT (campaign_id, step_index) DO NOTHING;
INSERT INTO leads.instantly_campaign_contents (campaign_id, step_index, variant_index, subject, body) VALUES ('d13d243e-1ec9-4340-bc6a-e7b4ebcef6b0', 0, 0, 'Saw your stack—AI skills would go crazy here', '<div>{{firstName}},</div><div><br /></div><div>Imagine this—your team’s building faster, automating grunt work, and actually using AI tools day-to-day.</div><div><br /></div><div>No more “we should be doing more with AI” convos. We’re helping SF tech teams shift from AI-curious → AI-capable in a few weeks. Zero fluff, real tools, real workflows, Zero extra hires.</div><div><br /></div><div>Not saying it’s for {{companyName}}, but thought I’d float the idea. Open to a <a href="https://meetings.hubspot.com/warney/talk-to-wecloud-program-advisor?uuid=f772e830-c1fe-4c3a-af95-34b2bb557260&amp;utm_source=newsletter&amp;utm_medium=email&amp;utm_campaign=us-tech" target="_blank">2-min chat?</a></div><div><br /></div><div>P.S Your company might already have funding available to train your team in AI—at no extra cost to your budget.</div><div><br /></div><div>Best, </div><div>WeCloudData</div>') ON CONFLICT (campaign_id, step_index, variant_index) DO NOTHING;
INSERT INTO leads.instantly_campaign_contents (campaign_id, step_index, variant_index, subject, body) VALUES ('d13d243e-1ec9-4340-bc6a-e7b4ebcef6b0', 0, 1, '{{firstName}} most ai training flops—here’s what works', '<div>{{firstName}},</div><div><br /></div><div>I know your inbox is full, so I’ll be quick. We design custom AI upskilling programs for tech teams—think:</div><ul style="margin-top:0;margin-bottom:0;padding-inline-start:48px"><li dir="ltr" style="list-style-type:disc;font-size:11pt;font-family:Arial,sans-serif;color:#000000;background-color:transparent;font-weight:400;font-style:normal;font-variant:normal;text-decoration:none;vertical-align:baseline;white-space:pre"><div>Engineers building faster with AI copilots</div></li><li dir="ltr" style="list-style-type:disc;font-size:11pt;font-family:Arial,sans-serif;color:#000000;background-color:transparent;font-weight:400;font-style:normal;font-variant:normal;text-decoration:none;vertical-align:baseline;white-space:pre"><div>Product teams using LLMs to validate market fit</div></li><li dir="ltr" style="list-style-type:disc;font-size:11pt;font-family:Arial,sans-serif;color:#000000;background-color:transparent;font-weight:400;font-style:normal;font-variant:normal;text-decoration:none;vertical-align:baseline;white-space:pre"><div>Support teams deploying AI-driven chatbots to reduce tickets</div></li></ul><div><div><br /></div></div><div>Teams at Sun Life are seeing game-changing ROI. Could I send over a quick outline of what a tailored plan for {{companyName}} might look like?</div><div><br /></div><div>{{RANDOM | Best, | Regards, | Cheers,}}</div><div>WeCloudData</div>') ON CONFLICT (campaign_id, step_index, variant_index) DO NOTHING;
INSERT INTO leads.instantly_campaign_steps (campaign_id, step_index, type, delay) VALUES ('d13d243e-1ec9-4340-bc6a-e7b4ebcef6b0', 1, 'email', 2) ON CONFLICT (campaign_id, step_index) DO NOTHING;
INSERT INTO leads.instantly_campaign_contents (campaign_id, step_index, variant_index, subject, body) VALUES ('d13d243e-1ec9-4340-bc6a-e7b4ebcef6b0', 1, 0, '{{firstName}} your team’s already googling this stuff', '<div>{{firstName}},</div><div><br /></div><div>77% of engineers are already self-learning AI tools but most of it’s ad hoc, inconsistent, and hard to scale.</div><div><br /></div><div>We’re helping tech teams get structured, high-impact <a href="https://weclouddata.com/corporate-training/?utm_source=newsletter&amp;utm_medium=email&amp;utm_campaign=us--tech" target="_blank">AI enablement:</a>– automate tasks, personalize experiences, improve predictions, and enhance security.</div><div><br /></div><div>Small shifts, big ROI. Can send over a 2-pager if you’re curious.</div><div><br /></div><div>Best Regards,</div><div>WeCloudData</div>') ON CONFLICT (campaign_id, step_index, variant_index) DO NOTHING;
INSERT INTO leads.instantly_campaign_contents (campaign_id, step_index, variant_index, subject, body) VALUES ('d13d243e-1ec9-4340-bc6a-e7b4ebcef6b0', 1, 1, '', '<div>Hi {{firstName}},</div><div><br /></div><div>We helped a tech co process 100k+ events/sec, slashed lag by 67%, and cut infra costs—without ripping anything out, 👉<a href="https://weclouddata.com/blog/consulting/consulting-case-study-real-time-data-streaming-pipeline-optimization/?utm_source=newsletter&amp;utm_medium=email&amp;utm_campaign=us-tech" target="_blank">case study.</a></div><div><br /></div><div>If {{companyName}} is looking to get ahead (or just not fall behind), we’d love to be your <a href="https://weclouddata.com/corporate-training/?utm_source=newsletter&amp;utm_medium=email&amp;utm_campaign=us--tech" target="_blank">AI enablement partner.</a></div><div><br /></div><div>Would you be open to a <a href="https://meetings.hubspot.com/warney/talk-to-wecloud-program-advisor?uuid=f772e830-c1fe-4c3a-af95-34b2bb557260&amp;utm_source=newsletter&amp;utm_medium=email&amp;utm_campaign=us-tech" target="_blank">quick chat?</a></div><div><br /></div><div>{{RANDOM | Best, | Regards, | Cheers,}}</div><div>WeCloudData</div>') ON CONFLICT (campaign_id, step_index, variant_index) DO NOTHING;
INSERT INTO leads.instantly_campaign_steps (campaign_id, step_index, type, delay) VALUES ('d13d243e-1ec9-4340-bc6a-e7b4ebcef6b0', 2, 'email', 1) ON CONFLICT (campaign_id, step_index) DO NOTHING;
INSERT INTO leads.instantly_campaign_contents (campaign_id, step_index, variant_index, subject, body) VALUES ('d13d243e-1ec9-4340-bc6a-e7b4ebcef6b0', 2, 0, '{{firstName}}  thoughts', '<div>{{firstName}} </div><div><br /></div><div>No pressure if now’s not the right time—just wanted to drop this in case <a href="https://weclouddata.com/corporate-training/?utm_source=newsletter&amp;utm_medium=email&amp;utm_campaign=us--tech" target="_blank">AI upskilling’s</a> still on the roadmap.</div><div><br /></div><div>Always happy to send a quick overview or tailor ideas for your team. or feel free to ghost me—I get it 🙂</div><div><br /></div><div>Either way, rooting for {{companyName}} </div><div><br /></div><div>{{RANDOM | Best, | Regards, | Cheers,}}</div><div>WeCloudData</div>') ON CONFLICT (campaign_id, step_index, variant_index) DO NOTHING;
COMMIT;
-- End of record --

BEGIN;
INSERT INTO leads.instantly_campaigns ("id", "name", "status", "campaign_schedule", "timestamp_created", "timestamp_updated", "text_only", "email_list", "daily_limit", "stop_on_reply", "email_tag_list", "link_tracking", "open_tracking", "stop_on_auto_reply", "organization", "email_gap", "prioritize_new_leads", "auto_variant_select", "stop_for_company", "insert_unsubscribe_header") VALUES ('cda07b59-928a-4723-b8bd-a80f604fc87a', 'Maliha- Ontario HR', 1, '{}', '2025-05-30T17:18:48.347Z', '2025-05-30T19:47:12.706Z', FALSE, '["louise.c@weclouddata.org", "louise.c@weclouddata.us", "louise.cheng@weclouddata.org", "louise.cheng@weclouddata.us", "louise@weclouddata.net", "louise.c@weclouddata.net", "louise@weclouddata.org", "louise@weclouddata.us", "louise_c@weclouddata.org", "louise_c@weclouddata.us"]', 300.0, TRUE, '[]', TRUE, TRUE, FALSE, 'f44277de-69b2-4bc3-a69c-28afd4094123', NULL, NULL, NULL, NULL, NULL) ON CONFLICT (id) DO NOTHING;
INSERT INTO leads.instantly_campaign_steps (campaign_id, step_index, type, delay) VALUES ('cda07b59-928a-4723-b8bd-a80f604fc87a', 0, 'email', 5) ON CONFLICT (campaign_id, step_index) DO NOTHING;
INSERT INTO leads.instantly_campaign_contents (campaign_id, step_index, variant_index, subject, body) VALUES ('cda07b59-928a-4723-b8bd-a80f604fc87a', 0, 0, 'Quick Question {{firstName}} ', '<div>{{firstName}} </div><div><br /></div><div>Quick pulse-check — is {{companyName}} still burning HR team hours on stuff AI could do in seconds?</div><div><br /></div><div>Some use cases how {{companyName}} can use AI is to: auto-resolve common employee queries, eliminate bias in screening &amp; feedback loops &amp; track spending — in dashboards that make sense</div><div><br /></div><div>You already know AI is here — the question is whether your workflows are built to use it. We help HR teams <a href="https://weclouddata.com/corporate-training/?utm_source=newsletter&amp;utm_medium=email&amp;utm_campaign=ontario-hr">bridge that gap</a> without needing to code.</div><div><br /></div><div>Worth a <a href="https://meetings.hubspot.com/warney/talk-to-wecloud-program-advisor?uuid=f772e830-c1fe-4c3a-af95-34b2bb557260&amp;utm_source=newsletter&amp;utm_medium=email&amp;utm_campaign=ontario-hr">quick look</a> at how it plays out for {{Company}}?</div>') ON CONFLICT (campaign_id, step_index, variant_index) DO NOTHING;
INSERT INTO leads.instantly_campaign_contents (campaign_id, step_index, variant_index, subject, body) VALUES ('cda07b59-928a-4723-b8bd-a80f604fc87a', 0, 1, 'Govt is jumping into HR AI, are you?', '<div>Hi {{firstName}} </div><div><br /></div><div>If {{companyName}} Is exploring either (a) internal AI adoption or (b) helping clients upskill, we should chat.</div><div><br /></div><div>We run hands-on <a href="https://weclouddata.com/corporate-training/?utm_source=newsletter&amp;utm_medium=email&amp;utm_campaign=ontario-hr">AI training</a> for non-technical teams — HR, L&amp;D, recruiters — no jargon, just real use cases.</div><div><br /></div><div>Want me to send over a demo?</div><div>Best Regards, </div><div>WeCloudData</div><div><br /></div><div>P.S even government HR/pay systems are going AI-first — Canada.ca literally published a walk-through last month.</div>') ON CONFLICT (campaign_id, step_index, variant_index) DO NOTHING;
INSERT INTO leads.instantly_campaign_steps (campaign_id, step_index, type, delay) VALUES ('cda07b59-928a-4723-b8bd-a80f604fc87a', 1, 'email', 2) ON CONFLICT (campaign_id, step_index) DO NOTHING;
INSERT INTO leads.instantly_campaign_contents (campaign_id, step_index, variant_index, subject, body) VALUES ('cda07b59-928a-4723-b8bd-a80f604fc87a', 1, 0, '', '<div>{{firstName}} </div><div><br /></div><div>We recently helped a mid-sized HR team reduce manual screening time by 40% — all through training in tools like AI automation, and data visualization.</div><div><br /></div><div>This isn’t generic AI. It’s customized, hands-on learning for HR teams.</div><div>{{RANDOM|Can I give you a quick call anytime next week to show you more? | Do you have any time this or next week for a quick chat about this? | Do you have any slots open for a quick chat in the coming days to see if we can do the same for you?}}</div><div><br /></div><div>{{RANDOM | Best, | Regards, | Cheers,}}</div><div>WeCloudData</div>') ON CONFLICT (campaign_id, step_index, variant_index) DO NOTHING;
INSERT INTO leads.instantly_campaign_contents (campaign_id, step_index, variant_index, subject, body) VALUES ('cda07b59-928a-4723-b8bd-a80f604fc87a', 1, 1, 'you might find this helpful', '<div>{{firstName}} </div><div><br /></div><div>Saw this and instantly thought of you: <a href="https://weclouddata.com/blog/ai-in-hr-transforming-human-resources-into-a-data-driven/">AI in HR.</a> Not a sales pitch—just a solid breakdown if you’re exploring AI stuff for {{companyName}}.</div><div><br /></div><div>Let me know if you want help mapping out a use case for {{companyName}}  after you skim it. Would love to bring into reality.</div><div><br /></div><div>Best,</div><div>WeCloudData.</div>') ON CONFLICT (campaign_id, step_index, variant_index) DO NOTHING;
INSERT INTO leads.instantly_campaign_steps (campaign_id, step_index, type, delay) VALUES ('cda07b59-928a-4723-b8bd-a80f604fc87a', 2, 'email', 1) ON CONFLICT (campaign_id, step_index) DO NOTHING;
INSERT INTO leads.instantly_campaign_contents (campaign_id, step_index, variant_index, subject, body) VALUES ('cda07b59-928a-4723-b8bd-a80f604fc87a', 2, 0, '', '<div>{{firstName}} its me again,</div><div><br /></div><div>Quick heads-up—most orgs overlook this: your team likely qualifies for existing education funding that covers AI training.</div><div><br /></div><div>With budget no longer a blocker, we’ve helped teams across Ontario (and Canada) roll out hands-on <a href="https://weclouddata.com/corporate-training/?utm_source=newsletter&amp;utm_medium=email&amp;utm_campaign=ontario-hr">AI upskilling</a>—no tech background needed.</div><div><br /></div><div>Curious how {{companyName}} could do the same?</div><div><br /></div><div>Best,</div><div>WeCloudData</div>') ON CONFLICT (campaign_id, step_index, variant_index) DO NOTHING;
INSERT INTO leads.instantly_campaign_steps (campaign_id, step_index, type, delay) VALUES ('cda07b59-928a-4723-b8bd-a80f604fc87a', 3, 'email', 1) ON CONFLICT (campaign_id, step_index) DO NOTHING;
INSERT INTO leads.instantly_campaign_contents (campaign_id, step_index, variant_index, subject, body) VALUES ('cda07b59-928a-4723-b8bd-a80f604fc87a', 3, 0, '', '<div>Hey {{firstName}}</div><div><br /></div><div>If <a href="https://weclouddata.com/corporate-training/?utm_source=newsletter&amp;utm_medium=email&amp;utm_campaign=ontario-hr">AI’s in HR</a> on your list but feels overwhelming, we’re offering a no-pressure, 30-min call to: Review your {{companyName}} current workflows &amp; Map out AI use cases. </div><div><br /></div><div>No sales pitch—just a clear path forward. Want me to send over a few time slots? Or book your meeting: <a href="https://meetings.hubspot.com/warney/talk-to-wecloud-program-advisor?uuid=f772e830-c1fe-4c3a-af95-34b2bb557260&amp;utm_source=newsletter&amp;utm_medium=email&amp;utm_campaign=ontario-hr">HERE.</a></div><div><br /></div><div>Best,</div><div>WeCloudData</div><div><br /></div>') ON CONFLICT (campaign_id, step_index, variant_index) DO NOTHING;
COMMIT;
-- End of record --

BEGIN;
INSERT INTO leads.instantly_campaigns ("id", "name", "status", "campaign_schedule", "timestamp_created", "timestamp_updated", "text_only", "email_list", "daily_limit", "stop_on_reply", "email_tag_list", "link_tracking", "open_tracking", "stop_on_auto_reply", "organization", "email_gap", "prioritize_new_leads", "auto_variant_select", "stop_for_company", "insert_unsubscribe_header") VALUES ('c1776a7a-35b7-4153-be06-ff2215e4aff9', 'Warney - GenAI CEO and Chairman', 1, '{}', '2025-03-20T18:47:47.329Z', '2025-03-20T18:50:31.542Z', FALSE, '["w.sarkis@weclouddataacademy.com", "w.sarkis@wecloudtraining.com", "w.sarkiss@weclouddata-corp.com", "w.sarkiss@wecloudtraining.com", "w.sarkiss@weclouddataacademy.com", "warney.s@weclouddata-corp.com", "warney.s@wecloudtraining.com", "warney.sarkis@weclouddata-corp.com", "warney.s@weclouddataacademy.com", "warney.sarkis@weclouddataacademy.com", "warney.sarkis@wecloudtraining.com"]', 330.0, TRUE, '[]', TRUE, TRUE, FALSE, 'f44277de-69b2-4bc3-a69c-28afd4094123', NULL, NULL, NULL, NULL, NULL) ON CONFLICT (id) DO NOTHING;
INSERT INTO leads.instantly_campaign_steps (campaign_id, step_index, type, delay) VALUES ('c1776a7a-35b7-4153-be06-ff2215e4aff9', 0, 'email', 6) ON CONFLICT (campaign_id, step_index) DO NOTHING;
INSERT INTO leads.instantly_campaign_contents (campaign_id, step_index, variant_index, subject, body) VALUES ('c1776a7a-35b7-4153-be06-ff2215e4aff9', 0, 0, 'Quick Question, {{firstName}} ', '<div>Hi {{firstName}},</div><div><br /></div><div>I know you’re busy, so I’ll keep this short—no cold pitch here.</div><div><br /></div><div>We’re hosting an exclusive Leaders’ Generative AI Session at WeCloudData, designed for executives looking to stay ahead in the AI revolution. You’ll gain:</div><div><br /></div><div>✅ Real-world applications of GenAI for business growth</div><div>✅ Strategies for integrating AI into your organization</div><div>✅ Insights from industry experts and top leaders</div><div><br /></div><div>Would you be open to joining us? Happy to share more details.<br /><br />Want to know more? <a href="https://share.hsforms.com/2tlopUCLQRLKbRcIyf1wOfQ44nue" target="_blank">CLICK HERE!</a></div><div><br /></div><div>Looking forward to your thoughts!</div><div><br /></div><div>Best,</div>') ON CONFLICT (campaign_id, step_index, variant_index) DO NOTHING;
INSERT INTO leads.instantly_campaign_steps (campaign_id, step_index, type, delay) VALUES ('c1776a7a-35b7-4153-be06-ff2215e4aff9', 1, 'email', 1) ON CONFLICT (campaign_id, step_index) DO NOTHING;
INSERT INTO leads.instantly_campaign_contents (campaign_id, step_index, variant_index, subject, body) VALUES ('c1776a7a-35b7-4153-be06-ff2215e4aff9', 1, 0, '', '<div>Hi {{firstName}},</div><div><br /></div><div>Just wanted to follow up on my last note. I know schedules get busy, but I’d love to have you join our Leaders’ Generative AI Session at WeCloudData.</div><div><br /></div><div>It’s a no-pitch, high-value discussion on how executives are leveraging GenAI to drive innovation and efficiency. You’ll gain:</div><div><br /></div><div>✅ Real-world GenAI applications for business growth</div><div>✅ Strategies for integrating AI into your organization</div><div>✅ Insights from industry experts and top leaders</div><div><br /></div><div>Would you be open to joining us? Happy to send more details or find a time to chat.</div><div><br /></div><div>Looking forward to your thoughts!</div><div><br /></div><div>Best,</div>') ON CONFLICT (campaign_id, step_index, variant_index) DO NOTHING;
COMMIT;
-- End of record --

BEGIN;
INSERT INTO leads.instantly_campaigns ("id", "name", "status", "campaign_schedule", "timestamp_created", "timestamp_updated", "text_only", "email_list", "daily_limit", "stop_on_reply", "email_tag_list", "link_tracking", "open_tracking", "stop_on_auto_reply", "organization", "email_gap", "prioritize_new_leads", "auto_variant_select", "stop_for_company", "insert_unsubscribe_header") VALUES ('c0e1ed69-d3d8-40ff-9f00-5f9e2ed33bfb', 'Arsalan Hussain Higher Education (500-1000)', 1, '{"schedules": [{"name": "New schedule", "timing": {"from": "09:00", "to": "18:00"}, "days": {"1": true, "2": true, "3": true, "4": true, "5": true}, "timezone": "America/Detroit"}], "start_date": "", "end_date": ""}', '2025-03-18T20:00:28.145Z', '2025-03-25T13:58:52.743Z', FALSE, '["n-tran@beamdata-team.com", "n-tran@beamdata.org", "n-tran@beamdatahq.com", "n.tran@beamdata.org", "n.tran@beamdatahq.com", "n_tran@beamdata.org", "n_tran@beamdatahq.com", "ntran@beamdatahq.com"]', 500.0, TRUE, '[]', TRUE, TRUE, FALSE, 'f44277de-69b2-4bc3-a69c-28afd4094123', NULL, NULL, NULL, NULL, NULL) ON CONFLICT (id) DO NOTHING;
INSERT INTO leads.instantly_campaign_steps (campaign_id, step_index, type, delay) VALUES ('c0e1ed69-d3d8-40ff-9f00-5f9e2ed33bfb', 0, 'email', 0) ON CONFLICT (campaign_id, step_index) DO NOTHING;
INSERT INTO leads.instantly_campaign_contents (campaign_id, step_index, variant_index, subject, body) VALUES ('c0e1ed69-d3d8-40ff-9f00-5f9e2ed33bfb', 0, 0, 'Unlocking AI’s Potential in Education', '<div>Hi <strong>{{firstName}}</strong>, </div><div><br /></div><div>Hope you’re doing great!</div><div><br /></div><div>At Beam Data, we’re helping educators use AI to make a real impact—like virtual tutors enhancing student engagement, predictive analytics supporting at-risk students, and automation saving time on admin tasks.</div><div><br /></div><div>Are you exploring ways AI could simplify processes or improve learning experiences? I’d love to share ideas tailored to your goals!</div><div><br /></div><div>Looking forward to connecting!</div><div><br /></div><div>Best,</div><div>Nhat Tran</div><div>Director of Technology</div><div>Beam Data</div><div><br /></div><div>P.S. Let me know if you’d like to see more examples of AI in action—we’re here to <a href="https://beamdata.ai/about-us/" target="_blank">help!</a></div>') ON CONFLICT (campaign_id, step_index, variant_index) DO NOTHING;
INSERT INTO leads.instantly_campaign_steps (campaign_id, step_index, type, delay) VALUES ('c0e1ed69-d3d8-40ff-9f00-5f9e2ed33bfb', 1, 'email', 2) ON CONFLICT (campaign_id, step_index) DO NOTHING;
INSERT INTO leads.instantly_campaign_contents (campaign_id, step_index, variant_index, subject, body) VALUES ('c0e1ed69-d3d8-40ff-9f00-5f9e2ed33bfb', 1, 0, 'Following Up on AI Opportunities in Education', '<div>Hi <strong>{{FirstName}}</strong>,<br /><br /></div><div>I just wanted to check in and see if you’ve had a chance to think about how AI could simplify processes or enhance learning experiences for your institution.<br /><br />At Beam Data, we’ve seen how virtual tutors, predictive analytics, and automation can make a real difference in education. I’d love to explore how these solutions might align with your goals and vision.<br /><br />"I’d be happy to set up a <a href="http://meetings.hubspot.com/nhat3/prospect-beam-data-meeting?uuid=f18a0d4e-5da2-4977-9468-80f507b5c4e9" target="_blank">free consultation</a> to explore your needs and share ideas tailored to your goals. Let me know if that sounds helpful!"<br /><br /></div><div>Looking forward to hearing from you.<br /><br /><br /></div><div>Best,<br />Nhat Tran<br />Director of Technology<br />Beam Data<br /><br /></div><div>P.S. Feel free to share any specific areas you’d like to focus on, and I’ll make sure our conversation is as helpful as possible!</div>') ON CONFLICT (campaign_id, step_index, variant_index) DO NOTHING;
INSERT INTO leads.instantly_campaign_steps (campaign_id, step_index, type, delay) VALUES ('c0e1ed69-d3d8-40ff-9f00-5f9e2ed33bfb', 2, 'email', 3) ON CONFLICT (campaign_id, step_index) DO NOTHING;
INSERT INTO leads.instantly_campaign_contents (campaign_id, step_index, variant_index, subject, body) VALUES ('c0e1ed69-d3d8-40ff-9f00-5f9e2ed33bfb', 2, 0, ' Last Chance to Explore AI for Education', '<div>Hi <strong>{{FirstName}}</strong>,</div><div><br /></div><div>I wanted to reach out one last time to see if you’d be interested in discussing how AI can simplify processes or enhance learning experiences for your institution.<br /><br /></div><div>If it helps, I’d be happy to offer a free consultation to explore your needs and share tailored ideas. Let me know if you’d like to connect! Otherwise, it’s a goodbye from my side, and I wish you the best in your journey.<br /><br />Best regards,<br data-start="487" data-end="490" />Nhat Tran<br data-start="499" data-end="502" />Director of Technology<br data-start="524" data-end="527" />Beam Data</div>') ON CONFLICT (campaign_id, step_index, variant_index) DO NOTHING;
INSERT INTO leads.instantly_campaign_steps (campaign_id, step_index, type, delay) VALUES ('c0e1ed69-d3d8-40ff-9f00-5f9e2ed33bfb', 3, 'email', 1) ON CONFLICT (campaign_id, step_index) DO NOTHING;
INSERT INTO leads.instantly_campaign_contents (campaign_id, step_index, variant_index, subject, body) VALUES ('c0e1ed69-d3d8-40ff-9f00-5f9e2ed33bfb', 3, 0, '', '') ON CONFLICT (campaign_id, step_index, variant_index) DO NOTHING;
COMMIT;
-- End of record --

BEGIN;
INSERT INTO leads.instantly_campaigns ("id", "name", "status", "campaign_schedule", "timestamp_created", "timestamp_updated", "text_only", "email_list", "daily_limit", "stop_on_reply", "email_tag_list", "link_tracking", "open_tracking", "stop_on_auto_reply", "organization", "email_gap", "prioritize_new_leads", "auto_variant_select", "stop_for_company", "insert_unsubscribe_header") VALUES ('c0bdd48d-b45b-407f-9b4d-de3b78416553', 'Louise_GenAI workshop_leaders in bank/acct/insurance_seattle/NJ?Florida', 3, '{}', '2025-03-18T20:29:51.513Z', '2025-03-21T15:04:55.127Z', FALSE, '["louise.c@weclouddata.net", "louise.c@weclouddata.org", "louise.c@weclouddata.us", "louise.cheng@weclouddata.org", "louise.cheng@weclouddata.us", "louise@weclouddata.net", "louise@weclouddata.org", "louise@weclouddata.us", "louise_c@weclouddata.org", "louise_c@weclouddata.us"]', 500.0, TRUE, '[]', TRUE, TRUE, TRUE, 'f44277de-69b2-4bc3-a69c-28afd4094123', 5.0, TRUE, '{"trigger": "reply_rate"}', TRUE, TRUE) ON CONFLICT (id) DO NOTHING;
INSERT INTO leads.instantly_campaign_steps (campaign_id, step_index, type, delay) VALUES ('c0bdd48d-b45b-407f-9b4d-de3b78416553', 0, 'email', 2) ON CONFLICT (campaign_id, step_index) DO NOTHING;
INSERT INTO leads.instantly_campaign_contents (campaign_id, step_index, variant_index, subject, body) VALUES ('c0bdd48d-b45b-407f-9b4d-de3b78416553', 0, 0, ' Exclusive GenAI Roundtable ', '<div>Hi {{firstName}} </div><div><br /></div><div>Join us for an exclusive GenAI Executive Roundtable—a closed-door discussion designed for business leaders like you.</div><div><br /></div><div>✔ Cut through the AI hype – Understand how GenAI differs from traditional AI &amp; ML.</div><div>✔ Tackle today’s business challenges – Explore how AI-driven solutions can enhance efficiency &amp; innovation.</div><div>✔ Real-world applications – See how GenAI is transforming e-commerce, supply chains, HR, and more.</div><div><br /></div><div>Seats are limited—reply if you are interested! </div><div><br /></div><div>Best regards,</div><div>Louise</div><div>WeCloudData Academy </div>') ON CONFLICT (campaign_id, step_index, variant_index) DO NOTHING;
INSERT INTO leads.instantly_campaign_steps (campaign_id, step_index, type, delay) VALUES ('c0bdd48d-b45b-407f-9b4d-de3b78416553', 1, 'email', 1) ON CONFLICT (campaign_id, step_index) DO NOTHING;
INSERT INTO leads.instantly_campaign_contents (campaign_id, step_index, variant_index, subject, body) VALUES ('c0bdd48d-b45b-407f-9b4d-de3b78416553', 1, 0, '', '<div>Hi {{firstName}} ,</div><div><br /></div><div>Spots are filling up for our GenAI Executive Roundtable! Don’t miss this chance to gain insights from industry leaders on how GenAI is reshaping business strategy and operations.</div><div><br /></div><div>Secure your seat today!</div><div><br /></div><div>[<a href="https://share.hsforms.com/2tlopUCLQRLKbRcIyf1wOfQ44nue" target="_blank">Register Now</a>]</div><div><br /></div><div>Best,</div><div>Louise<br />WeCloudData Academy</div>') ON CONFLICT (campaign_id, step_index, variant_index) DO NOTHING;
COMMIT;
-- End of record --

BEGIN;
INSERT INTO leads.instantly_campaigns ("id", "name", "status", "campaign_schedule", "timestamp_created", "timestamp_updated", "text_only", "email_list", "daily_limit", "stop_on_reply", "email_tag_list", "link_tracking", "open_tracking", "stop_on_auto_reply", "organization", "email_gap", "prioritize_new_leads", "auto_variant_select", "stop_for_company", "insert_unsubscribe_header") VALUES ('c09a8a92-2896-4eb9-b117-5bd39e94c7fd', 'Alex - CERIST Outreach Campaign', 1, '{"schedules": [{"name": "New schedule", "timing": {"from": "09:00", "to": "17:00"}, "days": {"1": true, "2": true, "3": true, "4": true}, "timezone": "Africa/Ceuta"}], "start_date": "2025-06-19", "end_date": ""}', '2025-06-18T01:44:17.946Z', '2025-06-18T01:58:11.200Z', TRUE, '["akrstich@beamdata.ai"]', 30.0, TRUE, '[]', FALSE, TRUE, FALSE, 'f44277de-69b2-4bc3-a69c-28afd4094123', NULL, NULL, NULL, NULL, NULL) ON CONFLICT (id) DO NOTHING;
INSERT INTO leads.instantly_campaign_steps (campaign_id, step_index, type, delay) VALUES ('c09a8a92-2896-4eb9-b117-5bd39e94c7fd', 0, 'email', 3) ON CONFLICT (campaign_id, step_index) DO NOTHING;
INSERT INTO leads.instantly_campaign_contents (campaign_id, step_index, variant_index, subject, body) VALUES ('c09a8a92-2896-4eb9-b117-5bd39e94c7fd', 0, 0, 'Exploring Applied AI Collaboration with CERIST ', '<div><strong>Dear {{firstName}}</strong>,</div><div><br /></div><div>I’m reaching out from <strong>Beam Data</strong>, a Canadian firm that partners with research institutions and innovation agencies to accelerate applied AI capacity and help bridge scientific research with startup impact.</div><div><br /></div><div>Our team has supported national programs in <strong>Canada, the UAE, and Saudi Arabia</strong>, helping scale AI training, mentor deep-tech founders, and design systems that translate advanced research into real-world innovation.</div><div><br /></div><div>Given <strong>CERIST’s national leadership in digital and scientific transformation</strong>, I believe there’s strong alignment between our work and your mission—particularly in <strong>AI talent development, startup incubation, and knowledge commercialization.</strong></div><div><br /></div><div>Would you be open to a brief conversation to explore how Beam might contribute to CERIST’s current initiatives?</div><div><br /></div><div>Warm regards, </div><div><br /></div><div><strong>Alex Krstich</strong></div><div>Project Manager </div><div>Beam Data</div><div>akrstich@beamdata.ai</div>') ON CONFLICT (campaign_id, step_index, variant_index) DO NOTHING;
INSERT INTO leads.instantly_campaign_steps (campaign_id, step_index, type, delay) VALUES ('c09a8a92-2896-4eb9-b117-5bd39e94c7fd', 1, 'email', 1) ON CONFLICT (campaign_id, step_index) DO NOTHING;
INSERT INTO leads.instantly_campaign_contents (campaign_id, step_index, variant_index, subject, body) VALUES ('c09a8a92-2896-4eb9-b117-5bd39e94c7fd', 1, 0, '', '<div>Hi {{firstName}},</div><div><br /></div><div>Just following up in case you missed my earlier note. We’re eager to support the incredible innovation momentum happening in Algeria.</div><div><br /></div><div>Happy to send a short summary or schedule a 20-minute intro chat.</div><div><br /></div><div>Let me know what works best.</div><div><br /></div><div>Thanks again, </div><div><br /></div><div>Alex</div>') ON CONFLICT (campaign_id, step_index, variant_index) DO NOTHING;
COMMIT;
-- End of record --

BEGIN;
INSERT INTO leads.instantly_campaigns ("id", "name", "status", "campaign_schedule", "timestamp_created", "timestamp_updated", "text_only", "email_list", "daily_limit", "stop_on_reply", "email_tag_list", "link_tracking", "open_tracking", "stop_on_auto_reply", "organization", "email_gap", "prioritize_new_leads", "auto_variant_select", "stop_for_company", "insert_unsubscribe_header") VALUES ('bd14bdeb-23e1-4499-9834-a73cc20a44c3', 'Arsalan Beam data Higher education 2.1(fu)', 1, '{"schedules": [{"name": "New schedule", "timing": {"from": "08:00", "to": "18:00"}, "days": {"1": true, "2": true, "3": true, "4": true, "5": true}, "timezone": "America/Detroit"}], "start_date": "", "end_date": ""}', '2025-03-20T19:38:28.004Z', '2025-03-26T16:03:20.310Z', FALSE, '["n-tran@beamdata-team.com", "n-tran@beamdata.org", "n-tran@beamdatahq.com", "n.tran@beamdata.org", "n.tran@beamdatahq.com", "n_tran@beamdata.org", "n_tran@beamdatahq.com", "ntran@beamdatahq.com"]', 300.0, TRUE, '[]', TRUE, TRUE, FALSE, 'f44277de-69b2-4bc3-a69c-28afd4094123', NULL, NULL, NULL, NULL, NULL) ON CONFLICT (id) DO NOTHING;
INSERT INTO leads.instantly_campaign_steps (campaign_id, step_index, type, delay) VALUES ('bd14bdeb-23e1-4499-9834-a73cc20a44c3', 0, 'email', 0) ON CONFLICT (campaign_id, step_index) DO NOTHING;
INSERT INTO leads.instantly_campaign_contents (campaign_id, step_index, variant_index, subject, body) VALUES ('bd14bdeb-23e1-4499-9834-a73cc20a44c3', 0, 0, 'AI in Education—Let’s Connect!', '<div>Hi <strong>{{firstName}}</strong>,<br /><br /></div><div>Following up to see if you’re exploring AI for education. From virtual tutors to smarter systems, there’s so much potential to simplify processes and improve learning.<br /><br /></div><div>If it helps, I’d be happy to offer a quick <a href="http://meetings.hubspot.com/nhat3/prospect-beam-data-meeting?uuid=f18a0d4e-5da2-4977-9468-80f507b5c4e9" target="_blank">consultation</a> to explore how AI can align with your goals and create real impact.<br /><br /></div><div>Best,<br />Nhat Tran<br />Director of Technology<br />Beam Data</div>') ON CONFLICT (campaign_id, step_index, variant_index) DO NOTHING;
INSERT INTO leads.instantly_campaign_steps (campaign_id, step_index, type, delay) VALUES ('bd14bdeb-23e1-4499-9834-a73cc20a44c3', 1, 'email', 2) ON CONFLICT (campaign_id, step_index) DO NOTHING;
INSERT INTO leads.instantly_campaign_contents (campaign_id, step_index, variant_index, subject, body) VALUES ('bd14bdeb-23e1-4499-9834-a73cc20a44c3', 1, 0, 'Don’t Miss Out on AI’s Potential in Education', '<div>Hi <strong>{{firstName}}</strong>,<br /><br /></div><div>I wanted to reach out one last time because I truly believe AI could make a significant impact on your work. Whether it’s streamlining admin tasks, supporting students with predictive analytics, or enhancing engagement with virtual tutors, the possibilities are real and actionable.<br /><br /></div><div>If you’re considering AI solutions, let’s set up a quick consultation to discuss how it can align with your goals and deliver results. This could be the step that transforms your approach! <a href="http://meetings.hubspot.com/nhat3/prospect-beam-data-meeting?uuid=f18a0d4e-5da2-4977-9468-80f507b5c4e9" target="_blank">HERE!</a><br /><br /></div><div>Looking forward to hearing from you.<br /><br /></div><div>Best regards,<br />Nhat Tran<br />Director of Technology<br />Beam Data</div>') ON CONFLICT (campaign_id, step_index, variant_index) DO NOTHING;
INSERT INTO leads.instantly_campaign_steps (campaign_id, step_index, type, delay) VALUES ('bd14bdeb-23e1-4499-9834-a73cc20a44c3', 2, 'email', 1) ON CONFLICT (campaign_id, step_index) DO NOTHING;
INSERT INTO leads.instantly_campaign_contents (campaign_id, step_index, variant_index, subject, body) VALUES ('bd14bdeb-23e1-4499-9834-a73cc20a44c3', 2, 0, '', '') ON CONFLICT (campaign_id, step_index, variant_index) DO NOTHING;
COMMIT;
-- End of record --

BEGIN;
INSERT INTO leads.instantly_campaigns ("id", "name", "status", "campaign_schedule", "timestamp_created", "timestamp_updated", "text_only", "email_list", "daily_limit", "stop_on_reply", "email_tag_list", "link_tracking", "open_tracking", "stop_on_auto_reply", "organization", "email_gap", "prioritize_new_leads", "auto_variant_select", "stop_for_company", "insert_unsubscribe_header") VALUES ('bd05ef7e-9c63-497c-9d5e-1bd630449b74', 'Warney - GenAI CEO and Chairman', 1, '{}', '2025-03-20T18:40:06.075Z', '2025-03-20T18:42:48.533Z', FALSE, '["w.sarkis@weclouddataacademy.com", "w.sarkis@wecloudtraining.com", "w.sarkiss@weclouddata-corp.com", "w.sarkiss@weclouddataacademy.com", "w.sarkiss@wecloudtraining.com", "warney.s@weclouddata-corp.com", "warney.s@weclouddataacademy.com", "warney.s@wecloudtraining.com", "warney.sarkis@weclouddata-corp.com", "warney.sarkis@weclouddataacademy.com", "warney.sarkis@wecloudtraining.com"]', 330.0, TRUE, '[]', TRUE, TRUE, FALSE, 'f44277de-69b2-4bc3-a69c-28afd4094123', NULL, NULL, NULL, NULL, NULL) ON CONFLICT (id) DO NOTHING;
INSERT INTO leads.instantly_campaign_steps (campaign_id, step_index, type, delay) VALUES ('bd05ef7e-9c63-497c-9d5e-1bd630449b74', 0, 'email', 6) ON CONFLICT (campaign_id, step_index) DO NOTHING;
INSERT INTO leads.instantly_campaign_contents (campaign_id, step_index, variant_index, subject, body) VALUES ('bd05ef7e-9c63-497c-9d5e-1bd630449b74', 0, 0, 'Quick Question, {{firstName}} ', '<div>Hi {{firstName}} ,</div><div><br /></div><div>I know you’re busy, so I’ll keep this short—no cold pitch here.</div><div><br /></div><div>We’re hosting an exclusive Leaders’ Generative AI Session at WeCloudData, designed for executives looking to stay ahead in the AI revolution. You’ll gain:</div><div><br /></div><div>✅ Real-world applications of GenAI for business growth</div><div>✅ Strategies for integrating AI into your organization</div><div>✅ Insights from industry experts and top leaders</div><div><br /></div><div>Would you be open to joining us? Happy to share more details.</div><div><br /></div><div>Want to know more? <a href="https://share.hsforms.com/2tlopUCLQRLKbRcIyf1wOfQ44nue" target="_blank">CLICK HERE!</a></div><div><br /></div><div>Looking forward to your thoughts!</div><div><br /></div><div>Best,</div>') ON CONFLICT (campaign_id, step_index, variant_index) DO NOTHING;
INSERT INTO leads.instantly_campaign_steps (campaign_id, step_index, type, delay) VALUES ('bd05ef7e-9c63-497c-9d5e-1bd630449b74', 1, 'email', 1) ON CONFLICT (campaign_id, step_index) DO NOTHING;
INSERT INTO leads.instantly_campaign_contents (campaign_id, step_index, variant_index, subject, body) VALUES ('bd05ef7e-9c63-497c-9d5e-1bd630449b74', 1, 0, '', '<div>Hi {{firstName}},</div><div><br /></div><div>Just wanted to follow up on my last note. I know schedules get busy, but I’d love to have you join our Leaders’ Generative AI Session at WeCloudData.</div><div><br /></div><div>It’s a no-pitch, high-value discussion on how executives are leveraging GenAI to drive innovation and efficiency. You’ll gain:</div><div><br /></div><div>✅ Real-world GenAI applications for business growth</div><div>✅ Strategies for integrating AI into your organization</div><div>✅ Insights from industry experts and top leaders</div><div><br /></div><div>Would you be open to joining us? Happy to send more details or find a time to chat.</div><div><br /></div><div>Looking forward to your thoughts!</div><div><br /></div><div>Best,</div>') ON CONFLICT (campaign_id, step_index, variant_index) DO NOTHING;
COMMIT;
-- End of record --

BEGIN;
INSERT INTO leads.instantly_campaigns ("id", "name", "status", "campaign_schedule", "timestamp_created", "timestamp_updated", "text_only", "email_list", "daily_limit", "stop_on_reply", "email_tag_list", "link_tracking", "open_tracking", "stop_on_auto_reply", "organization", "email_gap", "prioritize_new_leads", "auto_variant_select", "stop_for_company", "insert_unsubscribe_header") VALUES ('bb7fd5e5-eb6d-411f-bd9f-3fe6b8d83f44', 'Louise_Senior ML Manager_Canada', 3, '{}', '2025-01-03T23:06:31.367Z', '2025-01-03T23:07:21.400Z', FALSE, '["louise.c@weclouddata.net", "louise.c@weclouddata.org", "louise.c@weclouddata.us", "louise.cheng@weclouddata.org", "louise.cheng@weclouddata.us", "louise@weclouddata.net", "louise@weclouddata.org", "louise@weclouddata.us", "louise_c@weclouddata.org", "louise_c@weclouddata.us"]', 300.0, TRUE, '[]', TRUE, TRUE, FALSE, 'f44277de-69b2-4bc3-a69c-28afd4094123', NULL, NULL, NULL, NULL, NULL) ON CONFLICT (id) DO NOTHING;
INSERT INTO leads.instantly_campaign_steps (campaign_id, step_index, type, delay) VALUES ('bb7fd5e5-eb6d-411f-bd9f-3fe6b8d83f44', 0, 'email', 1) ON CONFLICT (campaign_id, step_index) DO NOTHING;
INSERT INTO leads.instantly_campaign_contents (campaign_id, step_index, variant_index, subject, body) VALUES ('bb7fd5e5-eb6d-411f-bd9f-3fe6b8d83f44', 0, 0, 'Ready to Unlock Your Team’s AI Potential?', '<div>Hi&nbsp;{{firstName}} ,</div><div><br></div><div><a href="http://www.weclouddata.com" target="_blank">WeCloudData</a> specializes in corporate training to empower teams in AI, data science, and engineering. Recently, we launched a program that trained 400 employees across research centers, completing 300 capstone projects that showcased practical applications of their skills.</div><div><br></div><div>Would you like to explore how we can create similar success for your team?</div><div><br></div><div>Best regards,</div><div>Louise</div>') ON CONFLICT (campaign_id, step_index, variant_index) DO NOTHING;
INSERT INTO leads.instantly_campaign_steps (campaign_id, step_index, type, delay) VALUES ('bb7fd5e5-eb6d-411f-bd9f-3fe6b8d83f44', 1, 'email', 1) ON CONFLICT (campaign_id, step_index) DO NOTHING;
INSERT INTO leads.instantly_campaign_contents (campaign_id, step_index, variant_index, subject, body) VALUES ('bb7fd5e5-eb6d-411f-bd9f-3fe6b8d83f44', 1, 0, '', '<div>Hi&nbsp;{{firstName}} ,</div><div><br></div><div >Following up to share how <a href="http://www.weclouddata.com" target="_blank">WeCloudData</a> can help upskill your team. Our recent program trained 400 employees and delivered 300 impactful capstone projects, demonstrating the real-world value of our training.</div><div><br></div><div>Let me know if you&#39;d like to discuss how we can customize a program for your team.</div><div><br></div><div>Best regards,</div><div>Louise</div>') ON CONFLICT (campaign_id, step_index, variant_index) DO NOTHING;
COMMIT;
-- End of record --

BEGIN;
INSERT INTO leads.instantly_campaigns ("id", "name", "status", "campaign_schedule", "timestamp_created", "timestamp_updated", "text_only", "email_list", "daily_limit", "stop_on_reply", "email_tag_list", "link_tracking", "open_tracking", "stop_on_auto_reply", "organization", "email_gap", "prioritize_new_leads", "auto_variant_select", "stop_for_company", "insert_unsubscribe_header") VALUES ('ba27f82d-5d78-4c58-87f7-ecb56e2c1929', 'Arsalan Beam Data Mining & Metals (6)', 0, '{"schedules": [{"name": "New schedule", "timing": {"from": "08:00", "to": "18:00"}, "days": {"1": true, "2": true, "3": true, "4": true, "5": true}, "timezone": "America/Detroit"}], "start_date": "", "end_date": ""}', '2025-04-03T21:16:26.954Z', '2025-04-03T21:21:49.037Z', FALSE, '[]', 400.0, TRUE, '[]', TRUE, TRUE, FALSE, 'f44277de-69b2-4bc3-a69c-28afd4094123', NULL, NULL, NULL, NULL, NULL) ON CONFLICT (id) DO NOTHING;
INSERT INTO leads.instantly_campaign_steps (campaign_id, step_index, type, delay) VALUES ('ba27f82d-5d78-4c58-87f7-ecb56e2c1929', 0, 'email', 0) ON CONFLICT (campaign_id, step_index) DO NOTHING;
INSERT INTO leads.instantly_campaign_contents (campaign_id, step_index, variant_index, subject, body) VALUES ('ba27f82d-5d78-4c58-87f7-ecb56e2c1929', 0, 0, 'AI-Powered Efficiency for Mining & Metals', '<div>Hi <strong>{{FirstName}}</strong>, <br /><br />Keeping operations efficient, cost-effective, and safe is more challenging than ever. AI is already transforming mining and metals—reducing downtime, optimizing resources, and improving safety.<br /><br /></div><div>At Beam Data, we want to help businesses like yours:<br /><br /></div><div>✔ Boost Productivity – Automate repetitive tasks and improve operational efficiency.<br />✔ Minimize Downtime – Predictive maintenance helps prevent costly breakdowns.<br />✔ Enhance Safety – AI-driven monitoring detects risks before they become incidents.<br /><br /></div><div>AI isn’t the future—it’s here. Let’s explore how it can help your company stay ahead.<br /><br /></div><div>📅 Here’s my schedule—feel free to book a free consultation: [<a href="http://meetings.hubspot.com/nhat3/prospect-beam-data-meeting?uuid=f18a0d4e-5da2-4977-9468-80f507b5c4e9" target="_blank">HERE</a>]</div><div>Looking forward to connecting!<br /><br /></div><div>Best,<br />Nhat Tran<br />Director of Technology<br />Beam Data</div>') ON CONFLICT (campaign_id, step_index, variant_index) DO NOTHING;
INSERT INTO leads.instantly_campaign_steps (campaign_id, step_index, type, delay) VALUES ('ba27f82d-5d78-4c58-87f7-ecb56e2c1929', 1, 'email', 2) ON CONFLICT (campaign_id, step_index) DO NOTHING;
INSERT INTO leads.instantly_campaign_contents (campaign_id, step_index, variant_index, subject, body) VALUES ('ba27f82d-5d78-4c58-87f7-ecb56e2c1929', 1, 0, 'Following Up – Let’s Talk AI for Mining & Metals', '<div>Hi <strong>{{FirstName}}</strong>, <br /><br /><br /></div><div>Just wanted to check in and see if you had any thoughts on how AI could help optimize your operations.</div><div>From reducing downtime with predictive maintenance to enhancing safety through AI-powered monitoring, we’d love to explore how these solutions can fit your needs.<br /><br />Let’s set up a quick chat—I’d be happy to walk you through how AI can make an impact.<br /><br /><br /></div><div>📅 Here’s my schedule—feel free to book a <a href="http://meetings.hubspot.com/nhat3/prospect-beam-data-meeting?uuid=f18a0d4e-5da2-4977-9468-80f507b5c4e9" target="_blank">free consultation:</a></div><div>Looking forward to hearing your thoughts!<br /><br /><br /></div><div>Best,<br />Nhat Tran<br />Director of Technology<br />Beam Data</div>') ON CONFLICT (campaign_id, step_index, variant_index) DO NOTHING;
INSERT INTO leads.instantly_campaign_steps (campaign_id, step_index, type, delay) VALUES ('ba27f82d-5d78-4c58-87f7-ecb56e2c1929', 2, 'email', 1) ON CONFLICT (campaign_id, step_index) DO NOTHING;
INSERT INTO leads.instantly_campaign_contents (campaign_id, step_index, variant_index, subject, body) VALUES ('ba27f82d-5d78-4c58-87f7-ecb56e2c1929', 2, 0, '', '') ON CONFLICT (campaign_id, step_index, variant_index) DO NOTHING;
COMMIT;
-- End of record --

BEGIN;
INSERT INTO leads.instantly_campaigns ("id", "name", "status", "campaign_schedule", "timestamp_created", "timestamp_updated", "text_only", "email_list", "daily_limit", "stop_on_reply", "email_tag_list", "link_tracking", "open_tracking", "stop_on_auto_reply", "organization", "email_gap", "prioritize_new_leads", "auto_variant_select", "stop_for_company", "insert_unsubscribe_header") VALUES ('b8f9cd41-28be-420a-a283-21ed049eee28', 'Maliha- Washington Legal', 1, '{}', '2025-05-28T17:16:57.929Z', '2025-05-30T15:21:31.889Z', FALSE, '["louise.c@weclouddata.net", "louise.c@weclouddata.org", "louise.c@weclouddata.us", "louise.cheng@weclouddata.org", "louise.cheng@weclouddata.us", "louise@weclouddata.net", "louise@weclouddata.org", "louise@weclouddata.us", "louise_c@weclouddata.org", "louise_c@weclouddata.us"]', 300.0, TRUE, '[]', TRUE, TRUE, FALSE, 'f44277de-69b2-4bc3-a69c-28afd4094123', NULL, NULL, NULL, NULL, NULL) ON CONFLICT (id) DO NOTHING;
INSERT INTO leads.instantly_campaign_steps (campaign_id, step_index, type, delay) VALUES ('b8f9cd41-28be-420a-a283-21ed049eee28', 0, 'email', 5) ON CONFLICT (campaign_id, step_index) DO NOTHING;
INSERT INTO leads.instantly_campaign_contents (campaign_id, step_index, variant_index, subject, body) VALUES ('b8f9cd41-28be-420a-a283-21ed049eee28', 0, 0, 'Still on the fence about AI? ', '<div>{{firstName}},</div><div><br /></div><div>AI’s already transforming how legal work gets done — research, drafting, e-discovery, even litigation prep. But most legal teams are stuck googling prompts and winging it.</div><div><br /></div><div>That’s why companies like {{companyName}} are working with WeCloudData, we offer corporate AI training built specifically for legal teams. trusted by teams at BMO, Bell, Rogers + fast-growing firms across the US</div><div><br /></div><div>All designed to get your legal team <a href="https://weclouddata.com/corporate-training/?utm_source=newsletter&amp;utm_medium=email&amp;utm_campaign=us-legal">AI-literate</a> without derailing billables.</div><div>Want a <a href="https://meetings.hubspot.com/warney/talk-to-wecloud-program-advisor?uuid=f772e830-c1fe-4c3a-af95-34b2bb557260&amp;utm_source=newsletter&amp;utm_medium=email&amp;utm_campaign=us-legal">quick look</a> at the curriculum?</div><div><br /></div><div>{{RANDOM | Best, | Regards, | Cheers,}}</div><div>WeCloudData</div>') ON CONFLICT (campaign_id, step_index, variant_index) DO NOTHING;
INSERT INTO leads.instantly_campaign_contents (campaign_id, step_index, variant_index, subject, body) VALUES ('b8f9cd41-28be-420a-a283-21ed049eee28', 0, 1, 'Quick Question {{firstName}} ', '<div>{{firstName}} </div><div> </div><div>Imagine this it’s 7:48 p.m. Your associate’s still tweaking a vendor agreement — not because it’s hard, just full of manual edits.</div><div><br /></div><div>AI can handle that in minutes: redlines, clause checks, summaries. No one went to law school to fight PDFs at night.</div><div><br /></div><div>We <a href="https://weclouddata.com/corporate-training/?utm_source=newsletter&amp;utm_medium=email&amp;utm_campaign=us-legal">train legal teams</a> to skip the grunt work — fast, safe, no hype. Want a <a href="https://meetings.hubspot.com/warney/talk-to-wecloud-program-advisor?uuid=f772e830-c1fe-4c3a-af95-34b2bb557260&amp;utm_source=newsletter&amp;utm_medium=email&amp;utm_campaign=us-legal">quick look?</a></div><div><br /></div><div>{{RANDOM | Best, | Regards, | Cheers,}}</div><div>WeCloudData</div>') ON CONFLICT (campaign_id, step_index, variant_index) DO NOTHING;
INSERT INTO leads.instantly_campaign_steps (campaign_id, step_index, type, delay) VALUES ('b8f9cd41-28be-420a-a283-21ed049eee28', 1, 'email', 2) ON CONFLICT (campaign_id, step_index) DO NOTHING;
INSERT INTO leads.instantly_campaign_contents (campaign_id, step_index, variant_index, subject, body) VALUES ('b8f9cd41-28be-420a-a283-21ed049eee28', 1, 0, '', '<div>Hey  {{firstName}} its me again</div><div><br /></div><div>Totally fair if AI sets off your compliance radar — legal teams have real concerns around things like hallucinations, data privacy, and ethical risks.</div><div><br /></div><div>That’s why our approach includes human-in-the-loop review, firm-wide usage policies, and case-specific safeguards. It’s not about handing over control — it’s about giving your team smarter tools.</div><div><br /></div><div>Want a quick rundown on how we can help {{companyName}} build safe, internal <a href="https://weclouddata.com/corporate-training/?utm_source=newsletter&amp;utm_medium=email&amp;utm_campaign=us-legal">AI workflows?</a></div><div><br /></div><div>Cheers,</div><div>WeCloudData</div>') ON CONFLICT (campaign_id, step_index, variant_index) DO NOTHING;
INSERT INTO leads.instantly_campaign_steps (campaign_id, step_index, type, delay) VALUES ('b8f9cd41-28be-420a-a283-21ed049eee28', 2, 'email', 2) ON CONFLICT (campaign_id, step_index) DO NOTHING;
INSERT INTO leads.instantly_campaign_contents (campaign_id, step_index, variant_index, subject, body) VALUES ('b8f9cd41-28be-420a-a283-21ed049eee28', 2, 0, '{{companyName}} might be eligible for funding ', '<div>Hey {{firstName}}, </div><div><br /></div><div>The best part? Law firms are getting AI education fully funded—without touching the operations budget. WeCloudData’s legal AI training accepts company education funding.</div><div><br /></div><div>And the <a href="https://weclouddata.com/corporate-training/?utm_source=newsletter&amp;utm_medium=email&amp;utm_campaign=us-legal">AI upskilling</a>? Customized for legal workflows, Flexible to your schedule and rated 4.8 by partners.</div><div><br /></div><div>Your team gets smarter. Your clients notice. Should I send over a 2-minute breakdown of what’s might work for {{companyName}}?</div><div><br /></div><div>Best, </div><div>WeCloudData</div><div><br /></div><div>P.S. You might be eligible for funding and not even know it. Book your <a href="https://meetings.hubspot.com/warney/talk-to-wecloud-program-advisor?uuid=f772e830-c1fe-4c3a-af95-34b2bb557260&amp;utm_source=newsletter&amp;utm_medium=email&amp;utm_campaign=us-legal">meeting.</a></div>') ON CONFLICT (campaign_id, step_index, variant_index) DO NOTHING;
INSERT INTO leads.instantly_campaign_contents (campaign_id, step_index, variant_index, subject, body) VALUES ('b8f9cd41-28be-420a-a283-21ed049eee28', 2, 1, ' AI training without draining your budget', '<div>Hey {{firstName}}, </div><div><br /></div><div>Real talk — <a href="https://weclouddata.com/corporate-training/?utm_source=newsletter&amp;utm_medium=email&amp;utm_campaign=us-legal">AI education</a> sounds expensive, right? We accept company funding for upskilling so your employees can build real skill without adding strain to the budget</div><div><br /></div><div>It doesn’t need to be a big thing. just a smart first step.</div><div><br /></div><div>Want a list of funding options we’re seeing work for firms like {{companyName}}?</div><div><br /></div><div>Best,</div><div>WeCloudData</div>') ON CONFLICT (campaign_id, step_index, variant_index) DO NOTHING;
INSERT INTO leads.instantly_campaign_steps (campaign_id, step_index, type, delay) VALUES ('b8f9cd41-28be-420a-a283-21ed049eee28', 3, 'email', 1) ON CONFLICT (campaign_id, step_index) DO NOTHING;
INSERT INTO leads.instantly_campaign_contents (campaign_id, step_index, variant_index, subject, body) VALUES ('b8f9cd41-28be-420a-a283-21ed049eee28', 3, 0, '', '<div>Hey {{firstName}}, </div><div><br /></div><div><a href="https://weclouddata.com/corporate-training/?utm_source=newsletter&amp;utm_medium=email&amp;utm_campaign=us-legal">AI upskilling</a> might not be on your radar yet — and that’s totally okay.</div><div><br /></div><div>But if your team’s bogged down with admin, juggling too many tools, or just curious how others are using AI, it might be worth a quick, no-pressure chat.</div><div><br /></div><div>We can walk you through what it might look like — or just share the info and let you decide later. Want me send over <a href="https://meetings.hubspot.com/warney/talk-to-wecloud-program-advisor?uuid=f772e830-c1fe-4c3a-af95-34b2bb557260&amp;utm_source=newsletter&amp;utm_medium=email&amp;utm_campaign=us-legal">available slots?</a></div><div><br /></div><div>Best,</div><div>WeCloudData</div>') ON CONFLICT (campaign_id, step_index, variant_index) DO NOTHING;
COMMIT;
-- End of record --

BEGIN;
INSERT INTO leads.instantly_campaigns ("id", "name", "status", "campaign_schedule", "timestamp_created", "timestamp_updated", "text_only", "email_list", "daily_limit", "stop_on_reply", "email_tag_list", "link_tracking", "open_tracking", "stop_on_auto_reply", "organization", "email_gap", "prioritize_new_leads", "auto_variant_select", "stop_for_company", "insert_unsubscribe_header") VALUES ('b1debc1d-a7c8-463a-b495-da15eea03efd', 'Louise_corporate training_target Toronto training/hr dept director (51-100 headcount)', 3, '{}', '2024-12-27T22:23:55.483Z', '2025-03-07T14:42:24.915Z', FALSE, '["louise.c@weclouddata.net", "louise.c@weclouddata.org", "louise.c@weclouddata.us", "louise.cheng@weclouddata.org", "louise.cheng@weclouddata.us", "louise@weclouddata.net", "louise@weclouddata.org", "louise@weclouddata.us", "louise_c@weclouddata.org", "louise_c@weclouddata.us"]', 300.0, TRUE, '[]', TRUE, TRUE, FALSE, 'f44277de-69b2-4bc3-a69c-28afd4094123', NULL, NULL, NULL, NULL, NULL) ON CONFLICT (id) DO NOTHING;
INSERT INTO leads.instantly_campaign_steps (campaign_id, step_index, type, delay) VALUES ('b1debc1d-a7c8-463a-b495-da15eea03efd', 0, 'email', 3) ON CONFLICT (campaign_id, step_index) DO NOTHING;
INSERT INTO leads.instantly_campaign_contents (campaign_id, step_index, variant_index, subject, body) VALUES ('b1debc1d-a7c8-463a-b495-da15eea03efd', 0, 0, 'Transform Your Team with AI Training - 1000+ Students Already Benefiting!', '<div>Hi&nbsp;{{firstName}} ,</div><div><br></div><div>Looking for AI training for your team? <a href="http://www.weclouddata.com" target="_blank">WeCloudData</a> just completed a program for over 1000 students in Canada, US and the UAE, empowering them with cutting-edge AI skills. Let&rsquo;s discuss how we can do the same for your team.</div><div><br></div><div>Best,</div><div>Louise&nbsp;</div><div><a href="https://meetings.hubspot.com/louise-cheng?uuid=5d59adb0-ec9a-429c-895a-b90f153f8fba" target="_blank">Meeting link</a></div>') ON CONFLICT (campaign_id, step_index, variant_index) DO NOTHING;
INSERT INTO leads.instantly_campaign_steps (campaign_id, step_index, type, delay) VALUES ('b1debc1d-a7c8-463a-b495-da15eea03efd', 1, 'email', 1) ON CONFLICT (campaign_id, step_index) DO NOTHING;
INSERT INTO leads.instantly_campaign_contents (campaign_id, step_index, variant_index, subject, body) VALUES ('b1debc1d-a7c8-463a-b495-da15eea03efd', 1, 0, 'Don’t Miss Out: Join the 1000+ Trained in AI!', '<div>Hi&nbsp;{{firstName}} ,</div><div><br></div><div>Ready to transform your team into AI leaders? <a href="http://www.weclouddata.com" target="_blank">WeCloudData&rsquo;s</a> recent training program in the UAE has seen remarkable success. Let&rsquo;s schedule a call to see how we can help your team achieve similar results. Act now to secure your spot!&nbsp;</div><div><br></div><div>Best,</div><div>Louise</div><div><a href="https://meetings.hubspot.com/louise-cheng?uuid=5d59adb0-ec9a-429c-895a-b90f153f8fba" target="_blank">Meeting link</a></div>') ON CONFLICT (campaign_id, step_index, variant_index) DO NOTHING;
COMMIT;
-- End of record --

BEGIN;
INSERT INTO leads.instantly_campaigns ("id", "name", "status", "campaign_schedule", "timestamp_created", "timestamp_updated", "text_only", "email_list", "daily_limit", "stop_on_reply", "email_tag_list", "link_tracking", "open_tracking", "stop_on_auto_reply", "organization", "email_gap", "prioritize_new_leads", "auto_variant_select", "stop_for_company", "insert_unsubscribe_header") VALUES ('ade7a256-0679-46dc-bb15-df26223cbae6', 'Warney - GenAI Webinar', 1, '{}', '2025-03-17T20:07:08.427Z', '2025-03-17T20:10:12.955Z', FALSE, '["w.sarkis@weclouddataacademy.com", "w.sarkis@wecloudtraining.com", "w.sarkiss@weclouddata-corp.com", "w.sarkiss@weclouddataacademy.com", "w.sarkiss@wecloudtraining.com", "warney.s@weclouddata-corp.com", "warney.s@weclouddataacademy.com", "warney.s@wecloudtraining.com", "warney.sarkis@weclouddata-corp.com", "warney.sarkis@weclouddataacademy.com", "warney.sarkis@wecloudtraining.com"]', 330.0, TRUE, '[]', TRUE, TRUE, FALSE, 'f44277de-69b2-4bc3-a69c-28afd4094123', NULL, NULL, NULL, NULL, TRUE) ON CONFLICT (id) DO NOTHING;
INSERT INTO leads.instantly_campaign_steps (campaign_id, step_index, type, delay) VALUES ('ade7a256-0679-46dc-bb15-df26223cbae6', 0, 'email', 6) ON CONFLICT (campaign_id, step_index) DO NOTHING;
INSERT INTO leads.instantly_campaign_contents (campaign_id, step_index, variant_index, subject, body) VALUES ('ade7a256-0679-46dc-bb15-df26223cbae6', 0, 0, 'Quick Question, {{firstName}}!', '<div>Hi {{firstName}},</div><div><br /></div><div>I know you’re busy, so I’ll keep this brief. Generative AI is reshaping the technology landscape, and as a tech leader, staying ahead of these innovations is key to driving business success.</div><div><br /></div><div>Join us for an exclusive webinar on March 28 at 12:30 PM, where our AI expert will discuss:</div><div><br /></div><div>🚀 How GenAI is transforming IT strategy and operations</div><div>🔹 Practical applications in software development, automation, and security</div><div>📊 Key considerations for integrating AI into your tech stack</div><div><br /></div><div>Want to know more? <a href="https://share.hsforms.com/2tlopUCLQRLKbRcIyf1wOfQ44nue" target="_blank">CLICK HERE!</a></div><div><br /></div><div>This invite-only session is designed for CTOs, CIOs, and technology leaders looking to harness AI for innovation and efficiency. Spots are limited, so let me know if you’re interested, and I’ll send over the details.</div><div><br /></div><div>Looking forward to your thoughts!</div><div><br /></div><div>Best,</div>') ON CONFLICT (campaign_id, step_index, variant_index) DO NOTHING;
INSERT INTO leads.instantly_campaign_steps (campaign_id, step_index, type, delay) VALUES ('ade7a256-0679-46dc-bb15-df26223cbae6', 1, 'email', 1) ON CONFLICT (campaign_id, step_index) DO NOTHING;
INSERT INTO leads.instantly_campaign_contents (campaign_id, step_index, variant_index, subject, body) VALUES ('ade7a256-0679-46dc-bb15-df26223cbae6', 1, 0, '', '<div>Hi {{firstName}},</div><div><br /></div><div>I wanted to reach out one last time—our GenAI for Technology Leaders webinar is happening this Thursday, March 28, at 12:30 PM, and there are only a few spots left.</div><div><br /></div><div>In this session, our AI expert will cover:</div><div><br /></div><div>✅ How GenAI is reshaping IT strategy and operations</div><div>✅ Real-world applications in software development, automation, and security</div><div>✅ Key considerations for integrating AI into your tech stack</div><div><br /></div><div>If you’re looking to stay ahead in the rapidly evolving AI landscape, this session is for you. Let me know if you''d like to join, and I’ll send over the details!</div><div><br /></div><div>Hope to see you there.</div><div><br /></div><div>Best,</div>') ON CONFLICT (campaign_id, step_index, variant_index) DO NOTHING;
COMMIT;
-- End of record --

BEGIN;
INSERT INTO leads.instantly_campaigns ("id", "name", "status", "campaign_schedule", "timestamp_created", "timestamp_updated", "text_only", "email_list", "daily_limit", "stop_on_reply", "email_tag_list", "link_tracking", "open_tracking", "stop_on_auto_reply", "organization", "email_gap", "prioritize_new_leads", "auto_variant_select", "stop_for_company", "insert_unsubscribe_header") VALUES ('a9aeacee-900f-406c-aaed-9e82c115b69d', 'Maliha-US financial services follow up', 1, '{}', '2025-05-22T17:24:10.464Z', '2025-05-22T19:55:13.928Z', FALSE, '["louise.cheng@weclouddata.org", "louise.c@weclouddata.us", "louise.cheng@weclouddata.us", "louise@weclouddata.net", "louise@weclouddata.org", "louise.c@weclouddata.org", "louise@weclouddata.us", "louise_c@weclouddata.org", "louise_c@weclouddata.us", "louise.c@weclouddata.net"]', 300.0, TRUE, '[]', TRUE, TRUE, FALSE, 'f44277de-69b2-4bc3-a69c-28afd4094123', NULL, NULL, NULL, NULL, NULL) ON CONFLICT (id) DO NOTHING;
INSERT INTO leads.instantly_campaign_steps (campaign_id, step_index, type, delay) VALUES ('a9aeacee-900f-406c-aaed-9e82c115b69d', 0, 'email', 5) ON CONFLICT (campaign_id, step_index) DO NOTHING;
INSERT INTO leads.instantly_campaign_contents (campaign_id, step_index, variant_index, subject, body) VALUES ('a9aeacee-900f-406c-aaed-9e82c115b69d', 0, 0, 'Quick Question {{companyName}}', '<div>Hi {{firstName}} </div><div><br /></div><div>No idea if this got buried or wasn''t a fit, but worth poking again.</div><div><br /></div><div>Quick recap — we help financial services teams like {{companyName}} <a href="https://weclouddata.com/corporate-training/?utm_source=newsletter&amp;utm_medium=email&amp;utm_campaign=us-financial-services-follow-up">upskill employees with tailor-made sessions</a> + role-specific upskilling → less knowledge gap across departments + retention through corporate training built for real-world financial services problems.</div><div><br /></div><div>Curious if this is even a priority right now?</div><div><br /></div><div>{{RANDOM | Best, | Regards, | Cheers,}}</div><div>WeCloudData</div>') ON CONFLICT (campaign_id, step_index, variant_index) DO NOTHING;
INSERT INTO leads.instantly_campaign_contents (campaign_id, step_index, variant_index, subject, body) VALUES ('a9aeacee-900f-406c-aaed-9e82c115b69d', 0, 1, 'Still exploring AI training options?', '<div>Hey {{firstName}}</div><div><br /></div><div>No clue if this slipped through the cracks or was a “not now,” but figured I’d nudge again.</div><div><br /></div><div>Finance teams at Scotiabank and BMO came to us when internal training just wasn’t cutting it anymore. We helped them turn underperforming hires into confident, <a href="https://weclouddata.com/corporate-training/?utm_source=newsletter&amp;utm_medium=email&amp;utm_campaign=us-financial-services-follow-up">capable data-first teams.</a></div><div><br /></div><div>If that’s even remotely familiar at {{companyName}}, <a href="https://meetings.hubspot.com/warney/talk-to-wecloud-program-advisor?uuid=f772e830-c1fe-4c3a-af95-34b2bb557260&amp;utm_source=newsletter&amp;utm_medium=email&amp;utm_campaign=us-financial-services-follow-up">worth 10 mins?</a></div><div><br /></div><div>{{RANDOM | Best, | Regards, | Cheers,}}</div><div>WeCloudData</div>') ON CONFLICT (campaign_id, step_index, variant_index) DO NOTHING;
INSERT INTO leads.instantly_campaign_steps (campaign_id, step_index, type, delay) VALUES ('a9aeacee-900f-406c-aaed-9e82c115b69d', 1, 'email', 2) ON CONFLICT (campaign_id, step_index) DO NOTHING;
INSERT INTO leads.instantly_campaign_contents (campaign_id, step_index, variant_index, subject, body) VALUES ('a9aeacee-900f-406c-aaed-9e82c115b69d', 1, 0, '{{companyName}} eligible for funding (seriously)', '<div>{{firstName}} ,</div><div><br /></div><div>Quick heads up — we accept <a href="https://weclouddata.com/corporate-training/?utm_source=newsletter&amp;utm_medium=email&amp;utm_campaign=us-financial-services-follow-up">company funding for upskilling</a> so your employees can  build real skill without adding strain to the budget</div><div><br /></div><div>WeClouddata is<strong> top rated</strong> by students &amp; partners alike,<strong> 4.8/5</strong> Google rating, which is why I wouldn''t want you to miss this opportunity to upskill your team. </div><div><br /></div><div>Want a breakdown of funding options?</div><div><br /></div><div>{{RANDOM | Best, | Regards, | Cheers,}}</div><div>WeCloudData</div>') ON CONFLICT (campaign_id, step_index, variant_index) DO NOTHING;
INSERT INTO leads.instantly_campaign_steps (campaign_id, step_index, type, delay) VALUES ('a9aeacee-900f-406c-aaed-9e82c115b69d', 2, 'email', 1) ON CONFLICT (campaign_id, step_index) DO NOTHING;
INSERT INTO leads.instantly_campaign_contents (campaign_id, step_index, variant_index, subject, body) VALUES ('a9aeacee-900f-406c-aaed-9e82c115b69d', 2, 0, 'not like other training ', '<div>{{firstName}},</div><div><br /></div><div>You might still be thinking that, like other corporate training stuck in 2005, ours would look like this—slide decks, vague advice, zero impact.</div><div><br /></div><div>Which is why we at, WeCloudData built <a href="https://weclouddata.com/corporate-training/?utm_source=newsletter&amp;utm_medium=email&amp;utm_campaign=us-financial-services-follow-up">org upskilling programs</a> that:</div><ul style="margin-top:0;margin-bottom:0;padding-inline-start:48px"><li dir="ltr" style="list-style-type:disc;font-size:11pt;font-family:Arial,sans-serif;color:#500050;background-color:transparent;font-weight:400;font-style:normal;font-variant:normal;text-decoration:none;vertical-align:baseline;white-space:pre"><div>target real skill gaps with live, role-based coaching</div></li><li dir="ltr" style="list-style-type:disc;font-size:11pt;font-family:Arial,sans-serif;color:#500050;background-color:transparent;font-weight:400;font-style:normal;font-variant:normal;text-decoration:none;vertical-align:baseline;white-space:pre"><div>are built around use cases in data analytics, cloud, and ai/ml</div></li><li dir="ltr" style="list-style-type:disc;font-size:11pt;font-family:Arial,sans-serif;color:#500050;background-color:transparent;font-weight:400;font-style:normal;font-variant:normal;text-decoration:none;vertical-align:baseline;white-space:pre"><div>help teams deliver measurable results in weeks, not quarters</div></li></ul><div><br /></div><div>Could {{companyName}} benefit from this kind of training? Can send a 2 minutes personalized ppt if you''re curious.</div><div><br /></div><div>Best,</div><div>WeCloudData</div>') ON CONFLICT (campaign_id, step_index, variant_index) DO NOTHING;
INSERT INTO leads.instantly_campaign_steps (campaign_id, step_index, type, delay) VALUES ('a9aeacee-900f-406c-aaed-9e82c115b69d', 3, 'email', 1) ON CONFLICT (campaign_id, step_index) DO NOTHING;
INSERT INTO leads.instantly_campaign_contents (campaign_id, step_index, variant_index, subject, body) VALUES ('a9aeacee-900f-406c-aaed-9e82c115b69d', 3, 0, '', '<div>{{firstName}} </div><div><br /></div><div>This’ll be my last nudge unless you want to keep this convo going.</div><div><br /></div><div>We’ve done this successfully for over 1,000 professionals—especially in finance, if <a href="https://weclouddata.com/corporate-training/?utm_source=newsletter&amp;utm_medium=email&amp;utm_campaign=us-financial-services-follow-up">upskilling</a> stronger, more data-literate teams is on the 2025 to-do list, happy to send over the personalized deck for {{companyName}}. </div><div><br /></div><div>Should I? </div><div><br /></div><div>P.S. you can reach out <a href="https://meetings.hubspot.com/warney/talk-to-wecloud-program-advisor?uuid=f772e830-c1fe-4c3a-af95-34b2bb557260&amp;utm_source=newsletter&amp;utm_medium=email&amp;utm_campaign=us-financial-services-follow-up">HERE</a> to book a meeting.</div><div>Best, </div><div>WeCloudData</div>') ON CONFLICT (campaign_id, step_index, variant_index) DO NOTHING;
COMMIT;
-- End of record --

BEGIN;
INSERT INTO leads.instantly_campaigns ("id", "name", "status", "campaign_schedule", "timestamp_created", "timestamp_updated", "text_only", "email_list", "daily_limit", "stop_on_reply", "email_tag_list", "link_tracking", "open_tracking", "stop_on_auto_reply", "organization", "email_gap", "prioritize_new_leads", "auto_variant_select", "stop_for_company", "insert_unsubscribe_header") VALUES ('a64d0c6f-4fe6-4f4b-b4f8-104eb871daaf', 'Warney - Cofunder GenAI', 1, '{}', '2025-03-21T21:08:10.867Z', '2025-03-21T21:10:56.733Z', FALSE, '["w.sarkis@weclouddataacademy.com", "w.sarkis@wecloudtraining.com", "w.sarkiss@weclouddata-corp.com", "w.sarkiss@weclouddataacademy.com", "w.sarkiss@wecloudtraining.com", "warney.s@weclouddata-corp.com", "warney.s@wecloudtraining.com", "warney.sarkis@weclouddataacademy.com", "warney.sarkis@weclouddata-corp.com", "warney.sarkis@wecloudtraining.com"]', 300.0, TRUE, '[]', TRUE, TRUE, FALSE, 'f44277de-69b2-4bc3-a69c-28afd4094123', NULL, NULL, NULL, NULL, NULL) ON CONFLICT (id) DO NOTHING;
INSERT INTO leads.instantly_campaign_steps (campaign_id, step_index, type, delay) VALUES ('a64d0c6f-4fe6-4f4b-b4f8-104eb871daaf', 0, 'email', 6) ON CONFLICT (campaign_id, step_index) DO NOTHING;
INSERT INTO leads.instantly_campaign_contents (campaign_id, step_index, variant_index, subject, body) VALUES ('a64d0c6f-4fe6-4f4b-b4f8-104eb871daaf', 0, 0, 'Quick Question, {{firstName}}!', '<div>Hi {{firstName}} ,</div><div><br /></div><div>I know you’re busy, so I’ll keep this short—no cold pitch here.</div><div><br /></div><div>We’re hosting an exclusive Leaders’ Generative AI Session at WeCloudData, designed for executives looking to stay ahead in the AI revolution. </div><div><br /></div><div>You’ll gain:</div><div>✅ Real-world applications of GenAI for business growth</div><div>✅ Strategies for integrating AI into your organization</div><div>✅ Insights from industry experts and top leaders</div><div><br /></div><div>Would you be open to joining us? Happy to share more details.</div><div><br /></div><div>Want to know more? <a href="https://share.hsforms.com/2tlopUCLQRLKbRcIyf1wOfQ44nue" target="_blank">CLICK HERE!</a></div><div><br /></div><div>Looking forward to your thoughts!</div><div><br /></div><div>Best,</div>') ON CONFLICT (campaign_id, step_index, variant_index) DO NOTHING;
INSERT INTO leads.instantly_campaign_steps (campaign_id, step_index, type, delay) VALUES ('a64d0c6f-4fe6-4f4b-b4f8-104eb871daaf', 1, 'email', 1) ON CONFLICT (campaign_id, step_index) DO NOTHING;
INSERT INTO leads.instantly_campaign_contents (campaign_id, step_index, variant_index, subject, body) VALUES ('a64d0c6f-4fe6-4f4b-b4f8-104eb871daaf', 1, 0, '', '<div>Hi {{firstName}},</div><div><br /></div><div>Just wanted to follow up on my last note. I know schedules get busy, but I’d love to have you join our Leaders’ Generative AI Session at WeCloudData.</div><div><br /></div><div>It’s a no-pitch, high-value discussion on how executives are leveraging GenAI to drive innovation and efficiency. </div><div><br /></div><div>You’ll gain:</div><div>✅ Real-world GenAI applications for business growth</div><div>✅ Strategies for integrating AI into your organization</div><div>✅ Insights from industry experts and top leaders</div><div><br /></div><div>Would you be open to joining us? Happy to send more details or find a time to chat.</div><div><br /></div><div>Looking forward to your thoughts!</div><div><br /></div><div>Best,</div>') ON CONFLICT (campaign_id, step_index, variant_index) DO NOTHING;
COMMIT;
-- End of record --

BEGIN;
INSERT INTO leads.instantly_campaigns ("id", "name", "status", "campaign_schedule", "timestamp_created", "timestamp_updated", "text_only", "email_list", "daily_limit", "stop_on_reply", "email_tag_list", "link_tracking", "open_tracking", "stop_on_auto_reply", "organization", "email_gap", "prioritize_new_leads", "auto_variant_select", "stop_for_company", "insert_unsubscribe_header") VALUES ('a42a11c6-9eba-47d8-9ecd-64c9f7de6df3', 'Warney - COO For GenAI Campaign', 1, '{}', '2025-03-24T18:50:26.644Z', '2025-03-25T15:24:54.659Z', FALSE, '["warney.s@wecloudtraining.com", "warney.s@weclouddata-corp.com", "w.sarkiss@weclouddataacademy.com", "w.sarkis@wecloudtraining.com", "w.sarkiss@weclouddata-corp.com", "w.sarkiss@wecloudtraining.com", "warney.sarkis@weclouddata-corp.com", "warney.sarkis@weclouddataacademy.com", "w.sarkis@weclouddataacademy.com"]', 270.0, TRUE, '[]', TRUE, TRUE, FALSE, 'f44277de-69b2-4bc3-a69c-28afd4094123', NULL, NULL, NULL, NULL, NULL) ON CONFLICT (id) DO NOTHING;
INSERT INTO leads.instantly_campaign_steps (campaign_id, step_index, type, delay) VALUES ('a42a11c6-9eba-47d8-9ecd-64c9f7de6df3', 0, 'email', 6) ON CONFLICT (campaign_id, step_index) DO NOTHING;
INSERT INTO leads.instantly_campaign_contents (campaign_id, step_index, variant_index, subject, body) VALUES ('a42a11c6-9eba-47d8-9ecd-64c9f7de6df3', 0, 0, 'Quick Question, {{firstName}} ', '<div>Hi {{firstName}},</div><div><br /></div><div>I know you’re busy, so I’ll keep this brief. Generative AI is reshaping the technology landscape, and as a tech leader, staying ahead of these innovations is key to driving business success.</div><div><br /></div><div>Join us for an exclusive webinar on March 28 at 12:30 PM, where our AI expert will discuss:</div><div><br /></div><div>🚀 How GenAI is transforming IT strategy and operations</div><div>🔹 Practical applications in software development, automation, and security</div><div>📊 Key considerations for integrating AI into your tech stack</div><div><br /></div><div>This invite-only session is designed for CTOs, CIOs, and technology leaders looking to harness AI for innovation and efficiency. Spots are limited, so let me know if you’re interested, and I’ll send over the details.</div><div><br /></div><div>Want to know more? <a href="https://weclouddata.com/corporate-training/" target="_blank">CLICK HERE!</a></div><div><br /></div><div>Looking forward to your thoughts!</div><div><br /></div><div>Best,</div>') ON CONFLICT (campaign_id, step_index, variant_index) DO NOTHING;
INSERT INTO leads.instantly_campaign_steps (campaign_id, step_index, type, delay) VALUES ('a42a11c6-9eba-47d8-9ecd-64c9f7de6df3', 1, 'email', 1) ON CONFLICT (campaign_id, step_index) DO NOTHING;
INSERT INTO leads.instantly_campaign_contents (campaign_id, step_index, variant_index, subject, body) VALUES ('a42a11c6-9eba-47d8-9ecd-64c9f7de6df3', 1, 0, '', '<div>Hi {{firstName}},</div><div><br /></div><div>I wanted to reach out one last time—our GenAI for Technology Leaders webinar is happening this Thursday, March 28, at 12:30 PM, and there are only a few spots left.</div><div>In this session, our AI expert will cover:</div><div><br /></div><div>✅ How GenAI is reshaping IT strategy and operations</div><div>✅ Real-world applications in software development, automation, and security</div><div>✅ Key considerations for integrating AI into your tech stack</div><div><br /></div><div>If you’re looking to stay ahead in the rapidly evolving AI landscape, this session is for you. Let me know if you''d like to join, and I’ll send over the details!</div><div><br /></div><div>Hope to see you there.</div><div><br /></div><div>Best,</div>') ON CONFLICT (campaign_id, step_index, variant_index) DO NOTHING;
COMMIT;
-- End of record --

BEGIN;
INSERT INTO leads.instantly_campaigns ("id", "name", "status", "campaign_schedule", "timestamp_created", "timestamp_updated", "text_only", "email_list", "daily_limit", "stop_on_reply", "email_tag_list", "link_tracking", "open_tracking", "stop_on_auto_reply", "organization", "email_gap", "prioritize_new_leads", "auto_variant_select", "stop_for_company", "insert_unsubscribe_header") VALUES ('a2f2641a-2659-4871-b27b-9aa1491cc725', 'Warney - Data Scientist', 3, '{"schedules": [{"name": "Weekday Schedule", "timing": {"from": "09:00", "to": "17:00"}, "days": {"1": true, "2": true, "3": true, "4": true, "5": true}, "timezone": "America/Detroit"}], "start_date": "2025-04-15T16:43:09.647Z", "end_date": "2025-05-15T16:43:09.647Z"}', '2025-04-16T19:03:47.332Z', '2025-04-21T15:04:23.113Z', FALSE, '["w.sarkis@wecloudtraining.com", "w.sarkis@weclouddataacademy.com"]', 60.0, TRUE, '[]', FALSE, FALSE, FALSE, 'f44277de-69b2-4bc3-a69c-28afd4094123', NULL, NULL, NULL, NULL, NULL) ON CONFLICT (id) DO NOTHING;
INSERT INTO leads.instantly_campaign_steps (campaign_id, step_index, type, delay) VALUES ('a2f2641a-2659-4871-b27b-9aa1491cc725', 0, 'email', 0) ON CONFLICT (campaign_id, step_index) DO NOTHING;
INSERT INTO leads.instantly_campaign_contents (campaign_id, step_index, variant_index, subject, body) VALUES ('a2f2641a-2659-4871-b27b-9aa1491cc725', 0, 0, 'Elevate Your Data Team''s AI Skills with WeCloudData''s AI Engineering Bootcamp   ', '<div>Hi {{firstName}}, </div><div><br /></div><div>As a managing data science initiatives at {{companyName}}, you know that staying ahead in AI means building a team that''s ready for tomorrow''s challenges. That''s why WeCloudData is launching an AI Engineering Bootcamp designed specifically for data science leaders like you. </div><div><br /></div><div>Our program delivers hands-on training in scalable AI solutions-covering everything from cloud infrastructure to GenAI and LLM chatbots-so your team can accelerate innovation and drive measurable business impact. </div><div><br /></div><div>Would you be open to a brief chat about how this Bootcamp can empower your data scientists and managers to unlock new value from your data? Best regards, </div><div><br /></div><div>Warney WeCloudData | AI Consulting for Data Leaders </div>') ON CONFLICT (campaign_id, step_index, variant_index) DO NOTHING;
COMMIT;
-- End of record --

BEGIN;
INSERT INTO leads.instantly_campaigns ("id", "name", "status", "campaign_schedule", "timestamp_created", "timestamp_updated", "text_only", "email_list", "daily_limit", "stop_on_reply", "email_tag_list", "link_tracking", "open_tracking", "stop_on_auto_reply", "organization", "email_gap", "prioritize_new_leads", "auto_variant_select", "stop_for_company", "insert_unsubscribe_header") VALUES ('a0ea3cfb-6df0-4795-ac2d-ab56b34b3c68', 'Maliha- UAE Mining & Oil', 3, '{"schedules": [{"name": "New schedule", "timing": {"from": "09:00", "to": "18:00"}, "days": {"1": true, "2": true, "3": true, "4": true, "5": true}, "timezone": "Asia/Dubai"}], "start_date": "", "end_date": ""}', '2025-04-09T14:12:13.658Z', '2025-04-09T17:30:20.150Z', FALSE, '["louise.c@weclouddata.net", "louise.c@weclouddata.org", "louise.c@weclouddata.us", "louise.cheng@weclouddata.org", "louise.cheng@weclouddata.us", "louise@weclouddata.net", "louise@weclouddata.org", "louise@weclouddata.us", "louise_c@weclouddata.org", "louise_c@weclouddata.us"]', 300.0, TRUE, '[]', TRUE, TRUE, FALSE, 'f44277de-69b2-4bc3-a69c-28afd4094123', NULL, NULL, NULL, NULL, NULL) ON CONFLICT (id) DO NOTHING;
INSERT INTO leads.instantly_campaign_steps (campaign_id, step_index, type, delay) VALUES ('a0ea3cfb-6df0-4795-ac2d-ab56b34b3c68', 0, 'email', 5) ON CONFLICT (campaign_id, step_index) DO NOTHING;
INSERT INTO leads.instantly_campaign_contents (campaign_id, step_index, variant_index, subject, body) VALUES ('a0ea3cfb-6df0-4795-ac2d-ab56b34b3c68', 0, 0, 'Is {{companyName}}  aligned w/UAE Vision 2031?', '<div>{{firstName}},</div><div><br /></div><div>AI’s everywhere, but let’s be real—it’s overwhelming. Lots of noise, too little clarity. and if you’re like most energy leaders we talk to, it feels like this:</div><ul style="margin-top:0;margin-bottom:0;padding-inline-start:48px"><li dir="ltr" style="list-style-type:disc;font-size:11pt;font-family:Arial,sans-serif;color:#000000;background-color:transparent;font-weight:400;font-style:normal;font-variant:normal;text-decoration:none;vertical-align:baseline;white-space:pre"><div>your team wants to explore AI, but doesn’t know where to start</div></li><li dir="ltr" style="list-style-type:disc;font-size:11pt;font-family:Arial,sans-serif;color:#000000;background-color:transparent;font-weight:400;font-style:normal;font-variant:normal;text-decoration:none;vertical-align:baseline;white-space:pre"><div>every vendor pitches “revolution,” but no one sticks around to implement</div></li><li dir="ltr" style="list-style-type:disc;font-size:11pt;font-family:Arial,sans-serif;color:#000000;background-color:transparent;font-weight:400;font-style:normal;font-variant:normal;text-decoration:none;vertical-align:baseline;white-space:pre"><div>there’s pressure to do something before the board starts asking questions</div></li></ul><div><br /></div><div>We help mining &amp; oil teams in the UAE, no fluff. real use cases. <a href="https://weclouddata.com/corporate-training/?utm_source=newsletter&amp;utm_medium=email&amp;utm_campaign=uae-resources" target="_blank">Real training</a>. <a href="https://meetings.hubspot.com/warney/talk-to-wecloud-program-advisor?uuid=f772e830-c1fe-4c3a-af95-34b2bb557260&amp;utm_source=newsletter&amp;utm_medium=email&amp;utm_campaign=uae--resources" target="_blank">Curious?</a></div><div><br /></div><div>Best,</div><div>WeCloudData</div>') ON CONFLICT (campaign_id, step_index, variant_index) DO NOTHING;
INSERT INTO leads.instantly_campaign_contents (campaign_id, step_index, variant_index, subject, body) VALUES ('a0ea3cfb-6df0-4795-ac2d-ab56b34b3c68', 0, 1, '{{companyName}} using AI like it should?', '<div>{{firstName}},</div><div><br /></div><div>Imagine this—{{companyName}} ops team spots a critical issue before it hits production. not because someone flagged it, but because AI did.</div><div><br /></div><div>Sounds futuristic, right? except it’s not. Some of your UAE peers are already doing this—cutting downtime, streamlining inspections, and automating the ugly reporting stuff.</div><div><br /></div><div>We help teams actually get there—fast, without the AI chaos.</div><div>Want a peek at how it works?</div><div><br /></div><div>Best Regards,</div><div><a href="https://weclouddata.com/corporate-training/?utm_source=newsletter&amp;utm_medium=email&amp;utm_campaign=uae-resources" target="_blank">WeCloudData</a></div>') ON CONFLICT (campaign_id, step_index, variant_index) DO NOTHING;
INSERT INTO leads.instantly_campaign_steps (campaign_id, step_index, type, delay) VALUES ('a0ea3cfb-6df0-4795-ac2d-ab56b34b3c68', 1, 'email', 2) ON CONFLICT (campaign_id, step_index) DO NOTHING;
INSERT INTO leads.instantly_campaign_contents (campaign_id, step_index, variant_index, subject, body) VALUES ('a0ea3cfb-6df0-4795-ac2d-ab56b34b3c68', 1, 0, '', '<div>{{firstName}}, </div><div><br /></div><div>According to a recent BCG report, 85% of energy leaders see AI as a top priority—but only 21% have an internal roadmap to adopt it effectively.</div><div><br /></div><div>We help mining &amp; oil leaders in the UAE close that gap—fast.</div><div>Curious where {{companyName}} stands?</div><div><br /></div><div>Best Regards,</div><div>WeCloudData</div>') ON CONFLICT (campaign_id, step_index, variant_index) DO NOTHING;
INSERT INTO leads.instantly_campaign_contents (campaign_id, step_index, variant_index, subject, body) VALUES ('a0ea3cfb-6df0-4795-ac2d-ab56b34b3c68', 1, 1, '{{firstName}} this might be helpful', '<div>{{firstName}},</div><div><br /></div><div>We helped an energy client use AI to analyze technician notes, uncovering patterns that cut downtime and boosted efficiency.➡️<a href="https://weclouddata.com/blog/consulting/consulting-case-study-topic-modelling-on-technician-notes/?utm_source=newsletter&amp;utm_medium=email&amp;utm_campaign=uae--resources" target="_blank">Case Study Link.</a></div><div><br /></div><div>This stuff works. The problem? Most teams don’t know how to build, deploy, or even trust the systems.</div><div><br /></div><div>That''s where we come in—we work side-by-side with ops + leadership to roll out AI in a way that’s not disruptive.... Worth a <a href="https://meetings.hubspot.com/warney/talk-to-wecloud-program-advisor?uuid=f772e830-c1fe-4c3a-af95-34b2bb557260&amp;utm_source=newsletter&amp;utm_medium=email&amp;utm_campaign=uae--resources" target="_blank">quick convo</a>?</div><div><br /></div><div>Warm Regards,</div><div><a href="https://weclouddata.com/corporate-training/?utm_source=newsletter&amp;utm_medium=email&amp;utm_campaign=uae-resources" target="_blank">WeCloudData</a></div>') ON CONFLICT (campaign_id, step_index, variant_index) DO NOTHING;
INSERT INTO leads.instantly_campaign_steps (campaign_id, step_index, type, delay) VALUES ('a0ea3cfb-6df0-4795-ac2d-ab56b34b3c68', 2, 'email', 1) ON CONFLICT (campaign_id, step_index) DO NOTHING;
INSERT INTO leads.instantly_campaign_contents (campaign_id, step_index, variant_index, subject, body) VALUES ('a0ea3cfb-6df0-4795-ac2d-ab56b34b3c68', 2, 0, '{{firstName}} any thoughts?', '<div>{{firstName}},</div><div><br /></div><div>Wasn’t sure if this landed at the right time, so looping back one last time.</div><div>if {{companyName}} is exploring AI for UAE 2031 Vision—or struggling to get traction—we’d be happy to share how we’re helping oil &amp; mining teams in the UAE deploy it without the chaos.</div><div><br /></div><div>No hard pitch. Just a <a href="https://meetings.hubspot.com/warney/talk-to-wecloud-program-advisor?uuid=f772e830-c1fe-4c3a-af95-34b2bb557260&amp;utm_source=newsletter&amp;utm_medium=email&amp;utm_campaign=uae--resources" target="_blank">quick chat</a> if you''re up for it. Want me to send over a few slots?</div><div><br /></div><div>Best,</div><div><a href="https://weclouddata.com/corporate-training/?utm_source=newsletter&amp;utm_medium=email&amp;utm_campaign=uae-resources" target="_blank">WeCloudData</a></div>') ON CONFLICT (campaign_id, step_index, variant_index) DO NOTHING;
COMMIT;
-- End of record --

BEGIN;
INSERT INTO leads.instantly_campaigns ("id", "name", "status", "campaign_schedule", "timestamp_created", "timestamp_updated", "text_only", "email_list", "daily_limit", "stop_on_reply", "email_tag_list", "link_tracking", "open_tracking", "stop_on_auto_reply", "organization", "email_gap", "prioritize_new_leads", "auto_variant_select", "stop_for_company", "insert_unsubscribe_header") VALUES ('9ed9b508-c731-42f2-86d6-d1dd3cdbcc64', 'Warney Data Engineer Targeting for AI Bootcamp Testing', 3, '{"schedules": [{"name": "Weekday Schedule", "timing": {"from": "09:00", "to": "17:00"}, "days": {"1": true, "2": true, "3": true, "4": true, "5": true}, "timezone": "America/Detroit"}], "start_date": "2025-04-15T16:43:09.647Z", "end_date": "2025-05-15T16:43:09.647Z"}', '2025-04-16T19:46:54.911Z', '2025-04-16T19:50:55.670Z', FALSE, '["w.sarkis@weclouddataacademy.com", "w.sarkis@wecloudtraining.com"]', 60.0, TRUE, '[]', FALSE, FALSE, FALSE, 'f44277de-69b2-4bc3-a69c-28afd4094123', NULL, NULL, NULL, NULL, NULL) ON CONFLICT (id) DO NOTHING;
INSERT INTO leads.instantly_campaign_steps (campaign_id, step_index, type, delay) VALUES ('9ed9b508-c731-42f2-86d6-d1dd3cdbcc64', 0, 'email', 0) ON CONFLICT (campaign_id, step_index) DO NOTHING;
INSERT INTO leads.instantly_campaign_contents (campaign_id, step_index, variant_index, subject, body) VALUES ('9ed9b508-c731-42f2-86d6-d1dd3cdbcc64', 0, 0, 'Elevate Your Data Engineering Team with AI Bootcamp Insights', '<div>Hi , </div><div><br /></div><div>As a leading data engineering efforts , you know how critical it is to stay ahead with scalable AI and data solutions. BeamData is partnering with WeCloudData to offer an exclusive AI Bootcamp designed specifically for data engineers like you-focused on practical skills in AI integration, lakehouse architectures, and next-gen ML tools. </div><div><br /></div><div>This bootcamp can help your team accelerate innovation and deliver measurable business impact faster. </div><div><br /></div><div>Would you be open to a brief chat to explore how this aligns with your current data strategy? </div><div><br /></div><div>Best, </div><div><br /></div><div>Warney WeCloudData | Unlocking Data''s Full Potential</div>') ON CONFLICT (campaign_id, step_index, variant_index) DO NOTHING;
COMMIT;
-- End of record --

BEGIN;
INSERT INTO leads.instantly_campaigns ("id", "name", "status", "campaign_schedule", "timestamp_created", "timestamp_updated", "text_only", "email_list", "daily_limit", "stop_on_reply", "email_tag_list", "link_tracking", "open_tracking", "stop_on_auto_reply", "organization", "email_gap", "prioritize_new_leads", "auto_variant_select", "stop_for_company", "insert_unsubscribe_header") VALUES ('950bc54f-0077-4738-a509-ddba358e0ba4', 'Warney - Co-funder NothAmerica', 1, '{}', '2025-03-21T20:57:37.917Z', '2025-03-21T21:05:27.906Z', FALSE, '["w.sarkis@weclouddataacademy.com", "w.sarkis@wecloudtraining.com", "w.sarkiss@weclouddata-corp.com", "w.sarkiss@weclouddataacademy.com", "w.sarkiss@wecloudtraining.com", "warney.s@weclouddata-corp.com", "warney.s@wecloudtraining.com", "warney.sarkis@weclouddata-corp.com", "warney.sarkis@weclouddataacademy.com", "warney.sarkis@wecloudtraining.com"]', 300.0, TRUE, '[]', TRUE, TRUE, FALSE, 'f44277de-69b2-4bc3-a69c-28afd4094123', NULL, NULL, NULL, NULL, NULL) ON CONFLICT (id) DO NOTHING;
INSERT INTO leads.instantly_campaign_steps (campaign_id, step_index, type, delay) VALUES ('950bc54f-0077-4738-a509-ddba358e0ba4', 0, 'email', 6) ON CONFLICT (campaign_id, step_index) DO NOTHING;
INSERT INTO leads.instantly_campaign_contents (campaign_id, step_index, variant_index, subject, body) VALUES ('950bc54f-0077-4738-a509-ddba358e0ba4', 0, 0, 'Quick Question, {{firstName}} ', '<div>Hi {{firstName}},</div><div><br /></div><div>I know you’re busy, so I’ll keep this short—no cold pitch here.</div><div><br /></div><div>We’re hosting an exclusive Leaders’ Generative AI Session at WeCloudData, designed for executives looking to stay ahead in the AI revolution. You’ll gain:</div><div><br /></div><div>✅ Real-world applications of GenAI for business growth</div><div>✅ Strategies for integrating AI into your organization</div><div>✅ Insights from industry experts and top leaders</div><div><br /></div><div>Would you be open to joining us? Happy to share more details.</div><div><br /></div><div>Want to know more? <a href="https://share.hsforms.com/2tlopUCLQRLKbRcIyf1wOfQ44nue" target="_blank">CLICK HERE!</a></div><div><br /></div><div>Looking forward to your thoughts!</div><div>Best,</div>') ON CONFLICT (campaign_id, step_index, variant_index) DO NOTHING;
INSERT INTO leads.instantly_campaign_steps (campaign_id, step_index, type, delay) VALUES ('950bc54f-0077-4738-a509-ddba358e0ba4', 1, 'email', 1) ON CONFLICT (campaign_id, step_index) DO NOTHING;
INSERT INTO leads.instantly_campaign_contents (campaign_id, step_index, variant_index, subject, body) VALUES ('950bc54f-0077-4738-a509-ddba358e0ba4', 1, 0, '', '<div>Hi {{firstName}},</div><div><br /></div><div>Just wanted to follow up on my last note. I know schedules get busy, but I’d love to have you join our Leaders’ Generative AI Session at WeCloudData.</div><div><br /></div><div>It’s a no-pitch, high-value discussion on how executives are leveraging GenAI to drive innovation and efficiency. You’ll gain:</div><div><br /></div><div>✅ Real-world GenAI applications for business growth</div><div>✅ Strategies for integrating AI into your organization</div><div>✅ Insights from industry experts and top leaders</div><div><br /></div><div>Would you be open to joining us? Happy to send more details or find a time to chat.</div><div><br /></div><div>Looking forward to your thoughts!</div><div><br /></div><div>Best,</div>') ON CONFLICT (campaign_id, step_index, variant_index) DO NOTHING;
COMMIT;
-- End of record --

BEGIN;
INSERT INTO leads.instantly_campaigns ("id", "name", "status", "campaign_schedule", "timestamp_created", "timestamp_updated", "text_only", "email_list", "daily_limit", "stop_on_reply", "email_tag_list", "link_tracking", "open_tracking", "stop_on_auto_reply", "organization", "email_gap", "prioritize_new_leads", "auto_variant_select", "stop_for_company", "insert_unsubscribe_header") VALUES ('8f2b58d4-ecc8-42db-9ea1-49ff6863f035', 'Arsalan Beam Data Higher Education North America (Testing)', 3, '{"schedules": [{"name": "New schedule", "timing": {"from": "08:00", "to": "17:00"}, "days": {"1": true, "2": true, "3": true, "4": true, "5": true}, "timezone": "America/Detroit"}], "start_date": "", "end_date": ""}', '2025-03-04T17:10:34.058Z', '2025-03-10T16:41:39.424Z', FALSE, '["n-tran@beamdata.us", "n.tran@beamdata-team.com", "n.tran@beamdata.us", "n_tran@beamdata-team.com", "n_tran@beamdata.us", "ntran@beamdata-team.com", "ntran@beamdata.org", "ntran@beamdata.us"]', 100.0, TRUE, '[]', TRUE, TRUE, FALSE, 'f44277de-69b2-4bc3-a69c-28afd4094123', NULL, NULL, NULL, NULL, NULL) ON CONFLICT (id) DO NOTHING;
INSERT INTO leads.instantly_campaign_steps (campaign_id, step_index, type, delay) VALUES ('8f2b58d4-ecc8-42db-9ea1-49ff6863f035', 0, 'email', 0) ON CONFLICT (campaign_id, step_index) DO NOTHING;
INSERT INTO leads.instantly_campaign_contents (campaign_id, step_index, variant_index, subject, body) VALUES ('8f2b58d4-ecc8-42db-9ea1-49ff6863f035', 0, 0, 'How AI Can Transform Education ', '<div>Hi&nbsp;<strong>{{firstName}}</strong>,&nbsp;<br><br></div><div>Hope you&rsquo;re doing great!</div><div><br></div><div>At <strong>Beam Data</strong>, we&rsquo;ve been helping the education sector leverage AI to create personalized learning experiences, automate admin tasks, and improve accessibility. It&rsquo;s exciting to see how tools like virtual tutors and smarter systems are revolutionizing education and making a real difference for both educators and learners.</div><div><br><br></div><div>I&rsquo;d love to hear about your goals. Are you exploring AI to streamline processes or create more impact-full learning experiences? Let me know&mdash;I&rsquo;d be happy to share ideas tailored to your needs.<br><br></div><div>Looking forward to connecting!<br><br></div><div>Cheers,<br>Nhat tran</div><div>Director of Technology&nbsp;</div><div>Beam Data</div><div><a href="https://beamdata.ai/about-us/" target="_blank">A bit about Beam data</a></div>') ON CONFLICT (campaign_id, step_index, variant_index) DO NOTHING;
INSERT INTO leads.instantly_campaign_steps (campaign_id, step_index, type, delay) VALUES ('8f2b58d4-ecc8-42db-9ea1-49ff6863f035', 1, 'email', 2) ON CONFLICT (campaign_id, step_index) DO NOTHING;
INSERT INTO leads.instantly_campaign_contents (campaign_id, step_index, variant_index, subject, body) VALUES ('8f2b58d4-ecc8-42db-9ea1-49ff6863f035', 1, 0, 'Following Up on AI in Education', '<div>Hi <strong>{{firstName}}</strong>,&nbsp;<br><br></div><div>I hope you&rsquo;re doing well! I wanted to follow up on my earlier note about how AI is making a real impact in education. At Beam Data, we&rsquo;re helping institutions implement solutions like personalized learning platforms, automated admin processes, and accessibility tools to create better learning experiences.<br><br></div><div>If this aligns with your goals, I&rsquo;d love to chat and explore how we can support your organization. Feel free to book a time that works for you&nbsp;<br><a href="http://meetings.hubspot.com/nhat3/prospect-beam-data-meeting?uuid=f18a0d4e-5da2-4977-9468-80f507b5c4e9" target="_blank">HERE!</a><br>&nbsp;</div><div>Looking forward to connecting! Let me know if you have any questions in the meantime.<br><br></div><div>Best regards,<br><br>Nhat Tran<br>Director of Technology<br>Beam Data</div>') ON CONFLICT (campaign_id, step_index, variant_index) DO NOTHING;
INSERT INTO leads.instantly_campaign_steps (campaign_id, step_index, type, delay) VALUES ('8f2b58d4-ecc8-42db-9ea1-49ff6863f035', 2, 'email', 2) ON CONFLICT (campaign_id, step_index) DO NOTHING;
INSERT INTO leads.instantly_campaign_contents (campaign_id, step_index, variant_index, subject, body) VALUES ('8f2b58d4-ecc8-42db-9ea1-49ff6863f035', 2, 0, 'Final Follow-Up: Let’s Connect on AI in Education ', '<div>Hi <strong>{{firstName}}</strong>,&nbsp;<br><br></div><div>I hope this message finds you well! I just wanted to reach out one last time about how AI is transforming education and how Beam Data is helping institutions implement solutions like personalized learning, automation, and accessibility tools.<br><br></div><div>If you&rsquo;re interested in exploring how we can support your goals, I&rsquo;d love to connect. You can book a quick call&nbsp;<a href="http://meetings.hubspot.com/nhat3/prospect-beam-data-meeting?uuid=f18a0d4e-5da2-4977-9468-80f507b5c4e9" target="_blank">HERE!</a><br><br></div><div>If now isn&rsquo;t the right time, no problem at all&mdash;feel free to reach out anytime in the future!<br><br></div><div>Wishing you the best,<br>Nhat Tran<br>Director of Technology<br>Beam Data</div>') ON CONFLICT (campaign_id, step_index, variant_index) DO NOTHING;
INSERT INTO leads.instantly_campaign_steps (campaign_id, step_index, type, delay) VALUES ('8f2b58d4-ecc8-42db-9ea1-49ff6863f035', 3, 'email', 1) ON CONFLICT (campaign_id, step_index) DO NOTHING;
INSERT INTO leads.instantly_campaign_contents (campaign_id, step_index, variant_index, subject, body) VALUES ('8f2b58d4-ecc8-42db-9ea1-49ff6863f035', 3, 0, '', '') ON CONFLICT (campaign_id, step_index, variant_index) DO NOTHING;
COMMIT;
-- End of record --

BEGIN;
INSERT INTO leads.instantly_campaigns ("id", "name", "status", "campaign_schedule", "timestamp_created", "timestamp_updated", "text_only", "email_list", "daily_limit", "stop_on_reply", "email_tag_list", "link_tracking", "open_tracking", "stop_on_auto_reply", "organization", "email_gap", "prioritize_new_leads", "auto_variant_select", "stop_for_company", "insert_unsubscribe_header") VALUES ('8c857078-bac2-4192-bf9f-48b03b94f7a3', 'Warney - GenAI Director of Technology', 1, '{}', '2025-03-27T20:06:12.595Z', '2025-03-27T20:14:17.386Z', FALSE, '["w.sarkis@weclouddataacademy.com", "w.sarkis@wecloudtraining.com", "w.sarkiss@weclouddata-corp.com", "w.sarkiss@wecloudtraining.com", "warney.s@weclouddata-corp.com", "warney.s@wecloudtraining.com", "warney.sarkis@weclouddata-corp.com", "warney.sarkis@weclouddataacademy.com"]', 240.0, TRUE, '[]', TRUE, TRUE, FALSE, 'f44277de-69b2-4bc3-a69c-28afd4094123', NULL, NULL, NULL, NULL, NULL) ON CONFLICT (id) DO NOTHING;
INSERT INTO leads.instantly_campaign_steps (campaign_id, step_index, type, delay) VALUES ('8c857078-bac2-4192-bf9f-48b03b94f7a3', 0, 'email', 6) ON CONFLICT (campaign_id, step_index) DO NOTHING;
INSERT INTO leads.instantly_campaign_contents (campaign_id, step_index, variant_index, subject, body) VALUES ('8c857078-bac2-4192-bf9f-48b03b94f7a3', 0, 0, 'Quick Question,{{firstName}} ', '<div>Dear {{firstName}},</div><div><br /></div><div>I hope you''re doing well. As AI continues to transform industries, staying ahead of the curve is more critical than ever for business leaders. WeCloudData is hosting an exclusive GenAI B2B Session designed for Leaders to explore how Generative AI can drive efficiency, innovation, and competitive advantage in B2B operations.</div><div><br /></div><div>🔹 What to Expect:</div><div><br /></div><div>✅ Practical insights on AI-driven business transformation</div><div>✅ Case studies on AI adoption in B2B markets</div><div>✅ Strategic discussions with top executives</div><div><br /></div><div>📅 Date: April 11, 2025</div><div>📍 Location: Virtual </div><div><br /></div><div>🎯 Who Should Attend: </div><div>Senior executives looking to harness GenAI for growth</div><div>This is an invitation-only event with limited seats. Let me know if you’d like to attend, and I’d be happy to reserve your spot.</div><div><br /></div><div>Looking forward to connecting.</div><div><br /></div><div>Best regards,</div>') ON CONFLICT (campaign_id, step_index, variant_index) DO NOTHING;
INSERT INTO leads.instantly_campaign_steps (campaign_id, step_index, type, delay) VALUES ('8c857078-bac2-4192-bf9f-48b03b94f7a3', 1, 'email', 1) ON CONFLICT (campaign_id, step_index) DO NOTHING;
INSERT INTO leads.instantly_campaign_contents (campaign_id, step_index, variant_index, subject, body) VALUES ('8c857078-bac2-4192-bf9f-48b03b94f7a3', 1, 0, 'Quick Question, {{firstName}} ', '<div>Dear {{firstName}},</div><div><br /></div><div>I wanted to follow up one last time about our exclusive GenAI B2B Session for Leaders. This session is designed to help leaders like you navigate the real-world impact of Generative AI on B2B operations—from efficiency gains to revenue growth.</div><div><br /></div><div>🔹 Key Takeaways:</div><div>✅ AI-driven strategies for operational excellence</div><div>✅ Case studies on successful GenAI adoption</div><div>✅ Executive-level discussions on staying competitive</div><div><br /></div><div>📅 Date: April 11, 2025</div><div>📍 Location: Virtual </div><div><br /></div><div>Seats are filling up fast, and I’d love to have you join this high-impact discussion. Let me know if you''d like to attend, and I’ll reserve your spot.</div><div><br /></div><div>Looking forward to your thoughts.</div><div><br /></div><div>Best,</div>') ON CONFLICT (campaign_id, step_index, variant_index) DO NOTHING;
COMMIT;
-- End of record --

BEGIN;
INSERT INTO leads.instantly_campaigns ("id", "name", "status", "campaign_schedule", "timestamp_created", "timestamp_updated", "text_only", "email_list", "daily_limit", "stop_on_reply", "email_tag_list", "link_tracking", "open_tracking", "stop_on_auto_reply", "organization", "email_gap", "prioritize_new_leads", "auto_variant_select", "stop_for_company", "insert_unsubscribe_header") VALUES ('8b3fd3df-b750-441a-9802-d262d2f766b4', 'Arsalan Hussain Beam Data Mining and Metals(21-50B)', 1, '{"schedules": [{"name": "New schedule", "timing": {"from": "08:00", "to": "18:00"}, "days": {"1": true, "2": true, "3": true, "4": true, "5": true}, "timezone": "America/Detroit"}], "start_date": "", "end_date": ""}', '2025-03-20T20:07:43.170Z', '2025-03-26T16:03:09.388Z', FALSE, '["n-tran@beamdata-team.com", "n-tran@beamdata.org", "n-tran@beamdatahq.com", "n.tran@beamdata.org", "n.tran@beamdatahq.com", "n_tran@beamdata.org", "n_tran@beamdatahq.com", "ntran@beamdatahq.com"]', 400.0, TRUE, '[]', TRUE, TRUE, FALSE, 'f44277de-69b2-4bc3-a69c-28afd4094123', NULL, NULL, NULL, NULL, NULL) ON CONFLICT (id) DO NOTHING;
INSERT INTO leads.instantly_campaign_steps (campaign_id, step_index, type, delay) VALUES ('8b3fd3df-b750-441a-9802-d262d2f766b4', 0, 'email', 0) ON CONFLICT (campaign_id, step_index) DO NOTHING;
INSERT INTO leads.instantly_campaign_contents (campaign_id, step_index, variant_index, subject, body) VALUES ('8b3fd3df-b750-441a-9802-d262d2f766b4', 0, 0, 'Let’s Talk About AI in Mining', '<div>Hi <strong>{{FirstName}},</strong></div><div><br /></div><div>I hope you’re doing well!</div><div><br /></div><div>I wanted to reach out because I’ve been thinking about how AI could make a real difference in the mining and metals sector. Tools like predictive maintenance and smarter resource management have huge potential to enhance safety, efficiency, and sustainability.</div><div><br /></div><div>Are you exploring anything like that? I’d love to chat and share some ideas that might align with your goals.</div><div><br /></div><div>Looking forward to connecting!</div><div><br /></div><div>Best,</div><div>Nhat Tran</div><div>Director of Technology</div><div>Beam Data</div>') ON CONFLICT (campaign_id, step_index, variant_index) DO NOTHING;
INSERT INTO leads.instantly_campaign_steps (campaign_id, step_index, type, delay) VALUES ('8b3fd3df-b750-441a-9802-d262d2f766b4', 1, 'email', 2) ON CONFLICT (campaign_id, step_index) DO NOTHING;
INSERT INTO leads.instantly_campaign_contents (campaign_id, step_index, variant_index, subject, body) VALUES ('8b3fd3df-b750-441a-9802-d262d2f766b4', 1, 0, 'Following Up on AI in Mining', '<div>Hi <strong>{{FirstName}},</strong><br /><br /></div><div>Just wanted to follow up and see if you’re exploring how AI could benefit your operations. From boosting efficiency to improving safety, there’s so much potential to unlock.<br /><br /></div><div>Let me know if you’d like to connect—I’d be happy to share some tailored <a href="http://meetings.hubspot.com/nhat3/prospect-beam-data-meeting?uuid=f18a0d4e-5da2-4977-9468-80f507b5c4e9" target="_blank">ideas</a>!<br /><br /></div><div>Best,<br />Nhat Tran<br />Director of Technology<br />Beam Data</div>') ON CONFLICT (campaign_id, step_index, variant_index) DO NOTHING;
INSERT INTO leads.instantly_campaign_steps (campaign_id, step_index, type, delay) VALUES ('8b3fd3df-b750-441a-9802-d262d2f766b4', 2, 'email', 3) ON CONFLICT (campaign_id, step_index) DO NOTHING;
INSERT INTO leads.instantly_campaign_contents (campaign_id, step_index, variant_index, subject, body) VALUES ('8b3fd3df-b750-441a-9802-d262d2f766b4', 2, 0, 'Last Chance to Explore AI Opportunities in Mining', '<div>Hi <strong>{{FirstName}},</strong> <br /><br /></div><div>I just wanted to follow up one last time to see if you’re interested in exploring how AI could benefit your operations. Whether it’s boosting efficiency, improving safety, or driving sustainability, the possibilities are worth considering.<br /><br /></div><div>This could be a great opportunity to unlock new potential—let me know if you’d like to <a href="http://meetings.hubspot.com/nhat3/prospect-beam-data-meeting?uuid=f18a0d4e-5da2-4977-9468-80f507b5c4e9" target="_blank">connect</a> before I close the loop!<br /><br /></div><div>Best regards,</div><div>Nhat Tran</div><div>Director of Technology</div><div>Beam Data</div>') ON CONFLICT (campaign_id, step_index, variant_index) DO NOTHING;
INSERT INTO leads.instantly_campaign_steps (campaign_id, step_index, type, delay) VALUES ('8b3fd3df-b750-441a-9802-d262d2f766b4', 3, 'email', 1) ON CONFLICT (campaign_id, step_index) DO NOTHING;
INSERT INTO leads.instantly_campaign_contents (campaign_id, step_index, variant_index, subject, body) VALUES ('8b3fd3df-b750-441a-9802-d262d2f766b4', 3, 0, '', '') ON CONFLICT (campaign_id, step_index, variant_index) DO NOTHING;
COMMIT;
-- End of record --

BEGIN;
INSERT INTO leads.instantly_campaigns ("id", "name", "status", "campaign_schedule", "timestamp_created", "timestamp_updated", "text_only", "email_list", "daily_limit", "stop_on_reply", "email_tag_list", "link_tracking", "open_tracking", "stop_on_auto_reply", "organization", "email_gap", "prioritize_new_leads", "auto_variant_select", "stop_for_company", "insert_unsubscribe_header") VALUES ('8a0148b0-2eba-48f4-bc88-a4b657b4c4fe', 'Warney - AI Corporate Training', 1, '{}', '2025-03-18T18:07:58.491Z', '2025-03-18T18:13:23.447Z', FALSE, '["w.sarkis@weclouddataacademy.com", "w.sarkis@wecloudtraining.com", "w.sarkiss@weclouddata-corp.com", "w.sarkiss@weclouddataacademy.com", "w.sarkiss@wecloudtraining.com", "warney.s@weclouddataacademy.com", "warney.s@weclouddata-corp.com", "warney.s@wecloudtraining.com", "warney.sarkis@weclouddata-corp.com", "warney.sarkis@weclouddataacademy.com", "warney.sarkis@wecloudtraining.com"]', 330.0, TRUE, '[]', TRUE, TRUE, FALSE, 'f44277de-69b2-4bc3-a69c-28afd4094123', NULL, NULL, NULL, NULL, NULL) ON CONFLICT (id) DO NOTHING;
INSERT INTO leads.instantly_campaign_steps (campaign_id, step_index, type, delay) VALUES ('8a0148b0-2eba-48f4-bc88-a4b657b4c4fe', 0, 'email', 6) ON CONFLICT (campaign_id, step_index) DO NOTHING;
INSERT INTO leads.instantly_campaign_contents (campaign_id, step_index, variant_index, subject, body) VALUES ('8a0148b0-2eba-48f4-bc88-a4b657b4c4fe', 0, 0, 'Quick Question, {{firstName}}!', '<div>Hi {{firstName}}, </div><div><br /></div><div>AI is transforming industries—how prepared is your team? WeCloudData offers tailored AI training to help organizations like {{companyName}} stay ahead. Let’s chat about how we can support your team’s growth.</div><div><br /></div><div>Would you be open to a quick call?</div><div><br /></div><div>Best,</div>') ON CONFLICT (campaign_id, step_index, variant_index) DO NOTHING;
INSERT INTO leads.instantly_campaign_steps (campaign_id, step_index, type, delay) VALUES ('8a0148b0-2eba-48f4-bc88-a4b657b4c4fe', 1, 'email', 1) ON CONFLICT (campaign_id, step_index) DO NOTHING;
INSERT INTO leads.instantly_campaign_contents (campaign_id, step_index, variant_index, subject, body) VALUES ('8a0148b0-2eba-48f4-bc88-a4b657b4c4fe', 1, 0, '', '<div>Hi {{firstName}},</div><div><br /></div><div>I wanted to follow up one last time. If AI training isn’t a priority right now, I completely understand. But if you''d like to explore how WeCloudData can help {{companyName}} stay ahead with AI, I’d love to connect.</div><div><br /></div><div>Let me know if it makes sense to chat—if not, I’ll leave it here for now.</div><div><br /></div><div>Best,</div>') ON CONFLICT (campaign_id, step_index, variant_index) DO NOTHING;
COMMIT;
-- End of record --

BEGIN;
INSERT INTO leads.instantly_campaigns ("id", "name", "status", "campaign_schedule", "timestamp_created", "timestamp_updated", "text_only", "email_list", "daily_limit", "stop_on_reply", "email_tag_list", "link_tracking", "open_tracking", "stop_on_auto_reply", "organization", "email_gap", "prioritize_new_leads", "auto_variant_select", "stop_for_company", "insert_unsubscribe_header") VALUES ('8952cb0a-e8fc-4baa-a837-043d39b487c7', 'Warney - Financial Services AI Corporate Training', 1, '{}', '2025-03-19T19:18:06.803Z', '2025-03-19T19:22:53.226Z', FALSE, '["w.sarkis@weclouddataacademy.com", "w.sarkis@wecloudtraining.com", "w.sarkiss@weclouddata-corp.com", "w.sarkiss@weclouddataacademy.com", "w.sarkiss@wecloudtraining.com", "warney.s@weclouddata-corp.com", "warney.s@weclouddataacademy.com", "warney.sarkis@weclouddata-corp.com", "warney.s@wecloudtraining.com", "warney.sarkis@weclouddataacademy.com", "warney.sarkis@wecloudtraining.com"]', 330.0, TRUE, '[]', TRUE, TRUE, FALSE, 'f44277de-69b2-4bc3-a69c-28afd4094123', NULL, NULL, NULL, NULL, NULL) ON CONFLICT (id) DO NOTHING;
INSERT INTO leads.instantly_campaign_steps (campaign_id, step_index, type, delay) VALUES ('8952cb0a-e8fc-4baa-a837-043d39b487c7', 0, 'email', 6) ON CONFLICT (campaign_id, step_index) DO NOTHING;
INSERT INTO leads.instantly_campaign_contents (campaign_id, step_index, variant_index, subject, body) VALUES ('8952cb0a-e8fc-4baa-a837-043d39b487c7', 0, 0, 'Quick Question, {{firstName}} ', '<div>Hi {{firstName}},</div><div><br /></div><div>I know you''re busy, so I''ll get right to the point.</div><div><br /></div><div>AI is transforming how businesses operate, and companies that upskill their teams now will have a competitive edge. At WeCloudData, we provide hands-on AI training tailored for technical teams—helping them integrate AI into workflows, optimize processes, and drive innovation.</div><div><br /></div><div>We’ve worked with companies like Samsung and more to bridge the AI skills gap. Would you be open to a quick chat to explore how we can support {{companyName}}?</div><div><br /></div><div>Want to know more? <a href="https://weclouddata.com/corporate-training/" target="_blank">CLICK HERE!</a></div><div><br /></div><div>Let me know a time that works for you.</div><div><br /></div><div>Best,</div>') ON CONFLICT (campaign_id, step_index, variant_index) DO NOTHING;
INSERT INTO leads.instantly_campaign_steps (campaign_id, step_index, type, delay) VALUES ('8952cb0a-e8fc-4baa-a837-043d39b487c7', 1, 'email', 1) ON CONFLICT (campaign_id, step_index) DO NOTHING;
INSERT INTO leads.instantly_campaign_contents (campaign_id, step_index, variant_index, subject, body) VALUES ('8952cb0a-e8fc-4baa-a837-043d39b487c7', 1, 0, '', '<div>Hi {{firstName}},</div><div><br /></div><div>I wanted to reach out one final time regarding WeCloudData''s AI training for technical teams. If this isn’t a priority right now, no problem! I completely understand. </div><div><br /></div><div>However, if you''d still like to explore how we can help {{companyName}} build AI capabilities, I’d be happy to connect.</div><div><br /></div><div>Please let me know if it makes sense to discuss further.</div><div><br /></div><div>Best,</div>') ON CONFLICT (campaign_id, step_index, variant_index) DO NOTHING;
COMMIT;
-- End of record --

BEGIN;
INSERT INTO leads.instantly_campaigns ("id", "name", "status", "campaign_schedule", "timestamp_created", "timestamp_updated", "text_only", "email_list", "daily_limit", "stop_on_reply", "email_tag_list", "link_tracking", "open_tracking", "stop_on_auto_reply", "organization", "email_gap", "prioritize_new_leads", "auto_variant_select", "stop_for_company", "insert_unsubscribe_header") VALUES ('85a33800-982a-4fb6-b6cd-a19f738db962', 'Warney VP Technology Corporate Training', 3, '{"schedules": [{"name": "Weekday Schedule", "timing": {"from": "09:00", "to": "17:00"}, "days": {"1": true, "2": true, "3": true, "4": true, "5": true}, "timezone": "America/Detroit"}], "start_date": "2025-04-15T16:43:09.647Z", "end_date": "2025-05-15T16:43:09.647Z"}', '2025-04-21T21:34:32.797Z', '2025-04-21T21:35:49.142Z', FALSE, '["w.sarkis@wecloudtraining.com", "w.sarkis@weclouddataacademy.com"]', 60.0, TRUE, '[]', TRUE, TRUE, FALSE, 'f44277de-69b2-4bc3-a69c-28afd4094123', NULL, NULL, NULL, NULL, NULL) ON CONFLICT (id) DO NOTHING;
INSERT INTO leads.instantly_campaign_steps (campaign_id, step_index, type, delay) VALUES ('85a33800-982a-4fb6-b6cd-a19f738db962', 0, 'email', 0) ON CONFLICT (campaign_id, step_index) DO NOTHING;
INSERT INTO leads.instantly_campaign_contents (campaign_id, step_index, variant_index, subject, body) VALUES ('85a33800-982a-4fb6-b6cd-a19f738db962', 0, 0, 'Elevate Your Technology Leadership with AI-Driven Corporate Training ', '<div>Hi {{firstName}},</div><div><br /></div><div> As VP of Technology, you''re steering your team through rapid innovation and complex AI adoption. At WeCloudData, we specialize in empowering leaders like you with tailored AI corporate training that aligns with your strategic vision and accelerates your team''s impact. </div><div><br /></div><div>Our programs focus on practical AI strategy, scalable architectures, and advanced machine learning applications-designed to equip your engineering and technical departments with the skills to unlock data''s full potential. </div><div><br /></div><div>Let''s explore how WeCloudData can help you translate AI initiatives into measurable business value, keeping your organization ahead in a competitive landscape. Are you open to a brief conversation next week? </div><div><br /></div><div>Best regards, Warney WeCloudData | </div><div>AI Consulting and Corporate Training </div>') ON CONFLICT (campaign_id, step_index, variant_index) DO NOTHING;
COMMIT;
-- End of record --

BEGIN;
INSERT INTO leads.instantly_campaigns ("id", "name", "status", "campaign_schedule", "timestamp_created", "timestamp_updated", "text_only", "email_list", "daily_limit", "stop_on_reply", "email_tag_list", "link_tracking", "open_tracking", "stop_on_auto_reply", "organization", "email_gap", "prioritize_new_leads", "auto_variant_select", "stop_for_company", "insert_unsubscribe_header") VALUES ('826d0d46-07a2-4020-9214-360773fe9212', 'Arsalan Hussain Beam Data(Govt Administrations combine)', 1, '{"schedules": [{"name": "New schedule", "timing": {"from": "08:00", "to": "18:00"}, "days": {"1": true, "2": true, "3": true, "4": true, "5": true}, "timezone": "America/Detroit"}], "start_date": "", "end_date": ""}', '2025-03-21T19:13:16.629Z', '2025-03-28T12:38:31.423Z', FALSE, '["n-tran@beamdata-team.com", "n-tran@beamdata.org", "n-tran@beamdatahq.com", "n.tran@beamdata.org", "n.tran@beamdatahq.com", "n_tran@beamdata.org", "n_tran@beamdatahq.com", "ntran@beamdatahq.com"]', 500.0, TRUE, '[]', TRUE, TRUE, FALSE, 'f44277de-69b2-4bc3-a69c-28afd4094123', NULL, NULL, NULL, NULL, NULL) ON CONFLICT (id) DO NOTHING;
INSERT INTO leads.instantly_campaign_steps (campaign_id, step_index, type, delay) VALUES ('826d0d46-07a2-4020-9214-360773fe9212', 0, 'email', 0) ON CONFLICT (campaign_id, step_index) DO NOTHING;
INSERT INTO leads.instantly_campaign_contents (campaign_id, step_index, variant_index, subject, body) VALUES ('826d0d46-07a2-4020-9214-360773fe9212', 0, 0, 'Exploring AI Solutions for Government Services', '<div>Hi <strong>{{FirstName}}</strong>, <br /><br />I hope you’re doing well!<br /><br />At Beam Data, we’ve been diving into how AI can genuinely help government organizations tackle everyday challenges. Whether it’s automating repetitive tasks to save time, using predictive analytics to improve decision-making, or enhancing citizen engagement through smarter systems, AI has the potential to make a real difference.<br /><br />I’d love to hear about the challenges your organization is facing and explore how we might help address them with practical AI solutions. Let me know if you’d like to set up a quick chat—I’m happy to share ideas tailored to your needs.<br /><br /><br /></div><div>Looking forward to your thoughts!</div><div><br /></div><div>Best regards,<br data-start="741" data-end="744" />Nhat Tran<br data-start="753" data-end="756" />Director of Technology<br data-start="778" data-end="781" />Beam Data</div>') ON CONFLICT (campaign_id, step_index, variant_index) DO NOTHING;
INSERT INTO leads.instantly_campaign_steps (campaign_id, step_index, type, delay) VALUES ('826d0d46-07a2-4020-9214-360773fe9212', 1, 'email', 2) ON CONFLICT (campaign_id, step_index) DO NOTHING;
INSERT INTO leads.instantly_campaign_contents (campaign_id, step_index, variant_index, subject, body) VALUES ('826d0d46-07a2-4020-9214-360773fe9212', 1, 0, 'Quick Follow-Up on AI Solutions', '<div>Hi <strong>{{FirstName}}</strong>,<br /><br /></div><div>Just checking in to see if AI is something you’re exploring for your organization. At Beam Data, we specialize in streamlining workflows and enhancing services with tailored AI solutions.<br /><br /></div><div>Let me know if you’d like to connect—I’d be happy to discuss ideas that align with your goals.<br /><br /></div><div>Best regards,<br />Nhat Tran<br />Director of Technology<br /><a href="https://beamdata.ai/about-us/" target="_blank">Beam Data</a></div>') ON CONFLICT (campaign_id, step_index, variant_index) DO NOTHING;
INSERT INTO leads.instantly_campaign_steps (campaign_id, step_index, type, delay) VALUES ('826d0d46-07a2-4020-9214-360773fe9212', 2, 'email', 3) ON CONFLICT (campaign_id, step_index) DO NOTHING;
INSERT INTO leads.instantly_campaign_contents (campaign_id, step_index, variant_index, subject, body) VALUES ('826d0d46-07a2-4020-9214-360773fe9212', 2, 0, 'Last Chance to Explore AI Solutions', '<div>Hi <strong>{{FirstName}}</strong>, <br /><br /></div><div>This is my last follow-up to see if AI could help your organization. From streamlining operations to improving services, AI offers powerful tools to make a real difference.<br /><br /></div><div>If you''re ready to explore how it could work for you, here’s my calendar to schedule a quick chat: <a href="http://meetings.hubspot.com/nhat3/prospect-beam-data-meeting?uuid=f18a0d4e-5da2-4977-9468-80f507b5c4e9" target="_blank">HERE!</a>. I’d love to help.<br /><br /></div><div>Best, <br />Nhat Tran</div><div>Director of Technology</div><div>Beam Data</div>') ON CONFLICT (campaign_id, step_index, variant_index) DO NOTHING;
INSERT INTO leads.instantly_campaign_steps (campaign_id, step_index, type, delay) VALUES ('826d0d46-07a2-4020-9214-360773fe9212', 3, 'email', 1) ON CONFLICT (campaign_id, step_index) DO NOTHING;
INSERT INTO leads.instantly_campaign_contents (campaign_id, step_index, variant_index, subject, body) VALUES ('826d0d46-07a2-4020-9214-360773fe9212', 3, 0, '', '') ON CONFLICT (campaign_id, step_index, variant_index) DO NOTHING;
COMMIT;
-- End of record --

BEGIN;
INSERT INTO leads.instantly_campaigns ("id", "name", "status", "campaign_schedule", "timestamp_created", "timestamp_updated", "text_only", "email_list", "daily_limit", "stop_on_reply", "email_tag_list", "link_tracking", "open_tracking", "stop_on_auto_reply", "organization", "email_gap", "prioritize_new_leads", "auto_variant_select", "stop_for_company", "insert_unsubscribe_header") VALUES ('8185dc26-87cd-4ee4-ad99-8c596b31244d', 'Louise-UAE fintech_51-200_executive', 3, '{"schedules": [{"name": "New schedule", "timing": {"from": "09:00", "to": "17:00"}, "days": {"1": true, "2": true, "3": true, "4": true, "5": true}, "timezone": "Asia/Aden"}], "start_date": "", "end_date": ""}', '2025-04-30T17:43:03.730Z', '2025-05-16T19:55:47.451Z', FALSE, '["louise.c@weclouddata.net", "louise.c@weclouddata.org", "louise.c@weclouddata.us", "louise.cheng@weclouddata.org", "louise.cheng@weclouddata.us", "louise@weclouddata.net", "louise@weclouddata.org", "louise@weclouddata.us", "louise_c@weclouddata.org", "louise_c@weclouddata.us"]', 300.0, TRUE, '[]', TRUE, TRUE, FALSE, 'f44277de-69b2-4bc3-a69c-28afd4094123', NULL, NULL, NULL, NULL, NULL) ON CONFLICT (id) DO NOTHING;
INSERT INTO leads.instantly_campaign_steps (campaign_id, step_index, type, delay) VALUES ('8185dc26-87cd-4ee4-ad99-8c596b31244d', 0, 'email', 5) ON CONFLICT (campaign_id, step_index) DO NOTHING;
INSERT INTO leads.instantly_campaign_contents (campaign_id, step_index, variant_index, subject, body) VALUES ('8185dc26-87cd-4ee4-ad99-8c596b31244d', 0, 0, '{{firstName}} are you using AI tools correctly?', '<div>{{firstName}},</div><div><br /></div><div>Most IT teams in Saudi are sitting on expensive AI tools — but here’s the catch: no one’s using them effectively.</div><div><br /></div><div>It’s not a tech issue. it’s a skills gap. We help tech and non tech teams close that gap fast — hands-on <a href="https://weclouddata.com/corporate-training/?utm_source=newsletter&amp;utm_medium=email&amp;utm_campaign=saudi-ict" target="_blank">AI upskilling</a> that turns passive tools into active performance.</div><div><br /></div><div>Worth sending over a personalized presentation?</div><div><br /></div><div>Regards, </div><div>WeCloudData</div>') ON CONFLICT (campaign_id, step_index, variant_index) DO NOTHING;
INSERT INTO leads.instantly_campaign_contents (campaign_id, step_index, variant_index, subject, body) VALUES ('8185dc26-87cd-4ee4-ad99-8c596b31244d', 0, 1, 'KSA''s 2030 ai vision affects {{companyName}}', '<div>{{RANDOM | Hello | Hi | Greetings!}} {{firstName}},</div><div><br /></div><div>Saudi Arabia’s AI 2030 Vision is pushing companies to integrate AI across tech—and many are finding it overwhelming to navigate the flood of tools and options. That’s where we come in.</div><div><br /></div><div>Our custom <a href="https://weclouddata.com/corporate-training/?utm_source=newsletter&amp;utm_medium=email&amp;utm_campaign=saudi-ict" target="_blank">AI training program</a> is built for {{companyName}}’s real-world needs—helping your team learn, upskill, and apply AI directly in your workflows.</div><div><br /></div><div>Would you be open to a <a href="https://meetings.hubspot.com/warney/talk-to-wecloud-program-advisor?uuid=f772e830-c1fe-4c3a-af95-34b2bb557260&amp;utm_source=newsletter&amp;utm_medium=email&amp;utm_campaign=saudi-ict" target="_blank">quick chat</a> to explore how we can support {{companyName}} on this journey?</div><div><br /></div><div>Warm Regards,</div><div>WeCloudData</div>') ON CONFLICT (campaign_id, step_index, variant_index) DO NOTHING;
INSERT INTO leads.instantly_campaign_steps (campaign_id, step_index, type, delay) VALUES ('8185dc26-87cd-4ee4-ad99-8c596b31244d', 1, 'email', 2) ON CONFLICT (campaign_id, step_index) DO NOTHING;
INSERT INTO leads.instantly_campaign_contents (campaign_id, step_index, variant_index, subject, body) VALUES ('8185dc26-87cd-4ee4-ad99-8c596b31244d', 1, 0, '', '<div>{{firstName}}, </div><div><br /></div><div>Saudi’s Vision 2030 is driving AI adoption—60% of companies use it, but 70% of tech teams lack the skills to implement it.</div><div><br /></div><div>Here’s how AI could impact {{companyName}}:✅ Automate infrastructure management ✅ Cut downtime in half✅ Save millions with predictive analytics</div><div><br /></div><div>We help Saudi <a href="https://weclouddata.com/corporate-training/?utm_source=newsletter&amp;utm_medium=email&amp;utm_campaign=saudi-ict" target="_blank">teams upskill</a> and deploy AI fast. Want a quick AI walkthrough for {{companyName}}? Reply “AI” and I’ll send it over.</div><div><br /></div><div>{{RANDOM | Best, | Regards, | Cheers,}}</div><div>WeCloudData</div>') ON CONFLICT (campaign_id, step_index, variant_index) DO NOTHING;
INSERT INTO leads.instantly_campaign_contents (campaign_id, step_index, variant_index, subject, body) VALUES ('8185dc26-87cd-4ee4-ad99-8c596b31244d', 1, 1, '', '<div>{{firstName}} circling back on my note—many teams exploring AI hit the same wall: smart-sounding training that doesn’t stick.</div><div><br /></div><div>We flipped the model for <a href="https://weclouddata.com/corporate-training/?utm_source=newsletter&amp;utm_medium=email&amp;utm_campaign=saudi-ict" target="_blank">AI upskilling.</a> Your team pairs with real AI engineers on live projects—building tools, solving real problems, and gaining lasting confidence.</div><div><br /></div><div>If AI’s on your {{companyName}} 2025 roadmap, this might be the edge your team needs. Want to see what that looks like in action?</div><div><br /></div><div>Best,</div><div>WeCloudData</div><div><br /></div><div><br /></div>') ON CONFLICT (campaign_id, step_index, variant_index) DO NOTHING;
INSERT INTO leads.instantly_campaign_steps (campaign_id, step_index, type, delay) VALUES ('8185dc26-87cd-4ee4-ad99-8c596b31244d', 2, 'email', 1) ON CONFLICT (campaign_id, step_index) DO NOTHING;
INSERT INTO leads.instantly_campaign_contents (campaign_id, step_index, variant_index, subject, body) VALUES ('8185dc26-87cd-4ee4-ad99-8c596b31244d', 2, 0, '{{firstName}} thoughts?', '<div>{{firstName}}</div><div><br /></div><div>This might sound blunt — but tech teams that don’t have in-house AI capabilities by 2025 will be left behind. Saudi is racing toward an ai-first economy. 2030’s not far. Our <a href="https://weclouddata.com/corporate-training/?utm_source=newsletter&amp;utm_medium=email&amp;utm_campaign=saudi-ict" target="_blank">upskilling programs</a> are customizable to your needs.</div><div><br /></div><div>No hard sell. just saying: {{companyName}} already has the stack — now it’s about making sure the people are ready for what’s coming.</div><div><br /></div><div>Regards,</div><div>WeCloudData</div>') ON CONFLICT (campaign_id, step_index, variant_index) DO NOTHING;
COMMIT;
-- End of record --

BEGIN;
INSERT INTO leads.instantly_campaigns ("id", "name", "status", "campaign_schedule", "timestamp_created", "timestamp_updated", "text_only", "email_list", "daily_limit", "stop_on_reply", "email_tag_list", "link_tracking", "open_tracking", "stop_on_auto_reply", "organization", "email_gap", "prioritize_new_leads", "auto_variant_select", "stop_for_company", "insert_unsubscribe_header") VALUES ('79e939b0-1718-4eaf-a7b9-5108276c2dee', 'Louise- Seattle Healthcare campaign ', 3, '{}', '2025-05-16T19:49:47.254Z', '2025-05-16T19:55:00.407Z', FALSE, '["louise.c@weclouddata.net", "louise.c@weclouddata.org", "louise.c@weclouddata.us", "louise.cheng@weclouddata.org", "louise.cheng@weclouddata.us", "louise@weclouddata.net", "louise@weclouddata.org", "louise@weclouddata.us", "louise_c@weclouddata.org", "louise_c@weclouddata.us"]', 300.0, TRUE, '[]', TRUE, TRUE, FALSE, 'f44277de-69b2-4bc3-a69c-28afd4094123', NULL, NULL, NULL, NULL, NULL) ON CONFLICT (id) DO NOTHING;
INSERT INTO leads.instantly_campaign_steps (campaign_id, step_index, type, delay) VALUES ('79e939b0-1718-4eaf-a7b9-5108276c2dee', 0, 'email', 5) ON CONFLICT (campaign_id, step_index) DO NOTHING;
INSERT INTO leads.instantly_campaign_contents (campaign_id, step_index, variant_index, subject, body) VALUES ('79e939b0-1718-4eaf-a7b9-5108276c2dee', 0, 0, 'Quick question {{firstName}}', '<div>Hey {{firstName}},</div><div><br /></div><div>Pharm’s real Gen AI challenge isn’t adoption — it’s activation.</div><div><br /></div><div>{{companyName}} team might already have access to tools. but if they’re not trained to use them in context (regulatory, qc)… nothing moves.</div><div><br /></div><div>WeCloudData can bring your team up to speed with tailored, workflow-ready <a href="https://weclouddata.com/corporate-training/?utm_source=newsletter&amp;utm_medium=email&amp;utm_campaign=canada-pharma-follow-up">AI training.</a> Want to <a href="https://meetings.hubspot.com/warney/talk-to-wecloud-program-advisor?uuid=f772e830-c1fe-4c3a-af95-34b2bb557260&amp;utm_source=newsletter&amp;utm_medium=email&amp;utm_campaign=canada-pharma-follow-up">chat</a> what that could look like for {{companyName}}?</div><div><br /></div><div>{{RANDOM | Best, | Regards, | Cheers,}}</div><div>WeCloudData</div>') ON CONFLICT (campaign_id, step_index, variant_index) DO NOTHING;
INSERT INTO leads.instantly_campaign_contents (campaign_id, step_index, variant_index, subject, body) VALUES ('79e939b0-1718-4eaf-a7b9-5108276c2dee', 0, 1, '{{firstName}} are you still exploring AI?', '<div>{{firstName}},</div><div><br /></div><div>Looping back — wasn’t sure if it’s timing, inbox overload, or AI fatigue (all fair).</div><div><br /></div><div>But we’re seeing pharm orgs move quick on training their people before investing in big tools or hires. We design <a href="https://weclouddata.com/corporate-training/?utm_source=newsletter&amp;utm_medium=email&amp;utm_campaign=canada-pharma-follow-up">custom upskilling programs</a> that fit: 1) your roles 2) your workflows 3) your budget structure (we accept company funding for upskilling).</div><div><br /></div><div>No pressure — just let me know if you''d still like to see 2 min personalized demo for {{companyName}}.</div><div><br /></div><div>{{RANDOM | Best, | Regards, | Cheers,}}</div><div>WeCloudData</div>') ON CONFLICT (campaign_id, step_index, variant_index) DO NOTHING;
INSERT INTO leads.instantly_campaign_steps (campaign_id, step_index, type, delay) VALUES ('79e939b0-1718-4eaf-a7b9-5108276c2dee', 1, 'email', 2) ON CONFLICT (campaign_id, step_index) DO NOTHING;
INSERT INTO leads.instantly_campaign_contents (campaign_id, step_index, variant_index, subject, body) VALUES ('79e939b0-1718-4eaf-a7b9-5108276c2dee', 1, 0, '', '<div>{{firstName}},</div><div><br /></div><div>Regulatory teams today are buried — too many submissions, tight timelines, and rising documentation demands.</div><div><br /></div><div>AI can help with review, QC, and even first-draft generation — but only if the team knows how to work with it.</div><div><br /></div><div>We can help you <a href="https://weclouddata.com/corporate-training/?utm_source=newsletter&amp;utm_medium=email&amp;utm_campaign=canada-pharma-follow-up">upskill</a> while accepting <strong>company funding</strong>- Want to see a rollout plan before Q3 planning kicks in?</div><div><br /></div><div>{{RANDOM | Best, | Regards, | Cheers,}}</div><div>WeCloudData</div>') ON CONFLICT (campaign_id, step_index, variant_index) DO NOTHING;
INSERT INTO leads.instantly_campaign_contents (campaign_id, step_index, variant_index, subject, body) VALUES ('79e939b0-1718-4eaf-a7b9-5108276c2dee', 1, 1, 'Scared of compliance risk w/AI?', '<div>{{firstName}},</div><div><br /></div><div>A lot of pharma companies are avoiding AI because they’re afraid of compliance risk. But here’s the irony: the bigger risk is letting untrained teams use it anyway.</div><div><br /></div><div>Worth <a href="https://weclouddata.com/corporate-training/?utm_source=newsletter&amp;utm_medium=email&amp;utm_campaign=canada-pharma-follow-up">a chat</a> about how we could support {{companyName}}?</div><div><br /></div><div>Best,</div><div>WeCloudData</div>') ON CONFLICT (campaign_id, step_index, variant_index) DO NOTHING;
INSERT INTO leads.instantly_campaign_steps (campaign_id, step_index, type, delay) VALUES ('79e939b0-1718-4eaf-a7b9-5108276c2dee', 2, 'email', 1) ON CONFLICT (campaign_id, step_index) DO NOTHING;
INSERT INTO leads.instantly_campaign_contents (campaign_id, step_index, variant_index, subject, body) VALUES ('79e939b0-1718-4eaf-a7b9-5108276c2dee', 2, 0, '', '<div>{{firstName}},</div><div><br /></div><div>Still thinking through how AI fits into {{companyName}}’s day-to-day?</div><div><br /></div><div>We’re helping other pharma teams <a href="https://weclouddata.com/corporate-training/?utm_source=newsletter&amp;utm_medium=email&amp;utm_campaign=canada-pharma-follow-up">upskill fast</a> — regulatory, clinical, med affairs — all covered. Custom tracks. pharma workflows. L&amp;D-friendly.</div><div><br /></div><div>Should I send a quick overview? Or you can book a meeting: <a href="https://weclouddata.com/corporate-training/?utm_source=newsletter&amp;utm_medium=email&amp;utm_campaign=canada-pharma-follow-up">HERE.</a></div><div><br /></div><div>Best,</div><div>WeCloudData</div>') ON CONFLICT (campaign_id, step_index, variant_index) DO NOTHING;
COMMIT;
-- End of record --

BEGIN;
INSERT INTO leads.instantly_campaigns ("id", "name", "status", "campaign_schedule", "timestamp_created", "timestamp_updated", "text_only", "email_list", "daily_limit", "stop_on_reply", "email_tag_list", "link_tracking", "open_tracking", "stop_on_auto_reply", "organization", "email_gap", "prioritize_new_leads", "auto_variant_select", "stop_for_company", "insert_unsubscribe_header") VALUES ('7787e260-f316-445b-ace4-a536650bf01e', 'Warney- CEO Targeting AI Corporate Training', 1, '{}', '2025-03-19T17:57:35.857Z', '2025-03-19T18:01:02.436Z', FALSE, '["w.sarkis@weclouddataacademy.com", "w.sarkis@wecloudtraining.com", "w.sarkiss@weclouddata-corp.com", "w.sarkiss@weclouddataacademy.com", "w.sarkiss@wecloudtraining.com", "warney.s@weclouddata-corp.com", "warney.s@weclouddataacademy.com", "warney.s@wecloudtraining.com", "warney.sarkis@weclouddata-corp.com", "warney.sarkis@weclouddataacademy.com", "warney.sarkis@wecloudtraining.com"]', 330.0, TRUE, '[]', TRUE, TRUE, FALSE, 'f44277de-69b2-4bc3-a69c-28afd4094123', NULL, NULL, NULL, NULL, NULL) ON CONFLICT (id) DO NOTHING;
INSERT INTO leads.instantly_campaign_steps (campaign_id, step_index, type, delay) VALUES ('7787e260-f316-445b-ace4-a536650bf01e', 0, 'email', 6) ON CONFLICT (campaign_id, step_index) DO NOTHING;
INSERT INTO leads.instantly_campaign_contents (campaign_id, step_index, variant_index, subject, body) VALUES ('7787e260-f316-445b-ace4-a536650bf01e', 0, 0, 'Quick Question {{firstName}} !', '<div>Hi {{firstName}},</div><div><br /></div><div>I know you''re busy, so I''ll get right to the point.</div><div><br /></div><div>AI is transforming how businesses operate, and companies that upskill their teams now will have a competitive edge. At WeCloudData, we provide hands-on AI training tailored for technical teams—helping them integrate AI into workflows, optimize processes, and drive innovation.</div><div><br /></div><div>We’ve worked with companies like Samsung and more to bridge the AI skills gap. Would you be open to a quick chat to explore how we can support {{companyName}}?</div><div><br /></div><div>Not interested? <a href="https://share.hsforms.com/2tlopUCLQRLKbRcIyf1wOfQ44nue" target="_blank">Join our GenAI webinar!</a></div><div><br /></div><div>Let me know a time that works for you.</div><div><br /></div><div>Best,</div>') ON CONFLICT (campaign_id, step_index, variant_index) DO NOTHING;
INSERT INTO leads.instantly_campaign_steps (campaign_id, step_index, type, delay) VALUES ('7787e260-f316-445b-ace4-a536650bf01e', 1, 'email', 1) ON CONFLICT (campaign_id, step_index) DO NOTHING;
INSERT INTO leads.instantly_campaign_contents (campaign_id, step_index, variant_index, subject, body) VALUES ('7787e260-f316-445b-ace4-a536650bf01e', 1, 0, '', '<div>Hi {{firstName}} ,</div><div><br /></div><div>I wanted to reach out one final time regarding WeCloudData''s AI training for technical teams. If this isn’t a priority right now, no problem! I completely understand.</div><div><br /></div><div> However, if you''d still like to explore how we can help {{companyName}} build AI capabilities, I’d be happy to connect.</div><div><br /></div><div>Please let me know if it makes sense to discuss further.</div><div><br /></div><div>Best,</div>') ON CONFLICT (campaign_id, step_index, variant_index) DO NOTHING;
COMMIT;
-- End of record --

BEGIN;
INSERT INTO leads.instantly_campaigns ("id", "name", "status", "campaign_schedule", "timestamp_created", "timestamp_updated", "text_only", "email_list", "daily_limit", "stop_on_reply", "email_tag_list", "link_tracking", "open_tracking", "stop_on_auto_reply", "organization", "email_gap", "prioritize_new_leads", "auto_variant_select", "stop_for_company", "insert_unsubscribe_header") VALUES ('746e19e7-171f-43bd-94ef-96d596c0e9a0', 'Warney - Director of Technology Corporate Training', 1, '{}', '2025-03-18T19:03:29.288Z', '2025-03-21T21:09:21.156Z', FALSE, '["w.sarkis@weclouddataacademy.com", "w.sarkis@wecloudtraining.com", "w.sarkiss@weclouddataacademy.com", "w.sarkiss@weclouddata-corp.com", "w.sarkiss@wecloudtraining.com", "warney.s@weclouddata-corp.com", "warney.s@weclouddataacademy.com", "warney.s@wecloudtraining.com", "warney.sarkis@weclouddata-corp.com", "warney.sarkis@weclouddataacademy.com", "warney.sarkis@wecloudtraining.com"]', 330.0, TRUE, '[]', TRUE, TRUE, FALSE, 'f44277de-69b2-4bc3-a69c-28afd4094123', NULL, NULL, NULL, NULL, NULL) ON CONFLICT (id) DO NOTHING;
INSERT INTO leads.instantly_campaign_steps (campaign_id, step_index, type, delay) VALUES ('746e19e7-171f-43bd-94ef-96d596c0e9a0', 0, 'email', 6) ON CONFLICT (campaign_id, step_index) DO NOTHING;
INSERT INTO leads.instantly_campaign_contents (campaign_id, step_index, variant_index, subject, body) VALUES ('746e19e7-171f-43bd-94ef-96d596c0e9a0', 0, 0, 'Quick Question, {{firstName}}!', '<div>Hi {{firstName}} ,</div><div><br /></div><div>I know you''re busy, so I''ll get right to the point.</div><div><br /></div><div>AI is transforming how businesses operate, and companies that upskill their teams now will have a competitive edge. At WeCloudData, we provide hands-on AI training tailored for technical teams—helping them integrate AI into workflows, optimize processes, and drive innovation.</div><div><br /></div><div>We’ve worked with companies like Samsung and more to bridge the AI skills gap. Would you be open to a quick chat to explore how we can support{{companyName}}?</div><div><br /></div><div>Let me know a time that works for you.</div><div><br /></div><div>Best,</div>') ON CONFLICT (campaign_id, step_index, variant_index) DO NOTHING;
INSERT INTO leads.instantly_campaign_steps (campaign_id, step_index, type, delay) VALUES ('746e19e7-171f-43bd-94ef-96d596c0e9a0', 1, 'email', 1) ON CONFLICT (campaign_id, step_index) DO NOTHING;
INSERT INTO leads.instantly_campaign_contents (campaign_id, step_index, variant_index, subject, body) VALUES ('746e19e7-171f-43bd-94ef-96d596c0e9a0', 1, 0, '', '<div>Hi {{firstName}},</div><div><br /></div><div>I wanted to reach out one final time regarding WeCloudData''s AI training for technical teams. If this isn’t a priority right now, no problem! I completely understand. </div><div><br /></div><div>However, if you''d still like to explore how we can help {{companyName}} build AI capabilities, I’d be happy to connect.</div><div><br /></div><div>Please let me know if it makes sense to discuss further.</div><div><br /></div><div>Best,</div>') ON CONFLICT (campaign_id, step_index, variant_index) DO NOTHING;
COMMIT;
-- End of record --

BEGIN;
INSERT INTO leads.instantly_campaigns ("id", "name", "status", "campaign_schedule", "timestamp_created", "timestamp_updated", "text_only", "email_list", "daily_limit", "stop_on_reply", "email_tag_list", "link_tracking", "open_tracking", "stop_on_auto_reply", "organization", "email_gap", "prioritize_new_leads", "auto_variant_select", "stop_for_company", "insert_unsubscribe_header") VALUES ('73ba2d56-2894-4c76-8afd-0af99b510d53', 'Louise_corporate training_target Toronto training/hr dept director (101-200 headcount)', 3, '{}', '2024-12-27T22:39:53.252Z', '2025-02-28T18:03:19.195Z', FALSE, '["louise.c@weclouddata.net", "louise.c@weclouddata.org", "louise.c@weclouddata.us", "louise.cheng@weclouddata.org", "louise.cheng@weclouddata.us", "louise@weclouddata.net", "louise@weclouddata.org", "louise@weclouddata.us", "louise_c@weclouddata.org", "louise_c@weclouddata.us"]', 300.0, TRUE, '[]', TRUE, TRUE, FALSE, 'f44277de-69b2-4bc3-a69c-28afd4094123', NULL, NULL, NULL, NULL, NULL) ON CONFLICT (id) DO NOTHING;
INSERT INTO leads.instantly_campaign_steps (campaign_id, step_index, type, delay) VALUES ('73ba2d56-2894-4c76-8afd-0af99b510d53', 0, 'email', 3) ON CONFLICT (campaign_id, step_index) DO NOTHING;
INSERT INTO leads.instantly_campaign_contents (campaign_id, step_index, variant_index, subject, body) VALUES ('73ba2d56-2894-4c76-8afd-0af99b510d53', 0, 0, 'Transform Your Team with AI Training - 1000+ Students Already Benefiting!', '<div>Hi&nbsp;{{firstName}} ,</div><div><br></div><div>Looking for AI training for your team? <a href="http://www.weclouddata.com" target="_blank">WeCloudData</a> just completed a program for over 1000 students in Canada, US and the UAE, empowering them with cutting-edge AI skills. Let&rsquo;s discuss how we can do the same for your team.</div><div><br></div><div>Best,</div><div>Louise&nbsp;</div><div><a href="https://meetings.hubspot.com/louise-cheng?uuid=5d59adb0-ec9a-429c-895a-b90f153f8fba" target="_blank">Meeting link</a></div>') ON CONFLICT (campaign_id, step_index, variant_index) DO NOTHING;
INSERT INTO leads.instantly_campaign_steps (campaign_id, step_index, type, delay) VALUES ('73ba2d56-2894-4c76-8afd-0af99b510d53', 1, 'email', 1) ON CONFLICT (campaign_id, step_index) DO NOTHING;
INSERT INTO leads.instantly_campaign_contents (campaign_id, step_index, variant_index, subject, body) VALUES ('73ba2d56-2894-4c76-8afd-0af99b510d53', 1, 0, 'Don’t Miss Out: Join the 1000+ Trained in AI!', '<div>Hi&nbsp;{{firstName}} ,</div><div><br></div><div>Ready to transform your team into AI leaders? <a href="http://www.weclouddata.com" target="_blank">WeCloudData&rsquo;s</a> recent training program in the UAE has seen remarkable success. Let&rsquo;s schedule a call to see how we can help your team achieve similar results. Act now to secure your spot!&nbsp;</div><div><br></div><div>Best,</div><div>Louise</div><div><a href="https://meetings.hubspot.com/louise-cheng?uuid=5d59adb0-ec9a-429c-895a-b90f153f8fba" target="_blank">Meeting link</a></div>') ON CONFLICT (campaign_id, step_index, variant_index) DO NOTHING;
COMMIT;
-- End of record --

BEGIN;
INSERT INTO leads.instantly_campaigns ("id", "name", "status", "campaign_schedule", "timestamp_created", "timestamp_updated", "text_only", "email_list", "daily_limit", "stop_on_reply", "email_tag_list", "link_tracking", "open_tracking", "stop_on_auto_reply", "organization", "email_gap", "prioritize_new_leads", "auto_variant_select", "stop_for_company", "insert_unsubscribe_header") VALUES ('70d984e7-c658-47ec-8623-6d548372d796', 'Maliha- US Tech NY', 1, '{}', '2025-05-23T16:10:57.018Z', '2025-05-28T15:09:50.959Z', FALSE, '["louise.c@weclouddata.net", "louise.c@weclouddata.org", "louise.c@weclouddata.us", "louise.cheng@weclouddata.us", "louise@weclouddata.net", "louise@weclouddata.org", "louise@weclouddata.us", "louise_c@weclouddata.org", "louise_c@weclouddata.us", "louise.cheng@weclouddata.org"]', 300.0, TRUE, '[]', TRUE, TRUE, FALSE, 'f44277de-69b2-4bc3-a69c-28afd4094123', NULL, NULL, NULL, NULL, NULL) ON CONFLICT (id) DO NOTHING;
INSERT INTO leads.instantly_campaign_steps (campaign_id, step_index, type, delay) VALUES ('70d984e7-c658-47ec-8623-6d548372d796', 0, 'email', 4) ON CONFLICT (campaign_id, step_index) DO NOTHING;
INSERT INTO leads.instantly_campaign_contents (campaign_id, step_index, variant_index, subject, body) VALUES ('70d984e7-c658-47ec-8623-6d548372d796', 0, 0, 'Quick Question {{firstName}}', '<div>Hi {{firstName}},</div><div><br /></div><div>Training your team on AI sounds like a headache — but it’s way cheaper than outsourcing or hiring from scratch.</div><div><br /></div><div>WeCloudData has already helped 40+ tech orgs get their dev, data, and product teams <a href="https://weclouddata.com/corporate-training/?utm_source=newsletter&amp;utm_medium=email&amp;utm_campaign=us-ny-tech">upskilled by tailoring training</a> tied to your actual stack + use cases fully covered by {{companyName}} education budgets </div><div><br /></div><div>You’ve already got the talent — We just bring the AI layer. Curious to <a href="https://meetings.hubspot.com/warney/talk-to-wecloud-program-advisor?uuid=f772e830-c1fe-4c3a-af95-34b2bb557260&amp;utm_source=newsletter&amp;utm_medium=email&amp;utm_campaign=us-ny-tech">chat</a> if it’s a fit for {{companyName}}?</div><div><br /></div><div>{{RANDOM | Best, | Regards, | Cheers,}}</div><div>WeCloudData</div><div><br /></div>') ON CONFLICT (campaign_id, step_index, variant_index) DO NOTHING;
INSERT INTO leads.instantly_campaign_contents (campaign_id, step_index, variant_index, subject, body) VALUES ('70d984e7-c658-47ec-8623-6d548372d796', 0, 1, '{{firstName}} still figuring out AI?', '<div> Hey {{firstName}},</div><div><br /></div><div>Your top PMs, engineers, analysts — all trying to “figure out AI” solo?</div><div>that’s not just inefficient — it’s a skill gap that’s going to cost real growth.</div><div><br /></div><div>We’re helping NY tech teams <a href="https://weclouddata.com/corporate-training/?utm_source=newsletter&amp;utm_medium=email&amp;utm_campaign=us-ny-tech">upskill in applied AI fluency</a>, with flexible and customized training including tools &amp; use cases to {{companyName}}.</div><div><br /></div><div>Best part? We are top rated by our partners (4.8/5). Want me to <a href="https://weclouddata.com/corporate-training/?utm_source=newsletter&amp;utm_medium=email&amp;utm_campaign=us-ny-tech">show you</a> what that could look like for {{companyName}}?</div><div><br /></div><div>{{RANDOM | Best, | Regards, | Cheers,}}</div><div>WeCloudData</div>') ON CONFLICT (campaign_id, step_index, variant_index) DO NOTHING;
INSERT INTO leads.instantly_campaign_steps (campaign_id, step_index, type, delay) VALUES ('70d984e7-c658-47ec-8623-6d548372d796', 1, 'email', 2) ON CONFLICT (campaign_id, step_index) DO NOTHING;
INSERT INTO leads.instantly_campaign_contents (campaign_id, step_index, variant_index, subject, body) VALUES ('70d984e7-c658-47ec-8623-6d548372d796', 1, 0, '', '<div>{{firstName}} </div><div><br /></div><div>You probably could be thinking that your employees might not need <a href="https://weclouddata.com/corporate-training/?utm_source=newsletter&amp;utm_medium=email&amp;utm_campaign=us-ny-tech">AI upskilling</a> but what about the risk of untrained devs using open tools like GPT, huggingface, or langchain in prod?</div><div><br /></div><div>We’ve helped US tech firms avoid that exact mess by teaching teams how to build secure compliant AI workflows on company data.</div><div><br /></div><div>This isn’t about theory — it’s about making AI usable and safe inside {{companyName}}. </div><div><br /></div><div>Should I send over a personalized demo?</div><div>{{RANDOM | Best, | Regards, | Cheers,}}</div><div>WeCloudData</div>') ON CONFLICT (campaign_id, step_index, variant_index) DO NOTHING;
INSERT INTO leads.instantly_campaign_steps (campaign_id, step_index, type, delay) VALUES ('70d984e7-c658-47ec-8623-6d548372d796', 2, 'email', 2) ON CONFLICT (campaign_id, step_index) DO NOTHING;
INSERT INTO leads.instantly_campaign_contents (campaign_id, step_index, variant_index, subject, body) VALUES ('70d984e7-c658-47ec-8623-6d548372d796', 2, 0, 'solving {{companyName}}''s funding issue', '<div>{{firstName}} </div><div><br /></div><div>Its me again, I know good training usually dies in approval hell. </div><div><br /></div><div>That’s why we designed WeCloudData to work with your {{companyName}}''s funding. Just plug it into your L&amp;D or skilling budget and your team’s ready for <a href="https://weclouddata.com/corporate-training/?utm_source=newsletter&amp;utm_medium=email&amp;utm_campaign=us-ny-tech">AI upskilling.</a></div><div><br /></div><div>Interested in a frictionless rollout, should I send funding options?</div><div><br /></div><div>Best,</div><div>WeCloudData.</div>') ON CONFLICT (campaign_id, step_index, variant_index) DO NOTHING;
INSERT INTO leads.instantly_campaign_contents (campaign_id, step_index, variant_index, subject, body) VALUES ('70d984e7-c658-47ec-8623-6d548372d796', 2, 1, '{{companyName}}''s eligible for education funding ', '<div>{{firstName}} </div><div><br /></div><div>A lot of orgs don’t realize this can we cover full-on AI training for your team — with accepting {{companyName}} education funding without eating into product or ops spend.</div><div><br /></div><div>Right now we’re running <a href="https://weclouddata.com/corporate-training/?utm_source=newsletter&amp;utm_medium=email&amp;utm_campaign=us-ny-tech">corporate AI training</a> programs (think: applied ML, prompt engineering, GenAI for PMs/devs) for teams.</div><div><br /></div><div>Your team could be fully AI-upskilled by mid-Q3 — without needing new headcount. Curious to <a href="https://meetings.hubspot.com/warney/talk-to-wecloud-program-advisor?uuid=f772e830-c1fe-4c3a-af95-34b2bb557260&amp;utm_source=newsletter&amp;utm_medium=email&amp;utm_campaign=us-ny-tech">chat?</a></div><div><br /></div><div>Best,</div><div>WeCloudData</div>') ON CONFLICT (campaign_id, step_index, variant_index) DO NOTHING;
INSERT INTO leads.instantly_campaign_steps (campaign_id, step_index, type, delay) VALUES ('70d984e7-c658-47ec-8623-6d548372d796', 3, 'email', 1) ON CONFLICT (campaign_id, step_index) DO NOTHING;
INSERT INTO leads.instantly_campaign_contents (campaign_id, step_index, variant_index, subject, body) VALUES ('70d984e7-c658-47ec-8623-6d548372d796', 3, 0, '', '<div>{{firstName}}, </div><div><br /></div><div>Just following up one last time — totally understand if this isn’t a priority right now. But if AI is still part of your 2025 roadmap and you’ve got team members exploring tools like ChatGPT, Claude, Copilot, etc... this could help your team.</div><div><br /></div><div>Even if it’s just a <a href="https://meetings.hubspot.com/warney/talk-to-wecloud-program-advisor?uuid=f772e830-c1fe-4c3a-af95-34b2bb557260&amp;utm_source=newsletter&amp;utm_medium=email&amp;utm_campaign=us-ny-tech">10-min walkthrough</a>, happy to share what we’ve seen work across similar tech orgs.</div><div><br /></div><div>Regards, </div><div>WeCloudData</div>') ON CONFLICT (campaign_id, step_index, variant_index) DO NOTHING;
COMMIT;
-- End of record --

BEGIN;
INSERT INTO leads.instantly_campaigns ("id", "name", "status", "campaign_schedule", "timestamp_created", "timestamp_updated", "text_only", "email_list", "daily_limit", "stop_on_reply", "email_tag_list", "link_tracking", "open_tracking", "stop_on_auto_reply", "organization", "email_gap", "prioritize_new_leads", "auto_variant_select", "stop_for_company", "insert_unsubscribe_header") VALUES ('6b1f0d2b-80e5-4712-a87f-2214beb2e1d2', 'Warney - DA Campaign', 3, '{}', '2024-12-31T19:05:16.230Z', '2025-01-23T15:23:09.756Z', FALSE, '["w.sarkis@weclouddata-corp.com", "w.sarkis@wecloudtraining.com", "w.sarkis@weclouddataacademy.com", "w.sarkiss@weclouddata-corp.com", "w.sarkiss@weclouddataacademy.com", "w.sarkiss@wecloudtraining.com", "warney.s@weclouddata-corp.com", "warney.s@weclouddataacademy.com", "warney.s@wecloudtraining.com", "warney.sarkis@weclouddata-corp.com", "warney.sarkis@weclouddataacademy.com", "warney.sarkis@wecloudtraining.com"]', 360.0, TRUE, '[]', TRUE, TRUE, FALSE, 'f44277de-69b2-4bc3-a69c-28afd4094123', NULL, NULL, NULL, NULL, NULL) ON CONFLICT (id) DO NOTHING;
INSERT INTO leads.instantly_campaign_steps (campaign_id, step_index, type, delay) VALUES ('6b1f0d2b-80e5-4712-a87f-2214beb2e1d2', 0, 'email', 4) ON CONFLICT (campaign_id, step_index) DO NOTHING;
INSERT INTO leads.instantly_campaign_contents (campaign_id, step_index, variant_index, subject, body) VALUES ('6b1f0d2b-80e5-4712-a87f-2214beb2e1d2', 0, 0, 'Enhance Your Accounting Team’s Skills with Data Analytics!', '<div>Hi {{firstName}},&nbsp;</div><div><br></div><div>I hope this message finds you well. I&rsquo;m reaching out to introduce our Data Analyst course, designed specifically to help professionals in accounting unlock the power of data-driven insights.</div><div><br></div><div>This course equips your team with practical skills in data visualization, analysis, and reporting&mdash;empowering them to streamline processes, uncover trends, and make more informed financial decisions.</div><div><br></div><div>Why This Course is Perfect for Accounting Teams:</div><ul style="font-style: normal; font-variant-caps: normal; font-weight: 400; letter-spacing: normal; orphans: auto; text-align: start; text-indent: 0px; text-transform: none; white-space: normal; widows: auto; word-spacing: 0px; -webkit-text-stroke-width: 0px; text-decoration: none; caret-color: rgb(0, 0, 0); color: rgb(0, 0, 0);"><li>Actionable Skills:&nbsp;Learn to analyze financial data and create impactful dashboards.</li><li>Industry-Relevant Tools:&nbsp;Hands-on training with tools like Excel, SQL, and Power BI.</li><li>Real-World Applications:&nbsp;Focused on solving common accounting challenges with data analytics.</li></ul><div>Your team can also utilize your company&rsquo;s training budget to participate, making this an accessible way to elevate their expertise.</div><div><br></div><div>Would you be open to a quick conversation to explore how this course could benefit your team? <a href="https://meetings.hubspot.com/warney" target="_blank">CLICK HERE!</a></div><div><br></div><div>Looking forward to connecting!</div>') ON CONFLICT (campaign_id, step_index, variant_index) DO NOTHING;
INSERT INTO leads.instantly_campaign_steps (campaign_id, step_index, type, delay) VALUES ('6b1f0d2b-80e5-4712-a87f-2214beb2e1d2', 1, 'email', 1) ON CONFLICT (campaign_id, step_index) DO NOTHING;
INSERT INTO leads.instantly_campaign_contents (campaign_id, step_index, variant_index, subject, body) VALUES ('6b1f0d2b-80e5-4712-a87f-2214beb2e1d2', 1, 0, 'Last Chance to Upskill Your Accounting Team with Data Analytics', '<div>Hi {{firstName}},&nbsp;</div><div><br></div><div>I wanted to follow up one last time about our Data Analyst course, tailored to help accounting professionals make data-driven decisions and optimize financial workflows.</div><div><br></div><div>This is a great opportunity for your team to gain actionable skills in data analysis, visualization, and reporting&mdash;using tools like Excel, SQL, and Power BI. With your company&rsquo;s training budget, this course is an accessible way to invest in their growth.</div><div><br></div><div>Seats are filling quickly, so if you&rsquo;re interested, let me know&mdash;I&rsquo;d be happy to assist with next steps or answer any questions.</div><div><br></div><div><a href="https://meetings.hubspot.com/warney" target="_blank">CLICK HERE!</a></div><div><br></div><div>Don&rsquo;t miss out on this chance to empower your team with in-demand analytics skills!</div>') ON CONFLICT (campaign_id, step_index, variant_index) DO NOTHING;
COMMIT;
-- End of record --

BEGIN;
INSERT INTO leads.instantly_campaigns ("id", "name", "status", "campaign_schedule", "timestamp_created", "timestamp_updated", "text_only", "email_list", "daily_limit", "stop_on_reply", "email_tag_list", "link_tracking", "open_tracking", "stop_on_auto_reply", "organization", "email_gap", "prioritize_new_leads", "auto_variant_select", "stop_for_company", "insert_unsubscribe_header") VALUES ('5a3a2073-15f8-4a2c-aa00-e3879f7e955b', 'Arsalan Hussain Beam Data Mining and Metals(1-10))', 1, '{"schedules": [{"name": "New schedule", "timing": {"from": "09:00", "to": "18:00"}, "days": {"1": true, "2": true, "3": true, "4": true, "5": true}, "timezone": "America/Detroit"}], "start_date": "", "end_date": ""}', '2025-03-18T17:18:35.475Z', '2025-03-25T13:59:55.650Z', FALSE, '["n-tran@beamdata-team.com", "n-tran@beamdata.org", "n-tran@beamdatahq.com", "n.tran@beamdata.org", "n.tran@beamdatahq.com", "n_tran@beamdata.org", "n_tran@beamdatahq.com", "ntran@beamdatahq.com"]', 600.0, TRUE, '[]', TRUE, TRUE, FALSE, 'f44277de-69b2-4bc3-a69c-28afd4094123', NULL, NULL, NULL, NULL, NULL) ON CONFLICT (id) DO NOTHING;
INSERT INTO leads.instantly_campaign_steps (campaign_id, step_index, type, delay) VALUES ('5a3a2073-15f8-4a2c-aa00-e3879f7e955b', 0, 'email', 0) ON CONFLICT (campaign_id, step_index) DO NOTHING;
INSERT INTO leads.instantly_campaign_contents (campaign_id, step_index, variant_index, subject, body) VALUES ('5a3a2073-15f8-4a2c-aa00-e3879f7e955b', 0, 0, 'Redefining Mining and Metals with AI—Explore the Opportunities!', '<div>Hi {{firstName}},</div><div><br /></div><div>Hope you’re doing great!</div><div><br /></div><div>At Beam Data, we’re helping the mining and metals sector leverage AI to optimize operations, enhance safety, and drive sustainability. It’s exciting to see tools like predictive maintenance, smarter resource management, and advanced analytics making a real impact across the industry.</div><div><br /></div><div>Are you exploring ways AI 🚀 can simplify processes, improve efficiency, or boost sustainability? I’d love to hear about your goals and share some ideas that might <a href="https://beamdata.ai/about-us/" target="_blank">help!</a> 📊</div><div><br /></div><div>Looking forward to connecting!</div><div><br /></div><div>Best regards,</div><div>Nhat Tran</div><div>Director of Technology</div><div>Beam Data</div><div><br /></div><div>P.S. At Beam Data, we specialize in bridging the gap between technology and real-world challenges—making AI work for industries like yours!</div>') ON CONFLICT (campaign_id, step_index, variant_index) DO NOTHING;
INSERT INTO leads.instantly_campaign_steps (campaign_id, step_index, type, delay) VALUES ('5a3a2073-15f8-4a2c-aa00-e3879f7e955b', 1, 'email', 2) ON CONFLICT (campaign_id, step_index) DO NOTHING;
INSERT INTO leads.instantly_campaign_contents (campaign_id, step_index, variant_index, subject, body) VALUES ('5a3a2073-15f8-4a2c-aa00-e3879f7e955b', 1, 0, 'Following Up on AI Opportunities in Mining', '<div>Hi <strong>{{FirstName}}</strong>,<br /><br /></div><div>I just wanted to follow up and see if you’ve had a chance to think about how AI could help optimize operations, enhance safety, or improve sustainability in the mining and metals sector.</div><div><br /></div><div>If you’re exploring any opportunities, I’d be happy to share insights or ideas that could align with your goals! <a href="http://meetings.hubspot.com/nhat3/prospect-beam-data-meeting?uuid=f18a0d4e-5da2-4977-9468-80f507b5c4e9" target="_blank">Lets connect</a></div><div><br /></div><div>Looking forward to hearing from you.</div><div>Best regards,</div><div>Nhat Tran </div><div>Director of Technology</div><div>Beam Data</div>') ON CONFLICT (campaign_id, step_index, variant_index) DO NOTHING;
INSERT INTO leads.instantly_campaign_steps (campaign_id, step_index, type, delay) VALUES ('5a3a2073-15f8-4a2c-aa00-e3879f7e955b', 2, 'email', 4) ON CONFLICT (campaign_id, step_index) DO NOTHING;
INSERT INTO leads.instantly_campaign_contents (campaign_id, step_index, variant_index, subject, body) VALUES ('5a3a2073-15f8-4a2c-aa00-e3879f7e955b', 2, 0, 'Last Chance to Explore AI Opportunities for Mining', '<div>Hi {{FirstName}},</div><div><br />I hope this message finds you well. I wanted to reach out one last time to see if there’s interest in exploring how AI can help optimize operations, enhance safety, or drive sustainability in the mining and metals sector.<br /><br />If you’d like to discuss ideas or see how AI could align with your goals, I’d be happy to connect. Let me know if you’d like to set up a quick <a href="http://meetings.hubspot.com/nhat3/prospect-beam-data-meeting?uuid=f18a0d4e-5da2-4977-9468-80f507b5c4e9" target="_blank">chat</a>!</div><div><br /></div><div>Wishing you all the best.</div><div><br /></div><div>Best regards,</div><div>Nhat Tran</div><div>Director of Technology</div><div>Beam Data</div>') ON CONFLICT (campaign_id, step_index, variant_index) DO NOTHING;
INSERT INTO leads.instantly_campaign_steps (campaign_id, step_index, type, delay) VALUES ('5a3a2073-15f8-4a2c-aa00-e3879f7e955b', 3, 'email', 1) ON CONFLICT (campaign_id, step_index) DO NOTHING;
INSERT INTO leads.instantly_campaign_contents (campaign_id, step_index, variant_index, subject, body) VALUES ('5a3a2073-15f8-4a2c-aa00-e3879f7e955b', 3, 0, '', '') ON CONFLICT (campaign_id, step_index, variant_index) DO NOTHING;
COMMIT;
-- End of record --

BEGIN;
INSERT INTO leads.instantly_campaigns ("id", "name", "status", "campaign_schedule", "timestamp_created", "timestamp_updated", "text_only", "email_list", "daily_limit", "stop_on_reply", "email_tag_list", "link_tracking", "open_tracking", "stop_on_auto_reply", "organization", "email_gap", "prioritize_new_leads", "auto_variant_select", "stop_for_company", "insert_unsubscribe_header") VALUES ('595896d2-d4c3-428b-a21b-c499494eb6cb', 'Alex - ASF Outreach', 1, '{}', '2025-06-18T01:10:31.018Z', '2025-06-18T01:43:56.498Z', TRUE, '["akrstich@beamdata.ai"]', 30.0, TRUE, '[]', FALSE, TRUE, FALSE, 'f44277de-69b2-4bc3-a69c-28afd4094123', NULL, NULL, NULL, NULL, NULL) ON CONFLICT (id) DO NOTHING;
INSERT INTO leads.instantly_campaign_steps (campaign_id, step_index, type, delay) VALUES ('595896d2-d4c3-428b-a21b-c499494eb6cb', 0, 'email', 3) ON CONFLICT (campaign_id, step_index) DO NOTHING;
INSERT INTO leads.instantly_campaign_contents (campaign_id, step_index, variant_index, subject, body) VALUES ('595896d2-d4c3-428b-a21b-c499494eb6cb', 0, 0, 'Unlocking AI Talent & Startup Momentum in Algeria ', '<div>Dear {{firstName}},</div><div><br /></div><div>I’m reaching out from <strong>Beam Data</strong>, a Canadian firm that partners with governments and accelerators to build <strong>AI-ready talent pipelines</strong> and support startup ecosystems at scale.</div><div><br /></div><div>We’ve helped national programs like <strong>AI-71 in the UAE</strong> and <strong>Communitech in Canada</strong> accelerate founder training, deliver AI mentorship, and operationalize innovation strategy—all designed to turn early-stage potential into scalable success.</div><div><br /></div><div>With Algeria’s bold 1,000 Startups initiative, we see a powerful opportunity to support your mission—whether by <strong>rapidly upskilling technical talent, mentoring AI-driven founders</strong>, or helping shape the systems that sustain long-term startup growth.</div><div><br /></div><div>If this resonates, I’d welcome a short conversation to explore how we can contribute.</div><div><br /><br /></div><div>Kind regards,</div><div>Alex Krstich</div><div>Project Manager </div><div>Beam Data</div><div>akrstich@beamdata.ai<br /><br /></div><div><br /></div>') ON CONFLICT (campaign_id, step_index, variant_index) DO NOTHING;
INSERT INTO leads.instantly_campaign_steps (campaign_id, step_index, type, delay) VALUES ('595896d2-d4c3-428b-a21b-c499494eb6cb', 1, 'email', 1) ON CONFLICT (campaign_id, step_index) DO NOTHING;
INSERT INTO leads.instantly_campaign_contents (campaign_id, step_index, variant_index, subject, body) VALUES ('595896d2-d4c3-428b-a21b-c499494eb6cb', 1, 0, '', '<div>Hi {{firstName}},</div><div><br /></div><div>Just following up in case you missed my earlier note. We’re eager to support the incredible innovation momentum happening in Algeria.</div><div><br /></div><div>Happy to send a short summary or schedule a 20-minute intro chat.</div><div><br /></div><div>Let me know what works best.</div><div><br /></div><div>Thanks again, </div><div><br /></div><div>Alex</div>') ON CONFLICT (campaign_id, step_index, variant_index) DO NOTHING;
COMMIT;
-- End of record --

BEGIN;
INSERT INTO leads.instantly_campaigns ("id", "name", "status", "campaign_schedule", "timestamp_created", "timestamp_updated", "text_only", "email_list", "daily_limit", "stop_on_reply", "email_tag_list", "link_tracking", "open_tracking", "stop_on_auto_reply", "organization", "email_gap", "prioritize_new_leads", "auto_variant_select", "stop_for_company", "insert_unsubscribe_header") VALUES ('5460fb50-cc32-49b3-9a5f-793b37bcee47', 'Warney - Cofunder Banking Industry', 1, '{}', '2025-03-20T19:15:53.215Z', '2025-03-20T19:19:05.715Z', FALSE, '["w.sarkis@weclouddataacademy.com", "w.sarkis@wecloudtraining.com", "w.sarkiss@weclouddata-corp.com", "w.sarkiss@weclouddataacademy.com", "w.sarkiss@wecloudtraining.com", "warney.s@weclouddataacademy.com", "warney.s@wecloudtraining.com", "warney.s@weclouddata-corp.com", "warney.sarkis@weclouddata-corp.com", "warney.sarkis@weclouddataacademy.com", "warney.sarkis@wecloudtraining.com"]', 330.0, TRUE, '[]', TRUE, TRUE, FALSE, 'f44277de-69b2-4bc3-a69c-28afd4094123', NULL, NULL, NULL, NULL, NULL) ON CONFLICT (id) DO NOTHING;
INSERT INTO leads.instantly_campaign_steps (campaign_id, step_index, type, delay) VALUES ('5460fb50-cc32-49b3-9a5f-793b37bcee47', 0, 'email', 6) ON CONFLICT (campaign_id, step_index) DO NOTHING;
INSERT INTO leads.instantly_campaign_contents (campaign_id, step_index, variant_index, subject, body) VALUES ('5460fb50-cc32-49b3-9a5f-793b37bcee47', 0, 0, 'Quick Question, {{firstName}} ', '<div>Hi{{firstName}},</div><div><br /></div><div>I know you’re busy, so I’ll keep this short—no cold pitch here.</div><div><br /></div><div>We’re hosting an exclusive Leaders’ Generative AI Session at WeCloudData, designed for executives looking to stay ahead in the AI revolution. You’ll gain:</div><div>✅ Real-world applications of GenAI for business growth</div><div>✅ Strategies for integrating AI into your organization</div><div>✅ Insights from industry experts and top leaders</div><div><br /></div><div>Would you be open to joining us? Happy to share more details.<br /><br />Want to know more? <a href="https://share.hsforms.com/2tlopUCLQRLKbRcIyf1wOfQ44nue" target="_blank">CLICK HERE</a></div><div><br /></div><div>Looking forward to your thoughts!</div><div><br /></div><div>Best,</div>') ON CONFLICT (campaign_id, step_index, variant_index) DO NOTHING;
INSERT INTO leads.instantly_campaign_steps (campaign_id, step_index, type, delay) VALUES ('5460fb50-cc32-49b3-9a5f-793b37bcee47', 1, 'email', 1) ON CONFLICT (campaign_id, step_index) DO NOTHING;
INSERT INTO leads.instantly_campaign_contents (campaign_id, step_index, variant_index, subject, body) VALUES ('5460fb50-cc32-49b3-9a5f-793b37bcee47', 1, 0, '', '<div>Hi {{firstName}},</div><div><br /></div><div>Just wanted to follow up on my last note. I know schedules get busy, but I’d love to have you join our Leaders’ Generative AI Session at WeCloudData.</div><div><br /></div><div>It’s a no-pitch, high-value discussion on how executives are leveraging GenAI to drive innovation and efficiency. You’ll gain:</div><div><br /></div><div>✅ Real-world GenAI applications for business growth</div><div>✅ Strategies for integrating AI into your organization</div><div>✅ Insights from industry experts and top leaders</div><div><br /></div><div>Would you be open to joining us? Happy to send more details or find a time to chat.</div><div><br /></div><div>Looking forward to your thoughts!</div><div><br /></div><div>Best,</div>') ON CONFLICT (campaign_id, step_index, variant_index) DO NOTHING;
COMMIT;
-- End of record --

BEGIN;
INSERT INTO leads.instantly_campaigns ("id", "name", "status", "campaign_schedule", "timestamp_created", "timestamp_updated", "text_only", "email_list", "daily_limit", "stop_on_reply", "email_tag_list", "link_tracking", "open_tracking", "stop_on_auto_reply", "organization", "email_gap", "prioritize_new_leads", "auto_variant_select", "stop_for_company", "insert_unsubscribe_header") VALUES ('53db01f9-3683-491d-9dba-327069a484df', 'Warney - Telecommunication GenAI', 3, '{}', '2025-03-13T20:10:48.864Z', '2025-03-13T20:12:36.099Z', FALSE, '["w.sarkis@weclouddataacademy.com", "w.sarkis@wecloudtraining.com", "w.sarkiss@weclouddata-corp.com", "w.sarkiss@weclouddataacademy.com", "w.sarkiss@wecloudtraining.com", "warney.s@weclouddata-corp.com", "warney.s@weclouddataacademy.com", "warney.s@wecloudtraining.com", "warney.sarkis@weclouddata-corp.com", "warney.sarkis@weclouddataacademy.com", "warney.sarkis@wecloudtraining.com"]', 330.0, TRUE, '[]', TRUE, TRUE, FALSE, 'f44277de-69b2-4bc3-a69c-28afd4094123', NULL, NULL, NULL, NULL, TRUE) ON CONFLICT (id) DO NOTHING;
INSERT INTO leads.instantly_campaign_steps (campaign_id, step_index, type, delay) VALUES ('53db01f9-3683-491d-9dba-327069a484df', 0, 'email', 6) ON CONFLICT (campaign_id, step_index) DO NOTHING;
INSERT INTO leads.instantly_campaign_contents (campaign_id, step_index, variant_index, subject, body) VALUES ('53db01f9-3683-491d-9dba-327069a484df', 0, 0, 'Quick Question, {{firstName}}!', '<div>Hi {{firstName}},</div><div><br /></div><div>I know you’re busy, so I’ll keep this brief. Generative AI is reshaping the technology landscape, and as a tech leader, staying ahead of these innovations is key to driving business success.</div><div><br /></div><div>Join us for an exclusive webinar on March 28 at 12:30 PM, where our AI expert will discuss:</div><div><br /></div><div>🚀 How GenAI is transforming IT strategy and operations</div><div>🔹 Practical applications in software development, automation, and security</div><div>📊 Key considerations for integrating AI into your tech stack</div><div><br /></div><div>This invite-only session is designed for CTOs, CIOs, and technology leaders looking to harness AI for innovation and efficiency. Spots are limited, so let me know if you’re interested, and I’ll send over the details.</div><div><br /></div><div>Looking forward to your thoughts!</div><div><br /></div><div>Best,</div>') ON CONFLICT (campaign_id, step_index, variant_index) DO NOTHING;
INSERT INTO leads.instantly_campaign_steps (campaign_id, step_index, type, delay) VALUES ('53db01f9-3683-491d-9dba-327069a484df', 1, 'email', 1) ON CONFLICT (campaign_id, step_index) DO NOTHING;
INSERT INTO leads.instantly_campaign_contents (campaign_id, step_index, variant_index, subject, body) VALUES ('53db01f9-3683-491d-9dba-327069a484df', 1, 0, '', '<div>Hi {{firstName}},</div><div><br /></div><div>I wanted to reach out one last time—our GenAI for Technology Leaders webinar is happening this Thursday, March 28, at 12:30 PM, and there are only a few spots left.</div><div><br /></div><div>In this session, our AI expert will cover:</div><div><br /></div><div>✅ How GenAI is reshaping IT strategy and operations</div><div>✅ Real-world applications in software development, automation, and security</div><div>✅ Key considerations for integrating AI into your tech stack</div><div><br /></div><div>If you’re looking to stay ahead in the rapidly evolving AI landscape, this session is for you. Let me know if you''d like to join, and I’ll send over the details!</div><div><br /></div><div>Hope to see you there.</div><div><br /></div><div>Best,</div>') ON CONFLICT (campaign_id, step_index, variant_index) DO NOTHING;
COMMIT;
-- End of record --

BEGIN;
INSERT INTO leads.instantly_campaigns ("id", "name", "status", "campaign_schedule", "timestamp_created", "timestamp_updated", "text_only", "email_list", "daily_limit", "stop_on_reply", "email_tag_list", "link_tracking", "open_tracking", "stop_on_auto_reply", "organization", "email_gap", "prioritize_new_leads", "auto_variant_select", "stop_for_company", "insert_unsubscribe_header") VALUES ('52367180-bf10-42a8-994b-0a6b3bec323a', 'Arsalan Hussain Beam Data Mining and Metals(new)', 1, '{"schedules": [{"name": "New schedule", "timing": {"from": "08:00", "to": "18:00"}, "days": {"1": true, "2": true, "3": true, "4": true, "5": true}, "timezone": "America/Detroit"}], "start_date": "", "end_date": ""}', '2025-03-26T20:49:00.378Z', '2025-03-28T20:48:02.196Z', FALSE, '["n-tran@beamdata-team.com", "n-tran@beamdata.org", "n-tran@beamdatahq.com", "n.tran@beamdata.org", "n.tran@beamdatahq.com", "n_tran@beamdata.org", "n_tran@beamdatahq.com"]', 500.0, TRUE, '[]', TRUE, TRUE, FALSE, 'f44277de-69b2-4bc3-a69c-28afd4094123', NULL, NULL, NULL, NULL, NULL) ON CONFLICT (id) DO NOTHING;
INSERT INTO leads.instantly_campaign_steps (campaign_id, step_index, type, delay) VALUES ('52367180-bf10-42a8-994b-0a6b3bec323a', 0, 'email', 0) ON CONFLICT (campaign_id, step_index) DO NOTHING;
INSERT INTO leads.instantly_campaign_contents (campaign_id, step_index, variant_index, subject, body) VALUES ('52367180-bf10-42a8-994b-0a6b3bec323a', 0, 0, 'Exploring AI Opportunities in Mining 🚀', '<div>Hi <strong>{{firstName}}</strong>, </div><div><br /></div><div>Hope all’s going well!<br /><br />At Beam Data, we want to help the mining and metals sector harness AI to optimize operations, enhance safety, and drive sustainability. From predictive maintenance to smarter resource management, AI can make a real impact.<br /><br /></div><div>Are you exploring ways to improve efficiency or tackle challenges? Let’s connect—I’d love to share ideas tailored to your needs.<br /><br />Best,<br data-start="465" data-end="468" />Nhat Tran<br data-start="477" data-end="480" />Director of Technology<br data-start="502" data-end="505" /><a href="https://beamdata.ai/about-us/" target="_blank">Beam Data</a></div>') ON CONFLICT (campaign_id, step_index, variant_index) DO NOTHING;
INSERT INTO leads.instantly_campaign_steps (campaign_id, step_index, type, delay) VALUES ('52367180-bf10-42a8-994b-0a6b3bec323a', 1, 'email', 2) ON CONFLICT (campaign_id, step_index) DO NOTHING;
INSERT INTO leads.instantly_campaign_contents (campaign_id, step_index, variant_index, subject, body) VALUES ('52367180-bf10-42a8-994b-0a6b3bec323a', 1, 0, 'Checking In on AI Opportunities', '<div>Hi <strong>{{firstName}}</strong>, <br /><br />Just wanted to follow up and see if AI solutions are something you’re considering for your organization. At Beam Data, we’re eager to help tackle challenges in the mining and metals sector—whether it’s optimizing operations, improving safety, or driving sustainability.<br /><br /></div><div>If you’re interested, feel free to book a free consultation using my schedule link below. I’d love to explore tailored ideas and solutions for your needs:</div><div><a href="http://meetings.hubspot.com/nhat3/prospect-beam-data-meeting?uuid=f18a0d4e-5da2-4977-9468-80f507b5c4e9" target="_blank">Here’s my schedule</a></div><div><br /><br />Looking forward to hearing from you.</div><div data-start="512" data-end="566" data-is-last-node data-is-only-node><br />Best,<br data-start="517" data-end="520" />Nhat Tran<br data-start="529" data-end="532" />Director of Technology<br data-start="554" data-end="557" />Beam Data</div>') ON CONFLICT (campaign_id, step_index, variant_index) DO NOTHING;
INSERT INTO leads.instantly_campaign_steps (campaign_id, step_index, type, delay) VALUES ('52367180-bf10-42a8-994b-0a6b3bec323a', 2, 'email', 3) ON CONFLICT (campaign_id, step_index) DO NOTHING;
INSERT INTO leads.instantly_campaign_contents (campaign_id, step_index, variant_index, subject, body) VALUES ('52367180-bf10-42a8-994b-0a6b3bec323a', 2, 0, 'Last Chance to Connect on AI', '<div>Hi <strong>{{firstName}}</strong>, <br /><br /></div><div>Just following up one last time—AI could help optimize operations, boost efficiency, and drive sustainability in the mining and metals sector.<br /><br /></div><div>If you''re interested, feel free to book a free consultation here: <a href="http://meetings.hubspot.com/nhat3/prospect-beam-data-meeting?uuid=f18a0d4e-5da2-4977-9468-80f507b5c4e9" target="_blank">Here’s my schedule</a>. I’d love to discuss how we can help.<br /><br /></div><div>If now’s not the right time, no problem—wishing you all the best!<br /><br /></div><div>Best regards,<br />Nhat Tran <br />Director of Technology<br />Beam Data</div>') ON CONFLICT (campaign_id, step_index, variant_index) DO NOTHING;
INSERT INTO leads.instantly_campaign_steps (campaign_id, step_index, type, delay) VALUES ('52367180-bf10-42a8-994b-0a6b3bec323a', 3, 'email', 1) ON CONFLICT (campaign_id, step_index) DO NOTHING;
INSERT INTO leads.instantly_campaign_contents (campaign_id, step_index, variant_index, subject, body) VALUES ('52367180-bf10-42a8-994b-0a6b3bec323a', 3, 0, '', '') ON CONFLICT (campaign_id, step_index, variant_index) DO NOTHING;
COMMIT;
-- End of record --

BEGIN;
INSERT INTO leads.instantly_campaigns ("id", "name", "status", "campaign_schedule", "timestamp_created", "timestamp_updated", "text_only", "email_list", "daily_limit", "stop_on_reply", "email_tag_list", "link_tracking", "open_tracking", "stop_on_auto_reply", "organization", "email_gap", "prioritize_new_leads", "auto_variant_select", "stop_for_company", "insert_unsubscribe_header") VALUES ('4f0cc6d2-e6bd-4539-b5dc-9d449872a0e3', 'Maliha- Boston tech', 1, '{}', '2025-05-16T17:11:06.736Z', '2025-05-16T18:35:48.069Z', FALSE, '["louise.c@weclouddata.org", "louise.c@weclouddata.us", "louise.cheng@weclouddata.org", "louise.cheng@weclouddata.us", "louise@weclouddata.net", "louise.c@weclouddata.net", "louise@weclouddata.org", "louise@weclouddata.us", "louise_c@weclouddata.org", "louise_c@weclouddata.us"]', 300.0, TRUE, '[]', TRUE, TRUE, FALSE, 'f44277de-69b2-4bc3-a69c-28afd4094123', NULL, NULL, NULL, NULL, NULL) ON CONFLICT (id) DO NOTHING;
INSERT INTO leads.instantly_campaign_steps (campaign_id, step_index, type, delay) VALUES ('4f0cc6d2-e6bd-4539-b5dc-9d449872a0e3', 0, 'email', 4) ON CONFLICT (campaign_id, step_index) DO NOTHING;
INSERT INTO leads.instantly_campaign_contents (campaign_id, step_index, variant_index, subject, body) VALUES ('4f0cc6d2-e6bd-4539-b5dc-9d449872a0e3', 0, 0, '{{firstName}} overwhelmed with AI tools?', '<div>{{firstName}} – A lot of teams have access to AI tools but aren’t sure which ones actually fit their work, or how to use them day-to-day.</div><div> </div><div>We offer flexible<a href="https://weclouddata.com/corporate-training/?utm_source=newsletter&amp;utm_medium=email&amp;utm_campaign=us-boston-tech">, customized AI training</a> that helps teams build real skill without adding strain to the budget (we accept company funding for upskilling).</div><div><br /></div><div>Would it make sense to talk about what your team’s trying to figure out?</div><div><br /></div><div>{{RANDOM | Best, | Regards, | Cheers,}}</div><div>WeCloudData</div>') ON CONFLICT (campaign_id, step_index, variant_index) DO NOTHING;
INSERT INTO leads.instantly_campaign_contents (campaign_id, step_index, variant_index, subject, body) VALUES ('4f0cc6d2-e6bd-4539-b5dc-9d449872a0e3', 0, 1, '{{firstName}} unsure how to embed AI in your product?', '<div>Hi {{firstName}},</div><div><br /></div><div>That’s the most common thing I hear from Boston tech leads lately.</div><div>You’re interested. Your team’s eager. But between roadmap pressure, lack of clarity, and AI overwhelm — it stalls.</div><div><br /></div><div>We help companies go from AI-curious to <a href="https://weclouddata.com/corporate-training/?utm_source=newsletter&amp;utm_medium=email&amp;utm_campaign=us-boston-tech">AI-capable.</a>In one case, a dev team built an internal HR automation system in 3 weeks — after spinning their wheels for months.</div><div><br /></div><div>Should I send over a personalized ppt for {{companyName}}?</div><div><br /></div><div>{{RANDOM | Best, | Regards, | Cheers,}}</div><div>WeCloudData</div>') ON CONFLICT (campaign_id, step_index, variant_index) DO NOTHING;
INSERT INTO leads.instantly_campaign_steps (campaign_id, step_index, type, delay) VALUES ('4f0cc6d2-e6bd-4539-b5dc-9d449872a0e3', 1, 'email', 2) ON CONFLICT (campaign_id, step_index) DO NOTHING;
INSERT INTO leads.instantly_campaign_contents (campaign_id, step_index, variant_index, subject, body) VALUES ('4f0cc6d2-e6bd-4539-b5dc-9d449872a0e3', 1, 0, '', '<div>Hi {{firstName}},</div><div><br /></div><div>When we ask engineering and data leaders what they value most from training, the answer is simple: real, measurable impact.</div><div><br /></div><div>95% of teams who train with WeCloudData say it improves their daily work. We’ve helped <a href="https://weclouddata.com/corporate-training/?utm_source=newsletter&amp;utm_medium=email&amp;utm_campaign=us-boston-tech">upskill</a> devs now working at 1Password, Air Canada, and more</div><div><br /></div><div>Whether your team needs to adopt GenAI tools or your leadership needs clarity on AI strategy, our flexible formats fit your roadmap — and <a href="https://meetings.hubspot.com/warney/talk-to-wecloud-program-advisor?uuid=f772e830-c1fe-4c3a-af95-34b2bb557260&amp;utm_source=newsletter&amp;utm_medium=email&amp;utm_campaign=us-boston-tech">calendar.</a></div><div><br /></div><div>Can I send over slots for next week?</div><div>{{RANDOM | Best, | Regards, | Cheers,}}</div><div>WeCloudData</div>') ON CONFLICT (campaign_id, step_index, variant_index) DO NOTHING;
INSERT INTO leads.instantly_campaign_contents (campaign_id, step_index, variant_index, subject, body) VALUES ('4f0cc6d2-e6bd-4539-b5dc-9d449872a0e3', 1, 1, '{{firstName}} you might find this helpful', '<div>{{firstName}} </div><div><br /></div><div>If AI is on your radar, this might help:🧠 How AI Agents Are Quietly Replacing SaaS Tools</div><div><br /></div><div>We’ve been working with a few tech teams lately to help their devs and PMs build AI-native habits (without the usual boring workshops).</div><div><br /></div><div>Would you be interested in a <a href="https://meetings.hubspot.com/warney/talk-to-wecloud-program-advisor?uuid=f772e830-c1fe-4c3a-af95-34b2bb557260&amp;utm_source=newsletter&amp;utm_medium=email&amp;utm_campaign=us-boston-tech">conversation</a> about how we can help your team <a href="https://weclouddata.com/corporate-training/?utm_source=newsletter&amp;utm_medium=email&amp;utm_campaign=us-boston-tech">upskill for AI</a> change?</div><div><br /></div><div>{{RANDOM | Best, | Regards, | Cheers,}}</div><div>WeCloudData</div>') ON CONFLICT (campaign_id, step_index, variant_index) DO NOTHING;
INSERT INTO leads.instantly_campaign_steps (campaign_id, step_index, type, delay) VALUES ('4f0cc6d2-e6bd-4539-b5dc-9d449872a0e3', 2, 'email', 2) ON CONFLICT (campaign_id, step_index) DO NOTHING;
INSERT INTO leads.instantly_campaign_contents (campaign_id, step_index, variant_index, subject, body) VALUES ('4f0cc6d2-e6bd-4539-b5dc-9d449872a0e3', 2, 0, '', '<div>Hi {{firstName}},</div><div><br /></div><div>I know your inbox is full, so I’ll be quick. We design custom <a href="http://Conversational">AI upskilling programs</a> for tech teams—think: automating workflows, conversational agents &amp; virtual Assistants and personalizing customer experience. </div><div><br /></div><div>WeCloudData helps your team build real AI tools fast — rated 4.95/5 by tech leaders and top-ranked by students and partners.</div><div><br /></div><div>Could I send over a quick outline of what a tailored plan for {{companyName}}  might look like?</div><div><br /></div><div>Best,</div><div>WeCloudData</div>') ON CONFLICT (campaign_id, step_index, variant_index) DO NOTHING;
INSERT INTO leads.instantly_campaign_steps (campaign_id, step_index, type, delay) VALUES ('4f0cc6d2-e6bd-4539-b5dc-9d449872a0e3', 3, 'email', 1) ON CONFLICT (campaign_id, step_index) DO NOTHING;
INSERT INTO leads.instantly_campaign_contents (campaign_id, step_index, variant_index, subject, body) VALUES ('4f0cc6d2-e6bd-4539-b5dc-9d449872a0e3', 3, 0, '', '<div>{{firstName}} </div><div><br /></div><div>Looping back in case my note slipped through — we’re helping boston tech teams get ai-native without hiring or tool sprawl.</div><div><br /></div><div><a href="https://weclouddata.com/corporate-training/?utm_source=newsletter&amp;utm_medium=email&amp;utm_campaign=us-boston-tech">Custom training</a>. real workflows. built for busy teams (and l&amp;d budgets).</div><div>if you''re still figuring out how AI fits into your ops, we’ve got ideas.</div><div><br /></div><div>Want me to send over what that could look like at {{companyName}}?</div><div><br /></div><div>Best,</div><div>WeCloudData</div>') ON CONFLICT (campaign_id, step_index, variant_index) DO NOTHING;
INSERT INTO leads.instantly_campaign_contents (campaign_id, step_index, variant_index, subject, body) VALUES ('4f0cc6d2-e6bd-4539-b5dc-9d449872a0e3', 3, 1, '', '<div>{{firstName}},</div><div><br /></div><div>No stress if this isn’t a priority—just didn’t want to assume either way.</div><div>happy to send over a short overview if <a href="https://weclouddata.com/corporate-training/?utm_source=newsletter&amp;utm_medium=email&amp;utm_campaign=us-boston-tech">AI enablement’s</a> even loosely on your {{companyName}} radar.</div><div><br /></div><div>Or feel free to close me out. either way, all good.</div><div><br /></div><div>Best, </div><div>WeCloudData</div>') ON CONFLICT (campaign_id, step_index, variant_index) DO NOTHING;
COMMIT;
-- End of record --

BEGIN;
INSERT INTO leads.instantly_campaigns ("id", "name", "status", "campaign_schedule", "timestamp_created", "timestamp_updated", "text_only", "email_list", "daily_limit", "stop_on_reply", "email_tag_list", "link_tracking", "open_tracking", "stop_on_auto_reply", "organization", "email_gap", "prioritize_new_leads", "auto_variant_select", "stop_for_company", "insert_unsubscribe_header") VALUES ('4edb2de0-43bb-4af0-bc3e-3fd1e6e15825', 'Warney test_05_12', 3, '{"schedules": [{"name": "Weekday Schedule", "timing": {"from": "09:00", "to": "17:00"}, "days": {"1": true, "2": true, "3": true, "4": true, "5": true}, "timezone": "America/Detroit"}], "start_date": "2025-04-15T16:43:09.647Z", "end_date": "2025-05-15T16:43:09.647Z"}', '2025-05-12T21:40:14.326Z', '2025-05-12T21:47:52.403Z', FALSE, '["w.sarkis@weclouddataacademy.com", "louise@weclouddata.us", "louise_c@weclouddata.us", "louise@weclouddata.org", "louise_c@weclouddata.org", "louise.cheng@weclouddata.us"]', 180.0, TRUE, '[]', TRUE, TRUE, FALSE, 'f44277de-69b2-4bc3-a69c-28afd4094123', NULL, NULL, NULL, NULL, NULL) ON CONFLICT (id) DO NOTHING;
INSERT INTO leads.instantly_campaign_steps (campaign_id, step_index, type, delay) VALUES ('4edb2de0-43bb-4af0-bc3e-3fd1e6e15825', 0, 'email', 0) ON CONFLICT (campaign_id, step_index) DO NOTHING;
INSERT INTO leads.instantly_campaign_contents (campaign_id, step_index, variant_index, subject, body) VALUES ('4edb2de0-43bb-4af0-bc3e-3fd1e6e15825', 0, 0, 'Empower Your Education Data Teams to Drive Strategic Impact  ', '<div>Hi {{firstName}}, </div><div><br /></div><div>At {{companyName}} in Education data analytics, you understand the critical role data-driven insights play in shaping student outcomes and institutional strategies. </div><div><br /></div><div>At WeCloudData, we specialize in empowering education leaders like you to elevate your team''s capabilities and accelerate your institution''s digital transformation. Our tailored <strong>Corporate Training</strong> programs equip your analysts with cutting-edge data science and AI skills-customized to align with your education department''s unique challenges and goals. Coupled with our AI Consulting Services, we help you translate complex data strategies into actionable insights that enhance curriculum effectiveness, resource allocation, and student success metrics. </div><div><br /></div><div>Additionally, through our <strong>Talent Partnership Program</strong>, you gain direct access to a vetted pool of data science and AI professionals-ready to support and scale your initiatives with proven expertise. </div><div><br /></div><div>Would you be open to a brief conversation on how WeCloudData can help you build a high-impact data analytics function that drives measurable improvements across your education programs?</div><div><br /></div><div> Looking forward to connecting. </div><div>Best regards, </div><div>Warney WeCloudData </div>') ON CONFLICT (campaign_id, step_index, variant_index) DO NOTHING;
COMMIT;
-- End of record --

BEGIN;
INSERT INTO leads.instantly_campaigns ("id", "name", "status", "campaign_schedule", "timestamp_created", "timestamp_updated", "text_only", "email_list", "daily_limit", "stop_on_reply", "email_tag_list", "link_tracking", "open_tracking", "stop_on_auto_reply", "organization", "email_gap", "prioritize_new_leads", "auto_variant_select", "stop_for_company", "insert_unsubscribe_header") VALUES ('4ed1f9af-62ad-420f-9b0b-da6d3a7a82bc', 'Warney - Computer Software GenAI', 1, '{}', '2025-03-13T20:18:05.181Z', '2025-03-13T20:20:03.480Z', FALSE, '["w.sarkis@weclouddataacademy.com", "w.sarkis@wecloudtraining.com", "w.sarkiss@weclouddata-corp.com", "w.sarkiss@weclouddataacademy.com", "w.sarkiss@wecloudtraining.com", "warney.s@weclouddata-corp.com", "warney.s@weclouddataacademy.com", "warney.s@wecloudtraining.com", "warney.sarkis@weclouddata-corp.com", "warney.sarkis@weclouddataacademy.com", "warney.sarkis@wecloudtraining.com"]', 330.0, TRUE, '[]', TRUE, TRUE, FALSE, 'f44277de-69b2-4bc3-a69c-28afd4094123', NULL, NULL, NULL, NULL, NULL) ON CONFLICT (id) DO NOTHING;
INSERT INTO leads.instantly_campaign_steps (campaign_id, step_index, type, delay) VALUES ('4ed1f9af-62ad-420f-9b0b-da6d3a7a82bc', 0, 'email', 6) ON CONFLICT (campaign_id, step_index) DO NOTHING;
INSERT INTO leads.instantly_campaign_contents (campaign_id, step_index, variant_index, subject, body) VALUES ('4ed1f9af-62ad-420f-9b0b-da6d3a7a82bc', 0, 0, 'Quick Question, {{firstName}}!', '<div>Hi {{firstName}},</div><div><br /></div><div>I know you’re busy, so I’ll keep this brief. Generative AI is reshaping the technology landscape, and as a tech leader, staying ahead of these innovations is key to driving business success.</div><div><br /></div><div>Join us for an exclusive webinar on March 28 at 12:30 PM, where our AI expert will discuss:</div><div><br /></div><div>🚀 How GenAI is transforming IT strategy and operations</div><div>🔹 Practical applications in software development, automation, and security</div><div>📊 Key considerations for integrating AI into your tech stack</div><div><br /></div><div>This invite-only session is designed for CTOs, CIOs, and technology leaders looking to harness AI for innovation and efficiency. Spots are limited, so let me know if you’re interested, and I’ll send over the details.</div><div><br /></div><div>Looking forward to your thoughts!</div><div><br /></div><div>Best,</div>') ON CONFLICT (campaign_id, step_index, variant_index) DO NOTHING;
INSERT INTO leads.instantly_campaign_steps (campaign_id, step_index, type, delay) VALUES ('4ed1f9af-62ad-420f-9b0b-da6d3a7a82bc', 1, 'email', 1) ON CONFLICT (campaign_id, step_index) DO NOTHING;
INSERT INTO leads.instantly_campaign_contents (campaign_id, step_index, variant_index, subject, body) VALUES ('4ed1f9af-62ad-420f-9b0b-da6d3a7a82bc', 1, 0, '', '<div>Hi {{firstName}},</div><div><br /></div><div>I wanted to reach out one last time—our GenAI for Technology Leaders webinar is happening this Thursday, March 28, at 12:30 PM, and there are only a few spots left.</div><div><br /></div><div>In this session, our AI expert will cover:</div><div>✅ How GenAI is reshaping IT strategy and operations</div><div>✅ Real-world applications in software development, automation, and security</div><div>✅ Key considerations for integrating AI into your tech stack</div><div><br /></div><div>If you’re looking to stay ahead in the rapidly evolving AI landscape, this session is for you. Let me know if you''d like to join, and I’ll send over the details!</div><div><br /></div><div>Hope to see you there.</div><div><br /></div><div>Best,</div>') ON CONFLICT (campaign_id, step_index, variant_index) DO NOTHING;
COMMIT;
-- End of record --

BEGIN;
INSERT INTO leads.instantly_campaigns ("id", "name", "status", "campaign_schedule", "timestamp_created", "timestamp_updated", "text_only", "email_list", "daily_limit", "stop_on_reply", "email_tag_list", "link_tracking", "open_tracking", "stop_on_auto_reply", "organization", "email_gap", "prioritize_new_leads", "auto_variant_select", "stop_for_company", "insert_unsubscribe_header") VALUES ('4e60e373-58df-44ba-b07c-9935844941fe', 'Maliha-Saudi Education', 3, '{"schedules": [{"name": "New schedule", "timing": {"from": "09:00", "to": "17:00"}, "days": {"1": true, "2": true, "3": true, "4": true, "5": true}, "timezone": "Asia/Aden"}], "start_date": "", "end_date": ""}', '2025-05-09T16:38:03.360Z', '2025-05-09T18:26:04.890Z', FALSE, '["louise.c@weclouddata.net", "louise.c@weclouddata.org", "louise.c@weclouddata.us", "louise.cheng@weclouddata.org", "louise.cheng@weclouddata.us", "louise@weclouddata.net", "louise@weclouddata.org", "louise@weclouddata.us", "louise_c@weclouddata.org", "louise_c@weclouddata.us"]', 300.0, TRUE, '[]', TRUE, TRUE, FALSE, 'f44277de-69b2-4bc3-a69c-28afd4094123', NULL, NULL, NULL, NULL, NULL) ON CONFLICT (id) DO NOTHING;
INSERT INTO leads.instantly_campaign_steps (campaign_id, step_index, type, delay) VALUES ('4e60e373-58df-44ba-b07c-9935844941fe', 0, 'email', 5) ON CONFLICT (campaign_id, step_index) DO NOTHING;
INSERT INTO leads.instantly_campaign_contents (campaign_id, step_index, variant_index, subject, body) VALUES ('4e60e373-58df-44ba-b07c-9935844941fe', 0, 0, 'AI’s already changing classrooms — are you in?', '<div>Hi {{firstName}},</div><div><br /></div><div>At WeCloudData, we help schools like yours <a href="https://weclouddata.com/corporate-training/?utm_source=newsletter&amp;utm_medium=email&amp;utm_campaign=saudi-education">use AI</a> to make learning more fun and admin work easier. Think: smart tutors that give feedback fast, and tools that help all students feel included.</div><div><br /></div><div>Wondering if this could work for {{companyName}}? I’ve got a few simple ideas that could fit your school’s needs.</div><div><br /></div><div>Want me to send them over?</div><div><br /></div><div>Regards,</div><div>WeCloudData</div>') ON CONFLICT (campaign_id, step_index, variant_index) DO NOTHING;
INSERT INTO leads.instantly_campaign_contents (campaign_id, step_index, variant_index, subject, body) VALUES ('4e60e373-58df-44ba-b07c-9935844941fe', 0, 1, 'Quick Question {{firstName}}', '<div>Hey {{firstName}},</div><div><br /></div><div>Saudi’s going big on AI — but buying tools isn’t the same as knowing how to use them. Most teachers feel lost, and trained data science instructors are rare.</div><div><br /></div><div>We’re helping schools in Saudi close that gap —think: quick sessions, <a href="https://weclouddata.com/corporate-training/?utm_source=newsletter&amp;utm_medium=email&amp;utm_campaign=saudi-education">customized training</a> content, zero pressure to code.</div><div><br /></div><div>Saudi Digital Academy rolled this out — want the 2-pager guide on how it works??</div><div><br /></div><div>Best, </div><div>WeCloudData</div>') ON CONFLICT (campaign_id, step_index, variant_index) DO NOTHING;
INSERT INTO leads.instantly_campaign_steps (campaign_id, step_index, type, delay) VALUES ('4e60e373-58df-44ba-b07c-9935844941fe', 1, 'email', 2) ON CONFLICT (campaign_id, step_index) DO NOTHING;
INSERT INTO leads.instantly_campaign_contents (campaign_id, step_index, variant_index, subject, body) VALUES ('4e60e373-58df-44ba-b07c-9935844941fe', 1, 0, '', '<div>Hi {{firstName}},</div><div><br /></div><div>A number of education teams we speak with in Saudi are interested in AI tools, but say their employees aren’t trained to use them well. </div><div><br /></div><div>WeCloudData helps with that—bringing in instructors and <a href="https://weclouddata.com/corporate-training/?utm_source=newsletter&amp;utm_medium=email&amp;utm_campaign=saudi-education">tailored AI programs</a> that align with how students already learn.</div><div><br /></div><div>Does this match anything you''re seeing internally?</div><div><br /></div><div>{{RANDOM | Best, | Regards, | Cheers,}}</div><div>WeCloudData</div>') ON CONFLICT (campaign_id, step_index, variant_index) DO NOTHING;
INSERT INTO leads.instantly_campaign_contents (campaign_id, step_index, variant_index, subject, body) VALUES ('4e60e373-58df-44ba-b07c-9935844941fe', 1, 1, '{{firstName}} we helped orgs like {{companyName}}', '<div>Hi {{firstName}} </div><div><br /></div><div>We’ve seen how Vision 2030 is driving digital change across Saudi, but most teams tell us they’re still short on people who can train staff in real-world AI skills. </div><div><br /></div><div>At WeCloudData, we provide vetted instructors and <a href="https://weclouddata.com/corporate-training/?utm_source=newsletter&amp;utm_medium=email&amp;utm_campaign=saudi-education">customized training</a>—recently partnered with Saudi Digital Academy to do just that.</div><div><br /></div><div>{{RANDOM | Can I share a quick summary of what we did with Saudi Digital Academy?  | Are you facing this challenge too? | Want to see how we can help {{companyName}} as well? }}</div><div><br /></div><div>Best, </div><div>WeCloudData</div>') ON CONFLICT (campaign_id, step_index, variant_index) DO NOTHING;
INSERT INTO leads.instantly_campaign_steps (campaign_id, step_index, type, delay) VALUES ('4e60e373-58df-44ba-b07c-9935844941fe', 2, 'email', 1) ON CONFLICT (campaign_id, step_index) DO NOTHING;
INSERT INTO leads.instantly_campaign_contents (campaign_id, step_index, variant_index, subject, body) VALUES ('4e60e373-58df-44ba-b07c-9935844941fe', 2, 0, '{{firstName}} any thoughts?', '<div>{{firstName}},</div><div><br /></div><div>Most schools don’t need complex AI training. they need clarity — and a starting point that doesn’t scare people off.</div><div><br /></div><div>We built our <a href="https://weclouddata.com/corporate-training/?utm_source=newsletter&amp;utm_medium=email&amp;utm_campaign=saudi-education">AI enablement program</a> for education teams like yours. fast rollout, locally relevant — not just knowledge.</div><div><br /></div><div>Can walk you through what this could look like at {{companyName}}</div><div>— open to a <a rel="noopener noreferrer" href="https://meetings.hubspot.com/warney/talk-to-wecloud-program-advisor?uuid=f772e830-c1fe-4c3a-af95-34b2bb557260&amp;utm_source=newsletter&amp;utm_medium=email&amp;utm_campaign=saudi-education">quick intro call</a> this week?</div><div><br /></div><div>Best,</div><div>WeCloudData</div>') ON CONFLICT (campaign_id, step_index, variant_index) DO NOTHING;
COMMIT;
-- End of record --

BEGIN;
INSERT INTO leads.instantly_campaigns ("id", "name", "status", "campaign_schedule", "timestamp_created", "timestamp_updated", "text_only", "email_list", "daily_limit", "stop_on_reply", "email_tag_list", "link_tracking", "open_tracking", "stop_on_auto_reply", "organization", "email_gap", "prioritize_new_leads", "auto_variant_select", "stop_for_company", "insert_unsubscribe_header") VALUES ('4cb190cc-b6b6-4754-95db-1a018c8c71fd', 'Warney - DS Background for GenAI', 3, '{}', '2025-03-12T18:36:53.362Z', '2025-03-21T13:33:31.810Z', FALSE, '["w.sarkis@weclouddataacademy.com", "w.sarkis@wecloudtraining.com", "w.sarkiss@weclouddata-corp.com", "w.sarkiss@wecloudtraining.com", "w.sarkiss@weclouddataacademy.com", "warney.s@weclouddata-corp.com", "warney.s@weclouddataacademy.com", "warney.s@wecloudtraining.com", "warney.sarkis@weclouddata-corp.com", "warney.sarkis@weclouddataacademy.com", "warney.sarkis@wecloudtraining.com"]', 330.0, TRUE, '[]', TRUE, TRUE, FALSE, 'f44277de-69b2-4bc3-a69c-28afd4094123', NULL, NULL, '{"trigger": "reply_rate"}', NULL, TRUE) ON CONFLICT (id) DO NOTHING;
INSERT INTO leads.instantly_campaign_steps (campaign_id, step_index, type, delay) VALUES ('4cb190cc-b6b6-4754-95db-1a018c8c71fd', 0, 'email', 6) ON CONFLICT (campaign_id, step_index) DO NOTHING;
INSERT INTO leads.instantly_campaign_contents (campaign_id, step_index, variant_index, subject, body) VALUES ('4cb190cc-b6b6-4754-95db-1a018c8c71fd', 0, 0, 'Exclusive Webinar: GenAI for Data Scientists – March 28', '<div>Hi {{firstName}},</div><div><br /></div><div>I know you’re busy, so I’ll keep this short. Generative AI is reshaping the role of data scientists, from automating workflows to unlocking new insights. But how can you practically apply it in your work?</div><div><br /></div><div>Join us for an exclusive webinar on March 28 at 12:30 PM, where our expert will break down:</div><div><br /></div><div>📊 How GenAI is transforming data science workflows</div><div>🤖 Practical use cases for automation, modeling, and decision-making</div><div>🚀 Key strategies to stay ahead in the AI-driven landscape</div><div><br /></div><div>This invite-only session is designed for data scientists looking to leverage GenAI for real impact. Spots are limited—let me know if you’re interested, and I’ll send over the details.</div><div><br /></div><div>Looking forward to your thoughts!</div><div><br /></div><div>Best,</div>') ON CONFLICT (campaign_id, step_index, variant_index) DO NOTHING;
INSERT INTO leads.instantly_campaign_steps (campaign_id, step_index, type, delay) VALUES ('4cb190cc-b6b6-4754-95db-1a018c8c71fd', 1, 'email', 1) ON CONFLICT (campaign_id, step_index) DO NOTHING;
INSERT INTO leads.instantly_campaign_contents (campaign_id, step_index, variant_index, subject, body) VALUES ('4cb190cc-b6b6-4754-95db-1a018c8c71fd', 1, 0, 'Last Chance to Join Our GenAI for Data Scientists Webinar – March 28', '<div>Hi {{firstName}},</div><div><br /></div><div>I wanted to follow up one last time—our GenAI for Data Scientists webinar is happening this Thursday, March 28, at 12:30 PM, and there are only a few spots left.</div><div>In this session, we’ll cover:</div><div><br /></div><div>✅ How GenAI is reshaping data science workflows</div><div>✅ Practical applications for automation, modeling, and insights</div><div>✅ Key strategies to stay ahead in an AI-driven landscape</div><div><br /></div><div>If you’re looking to explore how GenAI can enhance your work, don’t miss this opportunity. Let me know if you''d like to join, and I’ll send over the details!</div><div>Hope to see you there.</div><div><br /></div><div>Best,</div>') ON CONFLICT (campaign_id, step_index, variant_index) DO NOTHING;
COMMIT;
-- End of record --

BEGIN;
INSERT INTO leads.instantly_campaigns ("id", "name", "status", "campaign_schedule", "timestamp_created", "timestamp_updated", "text_only", "email_list", "daily_limit", "stop_on_reply", "email_tag_list", "link_tracking", "open_tracking", "stop_on_auto_reply", "organization", "email_gap", "prioritize_new_leads", "auto_variant_select", "stop_for_company", "insert_unsubscribe_header") VALUES ('4746a871-93a8-47f2-a717-4b1e28f5cae9', 'Warney - COO Computer and Networking Security', 1, '{}', '2025-03-17T22:21:39.162Z', '2025-03-18T17:46:25.711Z', FALSE, '["warney.s@wecloudtraining.com", "warney.s@weclouddataacademy.com", "warney.s@weclouddata-corp.com", "w.sarkiss@weclouddataacademy.com", "w.sarkis@wecloudtraining.com", "w.sarkiss@weclouddata-corp.com", "w.sarkiss@wecloudtraining.com", "warney.sarkis@weclouddata-corp.com", "warney.sarkis@weclouddataacademy.com", "warney.sarkis@wecloudtraining.com", "w.sarkis@weclouddataacademy.com"]', 330.0, TRUE, '[]', TRUE, TRUE, FALSE, 'f44277de-69b2-4bc3-a69c-28afd4094123', NULL, NULL, NULL, NULL, NULL) ON CONFLICT (id) DO NOTHING;
INSERT INTO leads.instantly_campaign_steps (campaign_id, step_index, type, delay) VALUES ('4746a871-93a8-47f2-a717-4b1e28f5cae9', 0, 'email', 5) ON CONFLICT (campaign_id, step_index) DO NOTHING;
INSERT INTO leads.instantly_campaign_contents (campaign_id, step_index, variant_index, subject, body) VALUES ('4746a871-93a8-47f2-a717-4b1e28f5cae9', 0, 0, 'Quick Question, {{firstName}} ', '<div>Hi {{firstName}},</div><div><br /></div><div>Generative AI is changing how tech leaders drive innovation, automation, and efficiency—but how do you make it work for your organization?</div><div><br /></div><div>Join us for an exclusive webinar on March 28 at 12:30 PM, where our AI expert will cover:</div><div><br /></div><div>🚀 How GenAI is transforming IT and engineering</div><div>🔹 Real-world use cases in automation, security, and development</div><div>📊 AI integration strategies for future-ready tech teams</div><div><br /></div><div>This invite-only session is designed for CTOs, CIOs, and tech decision-makers. Spots are limited, so let me know if you’re interested, and I’ll send over the details!</div><div><br /></div><div>Best,</div>') ON CONFLICT (campaign_id, step_index, variant_index) DO NOTHING;
INSERT INTO leads.instantly_campaign_steps (campaign_id, step_index, type, delay) VALUES ('4746a871-93a8-47f2-a717-4b1e28f5cae9', 1, 'email', 1) ON CONFLICT (campaign_id, step_index) DO NOTHING;
INSERT INTO leads.instantly_campaign_contents (campaign_id, step_index, variant_index, subject, body) VALUES ('4746a871-93a8-47f2-a717-4b1e28f5cae9', 1, 0, '', '') ON CONFLICT (campaign_id, step_index, variant_index) DO NOTHING;
COMMIT;
-- End of record --

BEGIN;
INSERT INTO leads.instantly_campaigns ("id", "name", "status", "campaign_schedule", "timestamp_created", "timestamp_updated", "text_only", "email_list", "daily_limit", "stop_on_reply", "email_tag_list", "link_tracking", "open_tracking", "stop_on_auto_reply", "organization", "email_gap", "prioritize_new_leads", "auto_variant_select", "stop_for_company", "insert_unsubscribe_header") VALUES ('464ca838-0bc7-4ce5-b752-321f63be839c', 'Maliha-Retail Canada', 3, '{}', '2025-03-19T18:10:29.581Z', '2025-03-24T14:34:02.903Z', FALSE, '["louise.c@weclouddata.org", "louise.c@weclouddata.us", "louise.cheng@weclouddata.org", "louise.cheng@weclouddata.us", "louise@weclouddata.net", "louise.c@weclouddata.net", "louise@weclouddata.org", "louise@weclouddata.us", "louise_c@weclouddata.org", "louise_c@weclouddata.us"]', 300.0, TRUE, '[]', TRUE, TRUE, FALSE, 'f44277de-69b2-4bc3-a69c-28afd4094123', NULL, NULL, NULL, NULL, NULL) ON CONFLICT (id) DO NOTHING;
INSERT INTO leads.instantly_campaign_steps (campaign_id, step_index, type, delay) VALUES ('464ca838-0bc7-4ce5-b752-321f63be839c', 0, 'email', 5) ON CONFLICT (campaign_id, step_index) DO NOTHING;
INSERT INTO leads.instantly_campaign_contents (campaign_id, step_index, variant_index, subject, body) VALUES ('464ca838-0bc7-4ce5-b752-321f63be839c', 0, 0, 'Best AI Tools for {{companyName}}', '<div>Hi  {{firstName}},</div><div><br /></div><div>Have you ever wondered how {{companyName}} can surpass its Q1 revenue goals? You’ve probably heard that 59% of retailers are using AI—but which tools are actually relevant to your business?</div><div><br /></div><div>We’ve already helped several companies successfully integrate AI into their ecosystems. You might find it useful to check out how we built a <a href="https://weclouddata.com/blog/consulting/consulting-case-study-recommender-systems/?utm_source=newsletter&amp;utm_medium=email&amp;utm_campaign=retail-canada" target="_blank">Recommender System</a> that boosted customer retention for a client in Canada.</div><div><br /></div><div>Would you like a personalized 2 minutes presentation of AI tools tailored for {{companyName}}? Just reply to this email, and I’ll send it right over!</div><div><br /></div><div>Regards, </div><div><a href="https://weclouddata.com/corporate-training/?utm_source=newsletter&amp;utm_medium=email&amp;utm_campaign=retail-canada" target="_blank">WeCloudData</a></div>') ON CONFLICT (campaign_id, step_index, variant_index) DO NOTHING;
INSERT INTO leads.instantly_campaign_contents (campaign_id, step_index, variant_index, subject, body) VALUES ('464ca838-0bc7-4ce5-b752-321f63be839c', 0, 1, 'Customized AI for {{companyName}} Retail Operations', '<div>Hi {{firstName}},</div><div><br /></div><div>Retail is brutal—stockouts kill sales, overstock drains cash, and customers expect Amazon-level service. How do you solve at least one of these problems without relying on guesswork.</div><div><br /></div><div>Want to see tried and tested solutions of what AI can do for {{companyName}}?</div><div><br /></div><div>Regards,</div><div><a href="https://weclouddata.com/corporate-training/?utm_source=newsletter&amp;utm_medium=email&amp;utm_campaign=retail-canada" target="_blank">WeCloudData</a></div><div><br /></div>') ON CONFLICT (campaign_id, step_index, variant_index) DO NOTHING;
INSERT INTO leads.instantly_campaign_steps (campaign_id, step_index, type, delay) VALUES ('464ca838-0bc7-4ce5-b752-321f63be839c', 1, 'email', 1) ON CONFLICT (campaign_id, step_index) DO NOTHING;
INSERT INTO leads.instantly_campaign_contents (campaign_id, step_index, variant_index, subject, body) VALUES ('464ca838-0bc7-4ce5-b752-321f63be839c', 1, 0, 'What {{companyName}} is missing out on', '<div>{{first_name}},</div><div><br /></div><div>Still hesitant to use <a href="https://weclouddata.com/corporate-training/?utm_source=newsletter&amp;utm_medium=email&amp;utm_campaign=retail_canada" target="_blank">AI tools</a> at {{companyName}}? Here’s what this is costing {{companyName}}:</div><div><br /></div><div>Without AI-driven personalization, {{companyName}} loses out on 30% conversions. Imagine how that 30% could have helped you in meeting your quarterly revenue goals!</div><div><div><br /></div></div><div>Let''s fix this before it costs even more. Can we talk this week? </div><div><br /></div><div>Book your meeting <a href="https://meetings.hubspot.com/warney/talk-to-wecloud-program-advisor?uuid=f772e830-c1fe-4c3a-af95-34b2bb557260&amp;utm_source=newsletter&amp;utm_medium=email&amp;utm_campaign=retail_canada" target="_blank">HERE</a> or reply “yes”.</div><div><br /></div><div>Regards,</div><div>WeCloudData</div>') ON CONFLICT (campaign_id, step_index, variant_index) DO NOTHING;
INSERT INTO leads.instantly_campaign_contents (campaign_id, step_index, variant_index, subject, body) VALUES ('464ca838-0bc7-4ce5-b752-321f63be839c', 1, 1, '', '<div>Hi {{firstName}},</div><div><br /></div><div>Retailers using AI are seeing 30% better efficiency in inventory and 20%+ improvements in customer satisfaction.</div><div><br /></div><div>But without the right training, your team might be missing out on these benefits. We help retail teams master AI tools customized to their business model to predict demand and reduce overstocking, benefitting from customer segmentation &amp; more.</div><div><br /></div><div>Let’s chat about how <a href="https://weclouddata.com/corporate-training/?utm_source=newsletter&amp;utm_medium=email&amp;utm_campaign=retail_canada" target="_blank">AI training</a> can help your team stay ahead. Book a time <a href="https://meetings.hubspot.com/warney/talk-to-wecloud-program-advisor?uuid=f772e830-c1fe-4c3a-af95-34b2bb557260&amp;utm_source=newsletter&amp;utm_medium=email&amp;utm_campaign=retail_canada" target="_blank">HERE</a> or reply with "AI" for more info.</div><div><br /></div><div>Regards,</div><div>WeCloudData</div>') ON CONFLICT (campaign_id, step_index, variant_index) DO NOTHING;
COMMIT;
-- End of record --

BEGIN;
INSERT INTO leads.instantly_campaigns ("id", "name", "status", "campaign_schedule", "timestamp_created", "timestamp_updated", "text_only", "email_list", "daily_limit", "stop_on_reply", "email_tag_list", "link_tracking", "open_tracking", "stop_on_auto_reply", "organization", "email_gap", "prioritize_new_leads", "auto_variant_select", "stop_for_company", "insert_unsubscribe_header") VALUES ('458c30fb-2820-4a32-a3dc-d0a252d82b3a', 'Warney - DS Corporate Training', 1, '{}', '2025-03-19T18:51:51.901Z', '2025-03-19T19:00:19.128Z', FALSE, '["w.sarkis@weclouddataacademy.com", "w.sarkis@wecloudtraining.com", "w.sarkiss@weclouddata-corp.com", "w.sarkiss@weclouddataacademy.com", "warney.s@weclouddata-corp.com", "w.sarkiss@wecloudtraining.com", "warney.s@weclouddataacademy.com", "warney.sarkis@weclouddata-corp.com", "warney.s@wecloudtraining.com", "warney.sarkis@weclouddataacademy.com", "warney.sarkis@wecloudtraining.com"]', 330.0, TRUE, '[]', TRUE, TRUE, FALSE, 'f44277de-69b2-4bc3-a69c-28afd4094123', NULL, NULL, NULL, NULL, NULL) ON CONFLICT (id) DO NOTHING;
INSERT INTO leads.instantly_campaign_steps (campaign_id, step_index, type, delay) VALUES ('458c30fb-2820-4a32-a3dc-d0a252d82b3a', 0, 'email', 6) ON CONFLICT (campaign_id, step_index) DO NOTHING;
INSERT INTO leads.instantly_campaign_contents (campaign_id, step_index, variant_index, subject, body) VALUES ('458c30fb-2820-4a32-a3dc-d0a252d82b3a', 0, 0, 'Quick Question, {{firstName}} ', '<div>Hi {{firstName}},</div><div><br /></div><div>I know you''re busy, so I''ll get right to the point.</div><div><br /></div><div>AI is transforming how businesses operate, and companies that upskill their teams now will have a competitive edge. At WeCloudData, we provide hands-on AI training tailored for technical teams—helping them integrate AI into workflows, optimize processes, and drive innovation.</div><div><br /></div><div>We’ve worked with companies like Samsung and more to bridge the AI skills gap, and our program accepts company funding to make training more accessible. Would you be open to a quick chat to explore how we can support {{companyName}}?</div><div><br /></div><div>Want to know more? <a href="https://weclouddata.com/corporate-training/" target="_blank">CLICK HERE!</a></div><div><br /></div><div>Let me know a time that works for you.</div><div><br /></div><div>Best,</div>') ON CONFLICT (campaign_id, step_index, variant_index) DO NOTHING;
INSERT INTO leads.instantly_campaign_steps (campaign_id, step_index, type, delay) VALUES ('458c30fb-2820-4a32-a3dc-d0a252d82b3a', 1, 'email', 1) ON CONFLICT (campaign_id, step_index) DO NOTHING;
INSERT INTO leads.instantly_campaign_contents (campaign_id, step_index, variant_index, subject, body) VALUES ('458c30fb-2820-4a32-a3dc-d0a252d82b3a', 1, 0, '', '<div>Hi {{firstName}},</div><div><br /></div><div>I wanted to reach out one final time regarding WeCloudData''s AI training for technical teams. If this isn’t a priority right now, no problem! I completely understand. </div><div><br /></div><div>However, if you''d still like to explore how we can help {{companyName}} build AI capabilities, I’d be happy to connect.</div><div><br /></div><div>Please let me know if it makes sense to discuss further.</div><div><br /></div><div>Best,</div>') ON CONFLICT (campaign_id, step_index, variant_index) DO NOTHING;
COMMIT;
-- End of record --

BEGIN;
INSERT INTO leads.instantly_campaigns ("id", "name", "status", "campaign_schedule", "timestamp_created", "timestamp_updated", "text_only", "email_list", "daily_limit", "stop_on_reply", "email_tag_list", "link_tracking", "open_tracking", "stop_on_auto_reply", "organization", "email_gap", "prioritize_new_leads", "auto_variant_select", "stop_for_company", "insert_unsubscribe_header") VALUES ('431c73b4-e254-45d6-b457-3317b769fe10', 'Warney - Director of Technology For GenAI', 1, '{}', '2025-03-17T20:36:37.985Z', '2025-03-20T18:58:11.558Z', FALSE, '["w.sarkis@weclouddataacademy.com", "w.sarkis@wecloudtraining.com", "w.sarkiss@weclouddata-corp.com", "w.sarkiss@wecloudtraining.com", "w.sarkiss@weclouddataacademy.com", "warney.s@weclouddata-corp.com", "warney.s@weclouddataacademy.com", "warney.sarkis@weclouddata-corp.com", "warney.s@wecloudtraining.com", "warney.sarkis@weclouddataacademy.com", "warney.sarkis@wecloudtraining.com"]', 330.0, TRUE, '[]', TRUE, TRUE, FALSE, 'f44277de-69b2-4bc3-a69c-28afd4094123', NULL, NULL, NULL, NULL, NULL) ON CONFLICT (id) DO NOTHING;
INSERT INTO leads.instantly_campaign_steps (campaign_id, step_index, type, delay) VALUES ('431c73b4-e254-45d6-b457-3317b769fe10', 0, 'email', 6) ON CONFLICT (campaign_id, step_index) DO NOTHING;
INSERT INTO leads.instantly_campaign_contents (campaign_id, step_index, variant_index, subject, body) VALUES ('431c73b4-e254-45d6-b457-3317b769fe10', 0, 0, 'Quick Question, {{firstName}} ', '<div>Hi {{firstName}},</div><div><br /></div><div>Generative AI is changing how tech leaders drive innovation, automation, and efficiency—but how do you make it work for your organization?</div><div><br /></div><div>Join us for an exclusive webinar on March 28 at 12:30 PM, where our AI expert will cover:</div><div><br /></div><div>🚀 How GenAI is transforming IT and engineering</div><div>🔹 Real-world use cases in automation, security, and development</div><div>📊 AI integration strategies for future-ready tech teams</div><div><br /></div><div>Want to know more? <a href="https://share.hsforms.com/2tlopUCLQRLKbRcIyf1wOfQ44nue" target="_blank">CLICK HERE!</a></div><div><br /></div><div>This invite-only session is designed for CTOs, CIOs, and tech decision-makers. Spots are limited, so let me know if you’re interested, and I’ll send over the details!</div><div><br /></div><div>Best,</div>') ON CONFLICT (campaign_id, step_index, variant_index) DO NOTHING;
INSERT INTO leads.instantly_campaign_steps (campaign_id, step_index, type, delay) VALUES ('431c73b4-e254-45d6-b457-3317b769fe10', 1, 'email', 1) ON CONFLICT (campaign_id, step_index) DO NOTHING;
INSERT INTO leads.instantly_campaign_contents (campaign_id, step_index, variant_index, subject, body) VALUES ('431c73b4-e254-45d6-b457-3317b769fe10', 1, 0, '', '<div>Hi {{firstName}},</div><div><br /></div><div>Just a quick reminder—our GenAI for Technology Leaders webinar is happening this Thursday, March 28, at 12:30 PM.</div><div><br /></div><div>Join us to explore:</div><div><br /></div><div>🚀 How GenAI is transforming IT and engineering</div><div>🔹 Real-world use cases in automation and security</div><div>📊 AI integration strategies for tech leaders</div><div><br /></div><div>Spots are almost full—let me know if you''d like to join, and I’ll send the details!</div><div><br /></div><div>Best,</div>') ON CONFLICT (campaign_id, step_index, variant_index) DO NOTHING;
COMMIT;
-- End of record --

BEGIN;
INSERT INTO leads.instantly_campaigns ("id", "name", "status", "campaign_schedule", "timestamp_created", "timestamp_updated", "text_only", "email_list", "daily_limit", "stop_on_reply", "email_tag_list", "link_tracking", "open_tracking", "stop_on_auto_reply", "organization", "email_gap", "prioritize_new_leads", "auto_variant_select", "stop_for_company", "insert_unsubscribe_header") VALUES ('41189ec1-2a85-4015-8894-eb0836e0b459', 'Arsalan Beam Data Mining & Metals (5)', 0, '{"schedules": [{"name": "New schedule", "timing": {"from": "08:00", "to": "18:00"}, "days": {"1": true, "2": true, "3": true, "4": true, "5": true}, "timezone": "America/Detroit"}], "start_date": "", "end_date": ""}', '2025-04-03T20:43:38.077Z', '2025-04-03T21:14:50.818Z', FALSE, '[]', 400.0, TRUE, '[]', TRUE, TRUE, FALSE, 'f44277de-69b2-4bc3-a69c-28afd4094123', NULL, NULL, NULL, NULL, NULL) ON CONFLICT (id) DO NOTHING;
INSERT INTO leads.instantly_campaign_steps (campaign_id, step_index, type, delay) VALUES ('41189ec1-2a85-4015-8894-eb0836e0b459', 0, 'email', 0) ON CONFLICT (campaign_id, step_index) DO NOTHING;
INSERT INTO leads.instantly_campaign_contents (campaign_id, step_index, variant_index, subject, body) VALUES ('41189ec1-2a85-4015-8894-eb0836e0b459', 0, 0, 'AI-Powered Efficiency for Mining & Metals', '<div>Hi <strong>{{FirstName}}</strong>, <br /><br />Keeping operations efficient, cost-effective, and safe is more challenging than ever. AI is already transforming mining and metals—reducing downtime, optimizing resources, and improving safety.<br /><br /></div><div>At Beam Data, we want to help businesses like yours:</div><div><br />✔ Boost Productivity – Automate repetitive tasks and improve operational efficiency.<br />✔ Minimize Downtime – Predictive maintenance helps prevent costly breakdowns.<br />✔ Enhance Safety – AI-driven monitoring detects risks before they become incidents.<br /><br /></div><div>AI isn’t the future—it’s here. Let’s explore how it can help your company stay ahead.<br /><br /></div><div>📅 Here’s my schedule—feel free to book a free consultation: [<a href="http://meetings.hubspot.com/nhat3/prospect-beam-data-meeting?uuid=f18a0d4e-5da2-4977-9468-80f507b5c4e9" target="_blank">HERE!</a>]</div><div>Looking forward to connecting!<br /><br /></div><div>Best,<br />Nhat Tran<br />Director of Technology<br />Beam Data</div>') ON CONFLICT (campaign_id, step_index, variant_index) DO NOTHING;
INSERT INTO leads.instantly_campaign_steps (campaign_id, step_index, type, delay) VALUES ('41189ec1-2a85-4015-8894-eb0836e0b459', 1, 'email', 2) ON CONFLICT (campaign_id, step_index) DO NOTHING;
INSERT INTO leads.instantly_campaign_contents (campaign_id, step_index, variant_index, subject, body) VALUES ('41189ec1-2a85-4015-8894-eb0836e0b459', 1, 0, 'Following Up – Let’s Talk AI for Mining & Metals', '<div>Hi <strong>{{FirstName}}</strong>,</div><div><br />Just wanted to check in and see if you had any thoughts on how AI could help optimize your operations.</div><div>From reducing downtime with predictive maintenance to enhancing safety through AI-powered monitoring, we’d love to explore how these solutions can fit your needs.<br /><br />Let’s set up a quick chat—I’d be happy to walk you through how AI can make an impact.<br /><br /></div><div>📅 Here’s my schedule—feel free to book a <a href="http://meetings.hubspot.com/nhat3/prospect-beam-data-meeting?uuid=f18a0d4e-5da2-4977-9468-80f507b5c4e9" target="_blank">free consultation</a>:</div><div>Looking forward to hearing your thoughts!</div><div><br /></div><div>Best,<br data-start="600" data-end="603" />Nhat Tran<br data-start="612" data-end="615" />Director of Technology<br data-start="637" data-end="640" />Beam Data</div>') ON CONFLICT (campaign_id, step_index, variant_index) DO NOTHING;
INSERT INTO leads.instantly_campaign_steps (campaign_id, step_index, type, delay) VALUES ('41189ec1-2a85-4015-8894-eb0836e0b459', 2, 'email', 1) ON CONFLICT (campaign_id, step_index) DO NOTHING;
INSERT INTO leads.instantly_campaign_contents (campaign_id, step_index, variant_index, subject, body) VALUES ('41189ec1-2a85-4015-8894-eb0836e0b459', 2, 0, '', '') ON CONFLICT (campaign_id, step_index, variant_index) DO NOTHING;
COMMIT;
-- End of record --

BEGIN;
INSERT INTO leads.instantly_campaigns ("id", "name", "status", "campaign_schedule", "timestamp_created", "timestamp_updated", "text_only", "email_list", "daily_limit", "stop_on_reply", "email_tag_list", "link_tracking", "open_tracking", "stop_on_auto_reply", "organization", "email_gap", "prioritize_new_leads", "auto_variant_select", "stop_for_company", "insert_unsubscribe_header") VALUES ('41118db0-606e-4d6c-a2ff-199cd9f2f5b9', 'Warney test_0512', 0, '{"schedules": [{"name": "Weekday Schedule", "timing": {"from": "09:00", "to": "17:00"}, "days": {"1": true, "2": true, "3": true, "4": true, "5": true}, "timezone": "America/Detroit"}], "start_date": "2025-04-15T16:43:09.647Z", "end_date": "2025-05-15T16:43:09.647Z"}', '2025-05-13T02:11:47.079Z', '2025-05-13T02:11:47.079Z', NULL, NULL, NULL, NULL, NULL, NULL, NULL, NULL, 'f44277de-69b2-4bc3-a69c-28afd4094123', NULL, NULL, NULL, NULL, NULL) ON CONFLICT (id) DO NOTHING;
INSERT INTO leads.instantly_campaign_steps (campaign_id, step_index, type, delay) VALUES ('41118db0-606e-4d6c-a2ff-199cd9f2f5b9', 0, 'email', 0) ON CONFLICT (campaign_id, step_index) DO NOTHING;
INSERT INTO leads.instantly_campaign_contents (campaign_id, step_index, variant_index, subject, body) VALUES ('41118db0-606e-4d6c-a2ff-199cd9f2f5b9', 0, 0, 'Empower Your Finance Data Teams to Drive Strategic Impact', 'Hi [First Name],

As a [Director/Manager/Senior] in data within the finance sector, you understand that staying ahead means turning complex data into actionable insights-fast. At WeCloudData, we specialize in enabling finance leaders like you to accelerate digital transformation through tailored data science and AI upskilling.

Our hybrid learning programs and industry-mentored projects are designed to seamlessly integrate with your team''s workflow, helping you rapidly build advanced capabilities within your Product, Engineering, or Finance departments. Whether you''re looking to upskill existing talent or bring in expert data professionals, our end-to-end solutions align with your strategic goals.

Here''s how we support leaders in your role:  
- Customized corporate training that fits your digital roadmap and scales across teams  
- AI consulting to optimize your data strategy and translate analytics into measurable business outcomes  
- Access to a vetted talent pool for data science and AI roles to complement your internal capabilities  

I''d welcome a brief conversation to explore how WeCloudData can help your teams deliver production-ready solutions faster and more effectively.

Best regards,  
Warney  
Campaign Owner, test_0512  
WeCloudData  
[Contact Information]') ON CONFLICT (campaign_id, step_index, variant_index) DO NOTHING;
COMMIT;
-- End of record --

BEGIN;
INSERT INTO leads.instantly_campaigns ("id", "name", "status", "campaign_schedule", "timestamp_created", "timestamp_updated", "text_only", "email_list", "daily_limit", "stop_on_reply", "email_tag_list", "link_tracking", "open_tracking", "stop_on_auto_reply", "organization", "email_gap", "prioritize_new_leads", "auto_variant_select", "stop_for_company", "insert_unsubscribe_header") VALUES ('3baea231-57cb-4523-aa79-a495de73492d', 'Warney - PM target', 3, '{}', '2025-01-07T17:14:17.167Z', '2025-01-23T14:06:07.721Z', FALSE, '["w.sarkiss@weclouddata-corp.com", "warney.s@weclouddataacademy.com", "warney.s@weclouddata-corp.com", "warney.s@wecloudtraining.com", "w.sarkiss@wecloudtraining.com", "w.sarkiss@weclouddataacademy.com", "w.sarkis@weclouddataacademy.com", "w.sarkis@weclouddata-corp.com", "w.sarkis@wecloudtraining.com", "warney.sarkis@weclouddata-corp.com", "warney.sarkis@weclouddataacademy.com", "warney.sarkis@wecloudtraining.com"]', 360.0, TRUE, '[]', TRUE, TRUE, FALSE, 'f44277de-69b2-4bc3-a69c-28afd4094123', NULL, NULL, NULL, NULL, NULL) ON CONFLICT (id) DO NOTHING;
INSERT INTO leads.instantly_campaign_steps (campaign_id, step_index, type, delay) VALUES ('3baea231-57cb-4523-aa79-a495de73492d', 0, 'email', 5) ON CONFLICT (campaign_id, step_index) DO NOTHING;
INSERT INTO leads.instantly_campaign_contents (campaign_id, step_index, variant_index, subject, body) VALUES ('3baea231-57cb-4523-aa79-a495de73492d', 0, 0, 'Empower Project Managers with Data Science Skills', '<div>Hi {{firstName}} ,</div><div><br></div><div>I hope this message finds you well. I&rsquo;m reaching out to share an exciting opportunity for project managers to enhance their decision-making and strategic planning with our&nbsp;Data Science Bootcamp.</div><div><br></div><div>This program is designed to help project managers harness the power of data to improve project outcomes, streamline processes, and make informed, data-driven decisions.</div><div><br></div><div>Why This Bootcamp is Perfect for Project Managers:</div><ul style="font-style: normal; font-variant-caps: normal; font-weight: 400; letter-spacing: normal; orphans: auto; text-align: start; text-indent: 0px; text-transform: none; white-space: normal; widows: auto; word-spacing: 0px; -webkit-text-stroke-width: 0px; text-decoration: none; caret-color: rgb(0, 0, 0); color: rgb(0, 0, 0);"><li>Data-Driven Decision Making:&nbsp;Learn to analyze project data for better forecasting and resource allocation.</li><li>Hands-On Tools:&nbsp;Gain expertise in tools like Python, SQL, and data visualization platforms.</li><li>Real-World Applications:&nbsp;Apply data science techniques to solve common project management challenges.</li><li>Flexible Formats:&nbsp;Participate in virtual or in-person sessions to fit your schedule.</li></ul><div>Want to know more? <a href="https://weclouddata.com/corporate-training/" target="_blank">CLICK HERE!</a></div><div><br></div><div>Teams can also leverage their company&rsquo;s training budget to make this investment in their growth even more accessible.</div><div><br></div><div>Would you be open to a conversation to discuss how this Bootcamp can support your project managers in driving better results? I&rsquo;d be happy to provide more details.</div><div><br></div><div><a href="https://meetings.hubspot.com/warney" target="_blank">Book a meeting here!</a></div><div><br></div><div>Looking forward to connecting!</div><div><br></div><div>Best regards,</div>') ON CONFLICT (campaign_id, step_index, variant_index) DO NOTHING;
INSERT INTO leads.instantly_campaign_steps (campaign_id, step_index, type, delay) VALUES ('3baea231-57cb-4523-aa79-a495de73492d', 1, 'email', 1) ON CONFLICT (campaign_id, step_index) DO NOTHING;
INSERT INTO leads.instantly_campaign_contents (campaign_id, step_index, variant_index, subject, body) VALUES ('3baea231-57cb-4523-aa79-a495de73492d', 1, 0, ' Last Chance to Upskill Your Project Managers with Data Science', '<div >Hi {{firstName}},&nbsp;</div><div><br></div><div>I wanted to follow up one last time about our&nbsp;Data Science Bootcamp, a unique opportunity for project managers to enhance their decision-making and project outcomes through data science skills.</div><div><br></div><div>This program equips participants with practical tools like Python, SQL, and data visualization to analyze project data, forecast outcomes, and optimize resource allocation&mdash;all essential for driving successful projects.</div><div><br></div><div>Want to know more? <a href="https://weclouddata.com/corporate-training/" target="_blank">CLICK HERE!</a></div><div><br></div><div>Seats are filling quickly, and I&rsquo;d hate for your team to miss out. With the option to use your company&rsquo;s training budget, this is an accessible way to invest in their growth.</div><div><br></div><div>Would you like to discuss next steps or have any final questions? I&rsquo;d be happy to help.</div><div><br></div><div><a href="https://meetings.hubspot.com/warney" target="_blank">Book a meeting with me!</a></div><div><br></div><div>Looking forward to hearing from you!</div><div>Best regards,</div>') ON CONFLICT (campaign_id, step_index, variant_index) DO NOTHING;
COMMIT;
-- End of record --

BEGIN;
INSERT INTO leads.instantly_campaigns ("id", "name", "status", "campaign_schedule", "timestamp_created", "timestamp_updated", "text_only", "email_list", "daily_limit", "stop_on_reply", "email_tag_list", "link_tracking", "open_tracking", "stop_on_auto_reply", "organization", "email_gap", "prioritize_new_leads", "auto_variant_select", "stop_for_company", "insert_unsubscribe_header") VALUES ('3b1eaa36-ff6e-4c14-b752-202ad7c15209', 'Arsalan Hussain Beam Data Mining and Metals(1-10B)', 1, '{"schedules": [{"name": "New schedule", "timing": {"from": "09:00", "to": "18:00"}, "days": {"1": true, "2": true, "3": true, "4": true, "5": true}, "timezone": "America/Detroit"}], "start_date": "", "end_date": ""}', '2025-03-18T17:59:27.393Z', '2025-03-25T13:59:23.587Z', FALSE, '["n-tran@beamdata-team.com", "n-tran@beamdata.org", "n-tran@beamdatahq.com", "n.tran@beamdata.org", "n.tran@beamdatahq.com", "n_tran@beamdata.org", "n_tran@beamdatahq.com", "ntran@beamdatahq.com"]', 600.0, TRUE, '[]', TRUE, TRUE, FALSE, 'f44277de-69b2-4bc3-a69c-28afd4094123', NULL, NULL, NULL, NULL, NULL) ON CONFLICT (id) DO NOTHING;
INSERT INTO leads.instantly_campaign_steps (campaign_id, step_index, type, delay) VALUES ('3b1eaa36-ff6e-4c14-b752-202ad7c15209', 0, 'email', 0) ON CONFLICT (campaign_id, step_index) DO NOTHING;
INSERT INTO leads.instantly_campaign_contents (campaign_id, step_index, variant_index, subject, body) VALUES ('3b1eaa36-ff6e-4c14-b752-202ad7c15209', 0, 0, 'Redefining Mining and Metals with AI—Explore the Opportunities!', '<div>Hi {{firstName}},</div><div><br /></div><div>Hope you’re doing great!</div><div><br /></div><div>At Beam Data, we’re helping the mining and metals sector leverage AI to optimize operations, enhance safety, and drive sustainability. It’s exciting to see tools like predictive maintenance, smarter resource management, and advanced analytics making a real impact across the industry.</div><div><br /></div><div>Are you exploring ways AI 🚀 can simplify processes, improve efficiency, or boost sustainability? I’d love to hear about your goals and share some ideas that might help! 📊</div><div><br /></div><div>Looking forward to connecting!</div><div><br /></div><div>Best regards,</div><div>Nhat Tran</div><div>Director of Technology</div><div>Beam Data</div><div><br /></div><div>P.S. At Beam Data, we specialize in bridging the gap between technology and real-world challenges—making AI work for industries like yours!</div>') ON CONFLICT (campaign_id, step_index, variant_index) DO NOTHING;
INSERT INTO leads.instantly_campaign_steps (campaign_id, step_index, type, delay) VALUES ('3b1eaa36-ff6e-4c14-b752-202ad7c15209', 1, 'email', 2) ON CONFLICT (campaign_id, step_index) DO NOTHING;
INSERT INTO leads.instantly_campaign_contents (campaign_id, step_index, variant_index, subject, body) VALUES ('3b1eaa36-ff6e-4c14-b752-202ad7c15209', 1, 0, 'Following Up on AI Opportunities in Mining', '<div>Hi <strong>{{FirstName}}</strong>,</div><div><br /></div><div>I just wanted to follow up and see if you’ve had a chance to think about how AI could help optimize operations, enhance safety, or improve sustainability in the mining and metals sector.</div><div><br /></div><div>If you’re exploring any opportunities, I’d be happy to share insights or ideas that could align with your goals! <a href="http://meetings.hubspot.com/nhat3/prospect-beam-data-meeting?uuid=f18a0d4e-5da2-4977-9468-80f507b5c4e9" target="_blank">Lets connect</a></div><div><br /></div><div>Looking forward to hearing from you.</div><div>Best regards,</div><div>Nhat Tran </div><div>Director of Technology</div><div>Beam Data</div>') ON CONFLICT (campaign_id, step_index, variant_index) DO NOTHING;
INSERT INTO leads.instantly_campaign_steps (campaign_id, step_index, type, delay) VALUES ('3b1eaa36-ff6e-4c14-b752-202ad7c15209', 2, 'email', 4) ON CONFLICT (campaign_id, step_index) DO NOTHING;
INSERT INTO leads.instantly_campaign_contents (campaign_id, step_index, variant_index, subject, body) VALUES ('3b1eaa36-ff6e-4c14-b752-202ad7c15209', 2, 0, 'Last Chance to Explore AI Opportunities for Mining', '<div>Hi {{FirstName}},<br /><br /></div><div>I hope this message finds you well. I wanted to reach out one last time to see if there’s interest in exploring how AI can help optimize operations, enhance safety, or drive sustainability in the mining and metals sector.</div><div><br /></div><div>If you’d like to discuss ideas or see how AI could align with your goals, I’d be happy to connect. Let me know if you’d like to set up a quick <a href="http://meetings.hubspot.com/nhat3/prospect-beam-data-meeting?uuid=f18a0d4e-5da2-4977-9468-80f507b5c4e9" target="_blank">chat!</a></div><div><br /></div><div>Wishing you all the best.</div><div><br /></div><div>Best regards,</div><div>Nhat Tran</div><div>Director of Technology</div><div>Beam Data</div>') ON CONFLICT (campaign_id, step_index, variant_index) DO NOTHING;
INSERT INTO leads.instantly_campaign_steps (campaign_id, step_index, type, delay) VALUES ('3b1eaa36-ff6e-4c14-b752-202ad7c15209', 3, 'email', 1) ON CONFLICT (campaign_id, step_index) DO NOTHING;
INSERT INTO leads.instantly_campaign_contents (campaign_id, step_index, variant_index, subject, body) VALUES ('3b1eaa36-ff6e-4c14-b752-202ad7c15209', 3, 0, '', '') ON CONFLICT (campaign_id, step_index, variant_index) DO NOTHING;
COMMIT;
-- End of record --

BEGIN;
INSERT INTO leads.instantly_campaigns ("id", "name", "status", "campaign_schedule", "timestamp_created", "timestamp_updated", "text_only", "email_list", "daily_limit", "stop_on_reply", "email_tag_list", "link_tracking", "open_tracking", "stop_on_auto_reply", "organization", "email_gap", "prioritize_new_leads", "auto_variant_select", "stop_for_company", "insert_unsubscribe_header") VALUES ('3201ae26-d51b-4a16-9859-f11cd276f438', 'Warney - AI Corporate Training', 1, '{}', '2025-03-18T18:00:01.414Z', '2025-03-18T18:03:22.429Z', FALSE, '["w.sarkis@weclouddataacademy.com", "w.sarkis@wecloudtraining.com", "w.sarkiss@weclouddataacademy.com", "warney.s@weclouddata-corp.com", "warney.s@weclouddataacademy.com", "w.sarkiss@weclouddata-corp.com", "w.sarkiss@wecloudtraining.com", "warney.s@wecloudtraining.com", "warney.sarkis@weclouddata-corp.com", "warney.sarkis@weclouddataacademy.com", "warney.sarkis@wecloudtraining.com"]', 330.0, TRUE, '[]', TRUE, TRUE, FALSE, 'f44277de-69b2-4bc3-a69c-28afd4094123', NULL, NULL, NULL, NULL, NULL) ON CONFLICT (id) DO NOTHING;
INSERT INTO leads.instantly_campaign_steps (campaign_id, step_index, type, delay) VALUES ('3201ae26-d51b-4a16-9859-f11cd276f438', 0, 'email', 6) ON CONFLICT (campaign_id, step_index) DO NOTHING;
INSERT INTO leads.instantly_campaign_contents (campaign_id, step_index, variant_index, subject, body) VALUES ('3201ae26-d51b-4a16-9859-f11cd276f438', 0, 0, 'Quick Question, {{firstName}} ', '<div>Hi {{firstName}},</div><div><br /></div><div>I know you''re busy, so I''ll get straight to the point.</div><div><br /></div><div>AI is reshaping industries, and companies investing in AI literacy gain a competitive edge. At WeCloudData, we offer corporate AI training to equip teams with the skills they need to leverage AI effectively.</div><div><br /></div><div>Our customized programs help organizations like integrate {{companyName}}  AI into their workflows, boosting efficiency and innovation. Whether it’s executive strategy sessions or hands-on technical workshops, we tailor our approach to fit your needs.</div><div><br /></div><div>Would you be open to a quick call to explore how AI training can drive impact for {{companyName}} ? Let’s find a time that works for you.<br /><br /></div><div>Best,</div>') ON CONFLICT (campaign_id, step_index, variant_index) DO NOTHING;
INSERT INTO leads.instantly_campaign_steps (campaign_id, step_index, type, delay) VALUES ('3201ae26-d51b-4a16-9859-f11cd276f438', 1, 'email', 1) ON CONFLICT (campaign_id, step_index) DO NOTHING;
INSERT INTO leads.instantly_campaign_contents (campaign_id, step_index, variant_index, subject, body) VALUES ('3201ae26-d51b-4a16-9859-f11cd276f438', 1, 0, '', '<div>Hi {{firstName}},</div><div><br /></div><div>I know you''re busy, so I’ll keep this brief.</div><div><br /></div><div>I’ve reached out a couple of times about WeCloudData’s corporate AI training and wanted to check in one last time. Companies like Microsoft and Apple are already leveraging AI to improve efficiency and innovation—I''d love to explore how we can help {{companyName}}  do the same.</div><div><br /></div><div>If AI training isn’t a priority right now, no problem. Let me know if there’s a better time to connect in the future.</div><div><br /></div><div>Either way, I appreciate your time!</div><div><br /></div><div>Best,</div>') ON CONFLICT (campaign_id, step_index, variant_index) DO NOTHING;
COMMIT;
-- End of record --

BEGIN;
INSERT INTO leads.instantly_campaigns ("id", "name", "status", "campaign_schedule", "timestamp_created", "timestamp_updated", "text_only", "email_list", "daily_limit", "stop_on_reply", "email_tag_list", "link_tracking", "open_tracking", "stop_on_auto_reply", "organization", "email_gap", "prioritize_new_leads", "auto_variant_select", "stop_for_company", "insert_unsubscribe_header") VALUES ('2f4f8246-ac42-46c2-b03a-3ca945c5187c', 'Warney DE Campaign', 0, '{"schedules": [{"name": "Weekday Schedule", "timing": {"from": "09:00", "to": "17:00"}, "days": {"1": true, "2": true, "3": true, "4": true, "5": true}, "timezone": "America/Detroit"}], "start_date": "2025-04-15T16:43:09.647Z", "end_date": "2025-05-15T16:43:09.647Z"}', '2025-05-13T19:24:06.060Z', '2025-05-13T19:24:06.060Z', NULL, NULL, NULL, NULL, NULL, NULL, NULL, NULL, 'f44277de-69b2-4bc3-a69c-28afd4094123', NULL, NULL, NULL, NULL, NULL) ON CONFLICT (id) DO NOTHING;
INSERT INTO leads.instantly_campaign_steps (campaign_id, step_index, type, delay) VALUES ('2f4f8246-ac42-46c2-b03a-3ca945c5187c', 0, 'email', 0) ON CONFLICT (campaign_id, step_index) DO NOTHING;
INSERT INTO leads.instantly_campaign_contents (campaign_id, step_index, variant_index, subject, body) VALUES ('2f4f8246-ac42-46c2-b03a-3ca945c5187c', 0, 0, 'Boost Your Data Engineering Team''s Productivity with Tailored Training', 'Hi [First Name],  

As a Data Engineer, you know how critical it is to keep your team''s skills sharp without losing valuable time. At WeCloudData, we specialize in customized corporate training designed specifically for data engineering teams like yours-helping you rapidly upskill and reskill while aligning with your company''s digital transformation goals.  

Our hybrid learning programs combine hands-on projects and expert mentorship, enabling your team to deliver production-ready solutions faster and more efficiently. If saving time and increasing productivity are priorities for you, I''d love to share how we can support your team''s growth.  

Would you be open to a brief chat?  

Best regards,  
Warney  
WeCloudData | DE Campaign Owner') ON CONFLICT (campaign_id, step_index, variant_index) DO NOTHING;
COMMIT;
-- End of record --

BEGIN;
INSERT INTO leads.instantly_campaigns ("id", "name", "status", "campaign_schedule", "timestamp_created", "timestamp_updated", "text_only", "email_list", "daily_limit", "stop_on_reply", "email_tag_list", "link_tracking", "open_tracking", "stop_on_auto_reply", "organization", "email_gap", "prioritize_new_leads", "auto_variant_select", "stop_for_company", "insert_unsubscribe_header") VALUES ('2ea470d4-12da-4833-a2a7-6c1adfb7e079', 'Louise_Dubai_government related_Data/tech/training position', 3, '{}', '2025-02-03T22:59:21.593Z', '2025-03-14T14:44:21.570Z', FALSE, '["louise.c@weclouddata.net", "louise.c@weclouddata.org", "louise.c@weclouddata.us", "louise.cheng@weclouddata.us", "louise@weclouddata.net", "louise.cheng@weclouddata.org", "louise@weclouddata.org", "louise_c@weclouddata.org", "louise_c@weclouddata.us", "louise@weclouddata.us"]', 300.0, TRUE, '[]', FALSE, FALSE, FALSE, 'f44277de-69b2-4bc3-a69c-28afd4094123', NULL, NULL, NULL, NULL, NULL) ON CONFLICT (id) DO NOTHING;
INSERT INTO leads.instantly_campaign_steps (campaign_id, step_index, type, delay) VALUES ('2ea470d4-12da-4833-a2a7-6c1adfb7e079', 0, 'email', 1) ON CONFLICT (campaign_id, step_index) DO NOTHING;
INSERT INTO leads.instantly_campaign_contents (campaign_id, step_index, variant_index, subject, body) VALUES ('2ea470d4-12da-4833-a2a7-6c1adfb7e079', 0, 0, 'See How We Helped 1000+ UAE Students Succeed!', '<div>Hi&nbsp;{{firstName}} ,</div><div><br></div><div>WeCloudData helped leading organizations like the Technology Innovation Institute (UAE), Government of Canada and Fortune 500 companies launch successful AI/data training programs. Last year, we trained 1000+ students, delivering measurable results:</div><div><br></div><ul><li>95% of participants gained skills in generative AI and related fields</li><li>40% saw immediate application of new skills in their roles</li><li>Boosted innovation across departments, driving high-impact AI projects</li></ul><div>I&rsquo;d love to show you how we can achieve similar results for your company. Would you like to know more via a call or a loom video?&nbsp;</div><div><br></div><div>Best regards,</div><div>Louise</div>') ON CONFLICT (campaign_id, step_index, variant_index) DO NOTHING;
INSERT INTO leads.instantly_campaign_steps (campaign_id, step_index, type, delay) VALUES ('2ea470d4-12da-4833-a2a7-6c1adfb7e079', 1, 'email', 1) ON CONFLICT (campaign_id, step_index) DO NOTHING;
INSERT INTO leads.instantly_campaign_contents (campaign_id, step_index, variant_index, subject, body) VALUES ('2ea470d4-12da-4833-a2a7-6c1adfb7e079', 1, 0, '', '<div >Hi&nbsp;{{firstName}} ,</div><div><br></div><div>Just following up! We&rsquo;ve helped teams at companies like the Technology Innovation Institute and Fortune 500 firms achieve remarkable success with our AI training.</div><div><br></div><div>Are you interested in learn more?&nbsp;</div><div><br></div><div>Best regards,</div><div>Louise</div>') ON CONFLICT (campaign_id, step_index, variant_index) DO NOTHING;
COMMIT;
-- End of record --

BEGIN;
INSERT INTO leads.instantly_campaigns ("id", "name", "status", "campaign_schedule", "timestamp_created", "timestamp_updated", "text_only", "email_list", "daily_limit", "stop_on_reply", "email_tag_list", "link_tracking", "open_tracking", "stop_on_auto_reply", "organization", "email_gap", "prioritize_new_leads", "auto_variant_select", "stop_for_company", "insert_unsubscribe_header") VALUES ('2ac476db-b3ef-4ce3-96d4-77368c7328d8', 'Warney - AI Bootcamp DS targeting', 1, '{}', '2025-04-04T21:10:22.923Z', '2025-04-04T21:29:03.244Z', FALSE, '["w.sarkis@wecloudtraining.com", "w.sarkis@weclouddataacademy.com"]', 60.0, TRUE, '[]', TRUE, TRUE, FALSE, 'f44277de-69b2-4bc3-a69c-28afd4094123', NULL, NULL, NULL, NULL, NULL) ON CONFLICT (id) DO NOTHING;
INSERT INTO leads.instantly_campaign_steps (campaign_id, step_index, type, delay) VALUES ('2ac476db-b3ef-4ce3-96d4-77368c7328d8', 0, 'email', 6) ON CONFLICT (campaign_id, step_index) DO NOTHING;
INSERT INTO leads.instantly_campaign_contents (campaign_id, step_index, variant_index, subject, body) VALUES ('2ac476db-b3ef-4ce3-96d4-77368c7328d8', 0, 0, 'Quick Question, {{firstName}} ', '<div>Hi {{firstName}},<br /><br /></div><div>I wanted to follow up on the AI Bootcamp we reached out about recently. We''ve had a lot of interest, and seats under our special pricing ($2,000 CAD / $1,500 USD) are filling up quickly.<br /><br /></div><div>If you''re still considering joining, here''s a quick reminder of what you’ll get:<br /><br /></div><div>✅ Hands-on training in Python, Machine Learning &amp; Deep Learning<br />✅ Real-world projects to build your AI portfolio<br />✅ Taught by industry experts working in AI today<br /><br /></div><div>If you''re serious about transitioning into an AI-focused role or upskilling fast, this Bootcamp is a great way to get there.<br /><br /><br /></div><div>Have questions? I’m happy to help—just reply to this email!<br /><br /></div><div>Best regards,</div>') ON CONFLICT (campaign_id, step_index, variant_index) DO NOTHING;
INSERT INTO leads.instantly_campaign_steps (campaign_id, step_index, type, delay) VALUES ('2ac476db-b3ef-4ce3-96d4-77368c7328d8', 1, 'email', 1) ON CONFLICT (campaign_id, step_index) DO NOTHING;
INSERT INTO leads.instantly_campaign_contents (campaign_id, step_index, variant_index, subject, body) VALUES ('2ac476db-b3ef-4ce3-96d4-77368c7328d8', 1, 0, '', '<div>Hi {{firstName}},<br /><br /></div><div>Are you ready to level up your career with in-demand AI skills?<br /><br /></div><div>We’re offering a limited-time discount for our upcoming AI Bootcamp, designed for professionals who want hands-on experience with machine learning, deep learning, and real-world AI applications.<br /><br /></div><div>🔹 New Special Price: $2,000 CAD / $1,500 USD🔹 What You’ll Learn:<br /><br /></div><ul data-start="578" data-end="705" style="font-style:normal;font-variant-caps:normal;font-weight:400;letter-spacing:normal;orphans:auto;text-align:start;text-indent:0px;text-transform:none;white-space:normal;widows:auto;word-spacing:0px;-webkit-text-stroke-width:0px;text-decoration:none;caret-color:rgb(0, 0, 0);color:rgb(0, 0, 0)"><li data-start="578" data-end="605"><div>Practical Python for AI</div></li><li data-start="606" data-end="642"><div>Machine Learning &amp; Deep Learning</div></li><li data-start="643" data-end="669"><div>Real-world AI Project</div></li></ul><div>You’ll learn from industry experts, build a portfolio, and get support to break into AI roles faster.<br /><br /></div><div>Only a few discounted seats remain—let me know if you''d like to chat or need more details!<br /><br /></div><div>Best,</div>') ON CONFLICT (campaign_id, step_index, variant_index) DO NOTHING;
COMMIT;
-- End of record --

BEGIN;
INSERT INTO leads.instantly_campaigns ("id", "name", "status", "campaign_schedule", "timestamp_created", "timestamp_updated", "text_only", "email_list", "daily_limit", "stop_on_reply", "email_tag_list", "link_tracking", "open_tracking", "stop_on_auto_reply", "organization", "email_gap", "prioritize_new_leads", "auto_variant_select", "stop_for_company", "insert_unsubscribe_header") VALUES ('2a96be2f-ba60-4100-938c-d05eaeccdfd0', 'Alex - Incubator Outreach Campaign', 1, '{"schedules": [{"name": "New schedule", "timing": {"from": "09:30", "to": "16:30"}, "days": {"2": true, "3": true, "4": true}, "timezone": "America/Detroit"}], "start_date": "2025-06-17", "end_date": ""}', '2025-06-10T13:39:37.702Z', '2025-06-17T18:57:00.740Z', TRUE, '["akrstich@beamdata.ai"]', 30.0, TRUE, '[]', FALSE, TRUE, FALSE, 'f44277de-69b2-4bc3-a69c-28afd4094123', NULL, NULL, NULL, NULL, NULL) ON CONFLICT (id) DO NOTHING;
INSERT INTO leads.instantly_campaign_steps (campaign_id, step_index, type, delay) VALUES ('2a96be2f-ba60-4100-938c-d05eaeccdfd0', 0, 'email', 2) ON CONFLICT (campaign_id, step_index) DO NOTHING;
INSERT INTO leads.instantly_campaign_contents (campaign_id, step_index, variant_index, subject, body) VALUES ('2a96be2f-ba60-4100-938c-d05eaeccdfd0', 0, 0, 'Support your founders — without stretching your team', '<div>Hi there,</div><div><br /></div><div>Supporting ambitious founders with a small team takes real care — and we’ve seen firsthand how much heart goes into making that work.</div><div><br /></div><div>That’s where Beam Data fits in — quietly behind the scenes, helping startup hubs like Communitech and Velocity extend their impact without adding strain.</div><div><br /></div><div>Here’s what we bring to your ecosystem:<br /><br /></div><div>→ Practical, hands-on AI training founders can apply right away  </div><div>→ A white-label hiring hub to help them attract the right talent  </div><div>→ On-demand tech support for building MVPs or launching AI features</div><div><br /></div><div>It’s all designed to feel like part of *your* support — no extra lift, just more value for your founders.</div><div><br /></div><div>If it’s useful, I can send over a 1-page overview or coordinate a quick intro — whatever’s easiest on your end.</div><div><br /></div><div>Warmly,  </div><div>Alex Krstich  </div><div>akrstich@beamdata.ai  </div><div>Beam Data | Quietly powering startup ecosystems</div>') ON CONFLICT (campaign_id, step_index, variant_index) DO NOTHING;
INSERT INTO leads.instantly_campaign_contents (campaign_id, step_index, variant_index, subject, body) VALUES ('2a96be2f-ba60-4100-938c-d05eaeccdfd0', 0, 1, 'Give your founders backup — without burning out your team', '<div>Hi there,</div><div><br /></div><div>Some founders need a nudge. Others need a full-on technical cavalry. Most just need someone quietly in their corner — who gets the pressure they’re under and makes it lighter.<br /><br /></div><div>That’s where we come in.<br /><br /></div><div>At Beam Data, we’ve been quietly embedded in ecosystems like Communitech and Velocity — not pitching from the outside, but building inside the trenches with founders:<br /><br /></div><div>    → Teaching AI fluency that’s actually useful — not theoretical </div><div>    → Supporting MVPs and AI builds when internal teams are stretched </div><div>    → Giving founders a branded hiring hub that brings in real talent, not just             résumés<br /><br /></div><div>We show up only where needed. You keep the spotlight. Your founders get leverage — without extra lift on your side.<br /><br /></div><div>If helpful, I can send a one-pager or coordinate a short intro call. Whatever fits your day.<br /><br /></div><div>Warmly, </div><div><br /></div><div>Alex Krstich </div><div>akrstich@beamdata.ai </div><div>Beam Data | The quiet partner for growing ecosystems</div>') ON CONFLICT (campaign_id, step_index, variant_index) DO NOTHING;
INSERT INTO leads.instantly_campaign_steps (campaign_id, step_index, type, delay) VALUES ('2a96be2f-ba60-4100-938c-d05eaeccdfd0', 1, 'email', 5) ON CONFLICT (campaign_id, step_index) DO NOTHING;
INSERT INTO leads.instantly_campaign_contents (campaign_id, step_index, variant_index, subject, body) VALUES ('2a96be2f-ba60-4100-938c-d05eaeccdfd0', 1, 0, '', '<div>Hi there,<br /><br /></div><div>I know your inbox probably fills up fast — totally get it.</div><div><br />Just wanted to gently bring this back in case it slipped by. We work quietly behind the scenes with hubs like Communitech and Velocity, helping their founders:<br /><br /></div><div>    → Build practical AI fluency (no fluff, just real skills) </div><div>    → Attract great people with a white-labeled hiring hub </div><div>    → Move faster on MVPs or AI features — without stretching internal teams<br /><br /></div><div>Everything’s designed to amplify your support, not add to your lift. We stay invisible. Your founders feel the difference.<br /><br /></div><div>If helpful, I can send over a 1-pager — or we can hop on a quick 15-min call. Totally up to you.<br /><br /></div><div>Thanks again for everything you do to support founders.<br /><br /></div><div>Warmly, <br /><br />Alex Krstich </div><div>akrstich@beamdata.ai </div><div>Beam Data | Quietly powering startup ecosystems</div>') ON CONFLICT (campaign_id, step_index, variant_index) DO NOTHING;
INSERT INTO leads.instantly_campaign_contents (campaign_id, step_index, variant_index, subject, body) VALUES ('2a96be2f-ba60-4100-938c-d05eaeccdfd0', 1, 1, '', '<div>Hi again,<br /><br /></div><div>Totally get how full inboxes get — just wanted to resurface this quickly.<br /><br /></div><div>If supporting founders with lightweight, high-impact AI help or on-demand tech support is ever a priority, we’d love to help. We’ve got a 1-pager that explains how we quietly support hubs like Communitech and Velocity — without adding pressure to your team.<br /><br /></div><div>    → Founders learn practical AI skills </div><div>    → Get help when MVPs stall or features hit a wall </div><div>    → Use a branded hiring hub to attract better talent<br /><br /></div><div>It’s leverage for your ecosystem — without burning anyone out.<br /><br /></div><div>Want me to send it over?<br /><br /></div><div>Warmly, </div><div><br /></div><div>Alex Krstich </div><div>akrstich@beamdata.ai </div><div>Beam Data | The quiet partner for growing ecosystems</div>') ON CONFLICT (campaign_id, step_index, variant_index) DO NOTHING;
INSERT INTO leads.instantly_campaign_steps (campaign_id, step_index, type, delay) VALUES ('2a96be2f-ba60-4100-938c-d05eaeccdfd0', 2, 'email', 5) ON CONFLICT (campaign_id, step_index) DO NOTHING;
INSERT INTO leads.instantly_campaign_contents (campaign_id, step_index, variant_index, subject, body) VALUES ('2a96be2f-ba60-4100-938c-d05eaeccdfd0', 2, 0, '', '<div>Hi again,<br /><br /></div><div>Just popping back into your inbox — promise I’m not here to add to your to-do list.<br /><br /></div><div>I pulled together a 1-pager that shows how we help startup hubs like Communitech and Velocity look like superheroes — without needing a bigger team (or caffeine IV drip).<br /><br /></div><div>Here’s what’s inside: <br /><br />    → AI training founders actually get excited about (seriously) </div><div>    → A white-labeled hiring hub that feels like magic for talent bottlenecks </div><div>    → Flexible tech help when MVPs or AI features need to move — fast<br /><br /></div><div>It’s all modular, quiet, and fully under your brand. You get the credit. We do the lifting. Everyone wins.<br /><br /></div><div>Want me to send it your way? Or we can hop on a quick 15-min call — no slides, no jargon.<br /><br /></div><div>Thanks again for everything you’re doing to keep founders moving.<br /><br /></div><div>Warmly, </div><div><br /></div><div>Alex Krstich </div><div>akrstich@beamdata.ai </div><div>Beam Data | Quietly powering startup ecosystems</div>') ON CONFLICT (campaign_id, step_index, variant_index) DO NOTHING;
INSERT INTO leads.instantly_campaign_contents (campaign_id, step_index, variant_index, subject, body) VALUES ('2a96be2f-ba60-4100-938c-d05eaeccdfd0', 2, 1, 'No rush at all — just closing the loop for now', '<div>Hi there,</div><div><br /></div><div>Just a final follow-up — I know these emails can pile up fast.</div><div><br /></div><div>If and when your team ever wants quiet, flexible backup for the startups in your orbit — from AI training to MVP builds to hiring  — Beam Data’s here to support. No pressure, no push.</div><div><br /></div><div>We’re already embedded in communities like Communitech and Velocity, and we’d be glad to support yours too — whenever it feels like the right fit.</div><div><br /></div><div>Wishing you and your founders all the best. And if this ever bubbles up later, I’m just a reply away.</div><div><br /></div><div>Warmly,</div><div><br /></div><div>Alex Krstich </div><div>akrstich@beamdata.ai </div><div>Beam Data | The quiet partner for growing ecosystems</div><div><br /></div><div><br /></div>') ON CONFLICT (campaign_id, step_index, variant_index) DO NOTHING;
INSERT INTO leads.instantly_campaign_steps (campaign_id, step_index, type, delay) VALUES ('2a96be2f-ba60-4100-938c-d05eaeccdfd0', 3, 'email', 1) ON CONFLICT (campaign_id, step_index) DO NOTHING;
INSERT INTO leads.instantly_campaign_contents (campaign_id, step_index, variant_index, subject, body) VALUES ('2a96be2f-ba60-4100-938c-d05eaeccdfd0', 3, 0, 'Last ping — then I’ll get out of your inbox 😊', '<div>Hi there,<br /><br /></div><div>Just one last nudge from me — then I’ll officially let this thread rest.<br /><br /></div><div>Totally understand if now’s not the right time, but if supporting your founders with AI training, better hiring tools, or lightweight tech help ever becomes a priority, Beam Data is here (quietly, as always).<br /><br /></div><div>We’re already helping teams like Communitech and Velocity — and would be happy to do the same for you, whenever it makes sense.<br /><br /></div><div>Wishing you and your founders a strong rest of the year.And hey, if something clicks down the road, I’m just a reply away.<br /><br /></div><div>Warmly, </div><div><br /></div><div>Alex Krstich </div><div>akstich@beamdata.ai </div><div>Beam Data | Quietly powering startup ecosystems</div>') ON CONFLICT (campaign_id, step_index, variant_index) DO NOTHING;
COMMIT;
-- End of record --

BEGIN;
INSERT INTO leads.instantly_campaigns ("id", "name", "status", "campaign_schedule", "timestamp_created", "timestamp_updated", "text_only", "email_list", "daily_limit", "stop_on_reply", "email_tag_list", "link_tracking", "open_tracking", "stop_on_auto_reply", "organization", "email_gap", "prioritize_new_leads", "auto_variant_select", "stop_for_company", "insert_unsubscribe_header") VALUES ('2a36567e-d5da-4904-af00-75e389bbeede', 'Warney - COO GenAI Campaign', 1, '{}', '2025-03-17T21:36:03.693Z', '2025-03-17T21:38:53.041Z', FALSE, '["w.sarkis@weclouddataacademy.com", "w.sarkis@wecloudtraining.com", "w.sarkiss@weclouddata-corp.com", "w.sarkiss@weclouddataacademy.com", "w.sarkiss@wecloudtraining.com", "warney.s@weclouddata-corp.com", "warney.s@weclouddataacademy.com", "warney.s@wecloudtraining.com", "warney.sarkis@weclouddata-corp.com", "warney.sarkis@weclouddataacademy.com", "warney.sarkis@wecloudtraining.com"]', 330.0, TRUE, '[]', TRUE, TRUE, FALSE, 'f44277de-69b2-4bc3-a69c-28afd4094123', NULL, NULL, NULL, NULL, NULL) ON CONFLICT (id) DO NOTHING;
INSERT INTO leads.instantly_campaign_steps (campaign_id, step_index, type, delay) VALUES ('2a36567e-d5da-4904-af00-75e389bbeede', 0, 'email', 1) ON CONFLICT (campaign_id, step_index) DO NOTHING;
INSERT INTO leads.instantly_campaign_contents (campaign_id, step_index, variant_index, subject, body) VALUES ('2a36567e-d5da-4904-af00-75e389bbeede', 0, 0, 'Quick Question, {{firstName}}!', '<div>Hi {{firstName}}, </div><div><br /></div><div>Generative AI is changing how tech leaders drive innovation, automation, and efficiency—but how do you make it work for your organization?</div><div><br /></div><div>Join us for an exclusive webinar on March 28 at 12:30 PM, where our AI expert will cover:</div><div><br /></div><div>🚀 How GenAI is transforming IT and engineering</div><div>🔹 Real-world use cases in automation, security, and development</div><div>📊 AI integration strategies for future-ready tech teams</div><div><br /></div><div>Want to know more? <a href="https://share.hsforms.com/2tlopUCLQRLKbRcIyf1wOfQ44nue" target="_blank">CLICK HERE!</a></div><div><br /></div><div>This invite-only session is designed for CTOs, CIOs, and tech decision-makers. Spots are limited, so let me know if you’re interested, and I’ll send over the details!</div><div><br /></div><div>Best,</div>') ON CONFLICT (campaign_id, step_index, variant_index) DO NOTHING;
INSERT INTO leads.instantly_campaign_steps (campaign_id, step_index, type, delay) VALUES ('2a36567e-d5da-4904-af00-75e389bbeede', 1, 'email', 1) ON CONFLICT (campaign_id, step_index) DO NOTHING;
INSERT INTO leads.instantly_campaign_contents (campaign_id, step_index, variant_index, subject, body) VALUES ('2a36567e-d5da-4904-af00-75e389bbeede', 1, 0, '', '<div>Hi {{firstName}},</div><div><br /></div><div>Just a quick reminder—our GenAI for Technology Leaders webinar is happening this Thursday, March 28, at 12:30 PM.</div><div><br /></div><div>Join us to explore:</div><div>🚀 How GenAI is transforming IT and engineering</div><div>🔹 Real-world use cases in automation and security</div><div>📊 AI integration strategies for tech leaders</div><div><br /></div><div>Spots are almost full—let me know if you''d like to join, and I’ll send the details!</div><div><br /></div><div>Best,</div>') ON CONFLICT (campaign_id, step_index, variant_index) DO NOTHING;
COMMIT;
-- End of record --

BEGIN;
INSERT INTO leads.instantly_campaigns ("id", "name", "status", "campaign_schedule", "timestamp_created", "timestamp_updated", "text_only", "email_list", "daily_limit", "stop_on_reply", "email_tag_list", "link_tracking", "open_tracking", "stop_on_auto_reply", "organization", "email_gap", "prioritize_new_leads", "auto_variant_select", "stop_for_company", "insert_unsubscribe_header") VALUES ('29634b2d-feb7-4266-84de-f9c8cf9a3c6d', 'Maliha- Canada Healthcare Follow up', 3, '{}', '2025-04-17T16:39:17.988Z', '2025-04-17T19:10:43.521Z', FALSE, '["louise.c@weclouddata.net", "louise.c@weclouddata.org", "louise.c@weclouddata.us", "louise.cheng@weclouddata.org", "louise.cheng@weclouddata.us", "louise@weclouddata.net", "louise@weclouddata.org", "louise@weclouddata.us", "louise_c@weclouddata.org", "louise_c@weclouddata.us"]', 300.0, TRUE, '[]', TRUE, TRUE, FALSE, 'f44277de-69b2-4bc3-a69c-28afd4094123', NULL, NULL, NULL, NULL, NULL) ON CONFLICT (id) DO NOTHING;
INSERT INTO leads.instantly_campaign_steps (campaign_id, step_index, type, delay) VALUES ('29634b2d-feb7-4266-84de-f9c8cf9a3c6d', 0, 'email', 5) ON CONFLICT (campaign_id, step_index) DO NOTHING;
INSERT INTO leads.instantly_campaign_contents (campaign_id, step_index, variant_index, subject, body) VALUES ('29634b2d-feb7-4266-84de-f9c8cf9a3c6d', 0, 0, 'still thinking about streamlining ops?', '<div>Hey {{firstName}},</div><div><br /></div><div>No <strong>long courses</strong>. No technical barriers. We’ve been running 1-hour live <a href="https://weclouddata.com/corporate-training/?utm_source=newsletter&amp;utm_medium=email&amp;utm_campaign=canada-healthcare-follow-up" target="_blank">AI sessions</a> for <strong>Canadian healthcare</strong> teams to help them save time, reduce friction, and stay competitive.</div><div><br /></div><div>Most execs tell us the same thing after: “<em>I wish we did this 6 months ago.</em>”</div><div><br /></div><div>Want to take a look at what the session includes? Just reply “AI preview” and I’ll send it over.</div><div><br /></div><div>{{RANDOM | Best, | Regards, | Cheers,}}</div><div>WeCloudData</div><div><br /></div><div><br /></div>') ON CONFLICT (campaign_id, step_index, variant_index) DO NOTHING;
INSERT INTO leads.instantly_campaign_contents (campaign_id, step_index, variant_index, subject, body) VALUES ('29634b2d-feb7-4266-84de-f9c8cf9a3c6d', 0, 1, 'Quick Question {{firstName}}', '<div>Hi {{firstName}},</div><div><br /></div><div>Between staffing shortages, admin overload, and nonstop policy shifts, it''s no surprise that burnout and turnover are rising in Canadian healthcare.</div><div><br /></div><div>What if your team had simple AI tools to reduce repetitive tasks, speed up documentation, and free up time for what actually matters?</div><div><br /></div><div>We run short, practical <a href="https://weclouddata.com/corporate-training/?utm_source=newsletter&amp;utm_medium=email&amp;utm_campaign=canada-healthcare-follow-up" target="_blank">AI workshops</a> built for frontline healthcare teams – focused on relief, not tech hype. Want a peek?</div><div><br /></div><div>{{RANDOM | Best, | Regards, | Cheers,}}</div><div>WeCloudData.</div>') ON CONFLICT (campaign_id, step_index, variant_index) DO NOTHING;
INSERT INTO leads.instantly_campaign_steps (campaign_id, step_index, type, delay) VALUES ('29634b2d-feb7-4266-84de-f9c8cf9a3c6d', 1, 'email', 2) ON CONFLICT (campaign_id, step_index) DO NOTHING;
INSERT INTO leads.instantly_campaign_contents (campaign_id, step_index, variant_index, subject, body) VALUES ('29634b2d-feb7-4266-84de-f9c8cf9a3c6d', 1, 0, 'Real results from teams just like yours', '<div>{{firstName}},</div><div><br /></div><div>We ran a 6-day data + ML workshop for CIHI, and their team called it one of the most engaging trainings they’ve done. Clear, hands-on, and surprisingly fun — even for folks new to the field.</div><div><br /></div><div>Curious if {{Company}} could see similar results from <a href="https://weclouddata.com/corporate-training/?utm_source=newsletter&amp;utm_medium=email&amp;utm_campaign=canada-healthcare-follow-up" target="_blank">AI upskilling</a>? I can send a quick 1-pager—want me to shoot that over?</div><div> </div><div>P.S {{companyName}} could have education funding available to cover this, so it won’t touch your budget.</div><div><br /></div><div>Regards, </div><div>WeCloudData</div>') ON CONFLICT (campaign_id, step_index, variant_index) DO NOTHING;
INSERT INTO leads.instantly_campaign_contents (campaign_id, step_index, variant_index, subject, body) VALUES ('29634b2d-feb7-4266-84de-f9c8cf9a3c6d', 1, 1, '', '<div>Hi {{firstName}},</div><div><br /></div><div>I can send you a short sample of the <a href="https://weclouddata.com/corporate-training/?utm_source=newsletter&amp;utm_medium=email&amp;utm_campaign=canada-healthcare-follow-up" target="_blank">AI training</a> — just 2 pages showing how we make it click for clinical and non-clinical teams.</div><div><br /></div><div>Reply “yes” and I’ll send it right over.</div><div><br /></div><div>Best Regards,</div><div>WeCloudData</div>') ON CONFLICT (campaign_id, step_index, variant_index) DO NOTHING;
INSERT INTO leads.instantly_campaign_steps (campaign_id, step_index, type, delay) VALUES ('29634b2d-feb7-4266-84de-f9c8cf9a3c6d', 2, 'email', 1) ON CONFLICT (campaign_id, step_index) DO NOTHING;
INSERT INTO leads.instantly_campaign_contents (campaign_id, step_index, variant_index, subject, body) VALUES ('29634b2d-feb7-4266-84de-f9c8cf9a3c6d', 2, 0, '{{firstName}} any thoughts', '<div> Hi {{firstName}},</div><div><br /></div><div>I know inboxes are chaos and timing matters – if <a href="https://weclouddata.com/corporate-training/?utm_source=newsletter&amp;utm_medium=email&amp;utm_campaign=canada-healthcare-follow-up" target="_blank">AI training</a> for your team isn’t something you’re exploring right now, I totally get it.</div><div><br /></div><div>But if there’s even a "<a href="https://meetings.hubspot.com/warney/talk-to-wecloud-program-advisor?uuid=f772e830-c1fe-4c3a-af95-34b2bb557260&amp;utm_source=newsletter&amp;utm_medium=email&amp;utm_campaign=canada-healthcare-follow-up" target="_blank">maybe later</a>", I’d love to send you a short resource guide for when the time’s right.</div><div><br /></div><div>Want me to send that over? Or should I check back in a few months?</div><div>Appreciate your time either way.</div><div><br /></div><div>{{RANDOM | Best, | Regards, | Cheers,}}</div><div>WeCloudData</div>') ON CONFLICT (campaign_id, step_index, variant_index) DO NOTHING;
COMMIT;
-- End of record --

BEGIN;
INSERT INTO leads.instantly_campaigns ("id", "name", "status", "campaign_schedule", "timestamp_created", "timestamp_updated", "text_only", "email_list", "daily_limit", "stop_on_reply", "email_tag_list", "link_tracking", "open_tracking", "stop_on_auto_reply", "organization", "email_gap", "prioritize_new_leads", "auto_variant_select", "stop_for_company", "insert_unsubscribe_header") VALUES ('25ea678f-479c-4b3c-b73c-c6c08d42dbee', 'Maliha- UAE Mining/Oil Follow up', 3, '{"schedules": [{"name": "New schedule", "timing": {"from": "09:00", "to": "17:00"}, "days": {"1": true, "2": true, "3": true, "4": true, "5": true}, "timezone": "Asia/Dubai"}], "start_date": "", "end_date": ""}', '2025-05-02T15:34:14.360Z', '2025-05-05T09:39:53.678Z', FALSE, '["louise.c@weclouddata.net", "louise.c@weclouddata.org", "louise.c@weclouddata.us", "louise.cheng@weclouddata.org", "louise.cheng@weclouddata.us", "louise@weclouddata.net", "louise@weclouddata.org", "louise@weclouddata.us", "louise_c@weclouddata.org", "louise_c@weclouddata.us"]', 300.0, TRUE, '[]', TRUE, TRUE, FALSE, 'f44277de-69b2-4bc3-a69c-28afd4094123', NULL, NULL, NULL, NULL, NULL) ON CONFLICT (id) DO NOTHING;
INSERT INTO leads.instantly_campaign_steps (campaign_id, step_index, type, delay) VALUES ('25ea678f-479c-4b3c-b73c-c6c08d42dbee', 0, 'email', 5) ON CONFLICT (campaign_id, step_index) DO NOTHING;
INSERT INTO leads.instantly_campaign_contents (campaign_id, step_index, variant_index, subject, body) VALUES ('25ea678f-479c-4b3c-b73c-c6c08d42dbee', 0, 0, 'Quick Question {{firstName}}', '<div>{{firstName}},</div><div><br /></div><div>Know inboxes get crazy — just circling back.</div><div>We help oil/mining <a href="https://weclouddata.com/corporate-training/?utm_source=newsletter&amp;utm_medium=email&amp;utm_campaign=uae-mining-follow+up" target="_blank">companies upskill</a> teams with—</div><ol style="margin-top:0;margin-bottom:0;padding-inline-start:48px"><li dir="ltr" style="list-style-type:decimal;font-size:11pt;font-family:Arial,sans-serif;color:#500050;background-color:transparent;font-weight:400;font-style:normal;font-variant:normal;text-decoration:none;vertical-align:baseline;white-space:pre"><div><strong>no coding</strong> background needed</div></li><li dir="ltr" style="list-style-type:decimal;font-size:11pt;font-family:Arial,sans-serif;color:#500050;background-color:transparent;font-weight:400;font-style:normal;font-variant:normal;text-decoration:none;vertical-align:baseline;white-space:pre"><div>focused on ops, safety, and asset mgmt</div></li><li dir="ltr" style="list-style-type:decimal;font-size:11pt;font-family:Arial,sans-serif;color:#500050;background-color:transparent;font-weight:400;font-style:normal;font-variant:normal;text-decoration:none;vertical-align:baseline;white-space:pre"><div>fully <strong>customizable</strong> to your workflows</div></li></ol><div><br /></div><div>Not theory, not outsourcing. Real capability, built inside.</div><div>Open to learning more?</div><div><br /></div><div>Best,</div><div>WeCloudData</div>') ON CONFLICT (campaign_id, step_index, variant_index) DO NOTHING;
INSERT INTO leads.instantly_campaign_contents (campaign_id, step_index, variant_index, subject, body) VALUES ('25ea678f-479c-4b3c-b73c-c6c08d42dbee', 0, 1, '{{firstName}} resources are going digital-fast', '<div> Hi {{firstName}} </div><div><br /></div><div>Not sure if this slipped through — but AI’s already helping ops teams in mining + oil &amp; gas predict failures days before they happen.</div><div><br /></div><div>We’re not talking about full system overhauls. just smarter calls with the crew + gear you already have.</div><div><br /></div><div>Worth a skim?</div><div>{{RANDOM | Best, | Regards, | Cheers,}}</div><div>WeCloudData</div><div><br /></div><div><br /></div>') ON CONFLICT (campaign_id, step_index, variant_index) DO NOTHING;
INSERT INTO leads.instantly_campaign_steps (campaign_id, step_index, type, delay) VALUES ('25ea678f-479c-4b3c-b73c-c6c08d42dbee', 1, 'email', 2) ON CONFLICT (campaign_id, step_index) DO NOTHING;
INSERT INTO leads.instantly_campaign_contents (campaign_id, step_index, variant_index, subject, body) VALUES ('25ea678f-479c-4b3c-b73c-c6c08d42dbee', 1, 0, '', '<div>{{firstName}},</div><div><br /></div><div>Most resource leaders we speak with want <a href="https://weclouddata.com/corporate-training/?utm_source=newsletter&amp;utm_medium=email&amp;utm_campaign=uae-mining-follow+up" target="_blank">AI training</a> that doesn’t waste ops teams’ time. Our modules are built around real field data and frontline use cases. engineers come out of it with working models, not just theory.</div><div><br /></div><div>Can offer you a free personalized 2 mins presentation to test it works with {{companyName}} team. Open to that?</div><div><br /></div><div>Best, </div><div>WeCloudData</div>') ON CONFLICT (campaign_id, step_index, variant_index) DO NOTHING;
INSERT INTO leads.instantly_campaign_contents (campaign_id, step_index, variant_index, subject, body) VALUES ('25ea678f-479c-4b3c-b73c-c6c08d42dbee', 1, 1, '{{firstName}} worried about AI costs? ', '<div>{{firstName}} </div><div><br /></div><div>Budget and AI fatigue are real—but <a href="https://weclouddata.com/corporate-training/?utm_source=newsletter&amp;utm_medium=email&amp;utm_campaign=uae-mining-follow+up" target="_blank">smart upskilling</a> works. Predictive maintenance alone can cut costs by ~40%, with ROI in months. Teams that trained just a few engineers cut downtime by 30%.</div><div><br /></div><div>If you’re curious how this would play out at {{companyName}}, just reply “Tell me more” and I’ll send over a tailored overview. Or book a timeslot <a href="https://meetings.hubspot.com/warney/talk-to-wecloud-program-advisor?uuid=f772e830-c1fe-4c3a-af95-34b2bb557260&amp;utm_source=newsletter&amp;utm_medium=email&amp;utm_campaign=uae-mining-follow" target="_blank">HERE.</a></div><div><br /></div><div>Best,</div><div>WeCloudData.</div>') ON CONFLICT (campaign_id, step_index, variant_index) DO NOTHING;
INSERT INTO leads.instantly_campaign_steps (campaign_id, step_index, type, delay) VALUES ('25ea678f-479c-4b3c-b73c-c6c08d42dbee', 2, 'email', 1) ON CONFLICT (campaign_id, step_index) DO NOTHING;
INSERT INTO leads.instantly_campaign_contents (campaign_id, step_index, variant_index, subject, body) VALUES ('25ea678f-479c-4b3c-b73c-c6c08d42dbee', 2, 0, '', '<div>{{firstName}} </div><div><br /></div><div>Just didn’t want to leave this thread hanging if {{companyName}} is even exploring customizable flexible <a href="https://weclouddata.com/corporate-training/?utm_source=newsletter&amp;utm_medium=email&amp;utm_campaign=uae-mining-follow+up" target="_blank">AI upskilling.</a></div><div><br /></div><div>Happy to send a quick explainer if helpful — 2 min read, no fluff.</div><div>open to it?</div><div><br /></div><div>{{RANDOM | Best, | Regards, | Cheers,}}</div><div>WeCloudData</div>') ON CONFLICT (campaign_id, step_index, variant_index) DO NOTHING;
INSERT INTO leads.instantly_campaign_contents (campaign_id, step_index, variant_index, subject, body) VALUES ('25ea678f-479c-4b3c-b73c-c6c08d42dbee', 2, 1, '', '<div>{{firstName}} </div><div><br /></div><div>Just a quick nudge before I let this go.</div><div><br /></div><div>If <a href="https://weclouddata.com/corporate-training/?utm_source=newsletter&amp;utm_medium=email&amp;utm_campaign=uae-mining-follow+up" target="_blank">AI</a> is on your roadmap but stuck in theory, we might be able to help get it moving—without a huge lift on your end.</div><div><br /></div><div>Open to a short chat, or would <a href="https://meetings.hubspot.com/warney/talk-to-wecloud-program-advisor?uuid=f772e830-c1fe-4c3a-af95-34b2bb557260&amp;utm_source=newsletter&amp;utm_medium=email&amp;utm_campaign=uae-mining-follow" target="_blank">another time</a> be better?</div><div><br /></div><div>Regards,</div><div>WeCloudData</div>') ON CONFLICT (campaign_id, step_index, variant_index) DO NOTHING;
COMMIT;
-- End of record --

BEGIN;
INSERT INTO leads.instantly_campaigns ("id", "name", "status", "campaign_schedule", "timestamp_created", "timestamp_updated", "text_only", "email_list", "daily_limit", "stop_on_reply", "email_tag_list", "link_tracking", "open_tracking", "stop_on_auto_reply", "organization", "email_gap", "prioritize_new_leads", "auto_variant_select", "stop_for_company", "insert_unsubscribe_header") VALUES ('1f2973d8-2180-4ef0-8780-2d519e09b6fa', 'Warney - Software Engineer AI Engineer Bootcamp', 1, '{}', '2025-04-14T20:28:25.950Z', '2025-04-14T20:32:43.786Z', FALSE, '["w.sarkis@wecloudtraining.com", "w.sarkis@weclouddataacademy.com"]', 60.0, TRUE, '[]', TRUE, TRUE, FALSE, 'f44277de-69b2-4bc3-a69c-28afd4094123', NULL, NULL, NULL, NULL, NULL) ON CONFLICT (id) DO NOTHING;
INSERT INTO leads.instantly_campaign_steps (campaign_id, step_index, type, delay) VALUES ('1f2973d8-2180-4ef0-8780-2d519e09b6fa', 0, 'email', 6) ON CONFLICT (campaign_id, step_index) DO NOTHING;
INSERT INTO leads.instantly_campaign_contents (campaign_id, step_index, variant_index, subject, body) VALUES ('1f2973d8-2180-4ef0-8780-2d519e09b6fa', 0, 0, 'Quick Question, {{firstName}} ', '<div>Hi {{firstName}},</div><div><br /></div><div>If you''re looking to level up your AI skills without putting your life on pause, check out WeCloudData’s new Self-Paced AI Course.</div><div><br /></div><div>It’s packed with hands-on projects, LLM &amp; MLOps content, and mentor support—all designed for busy data pros like you.</div><div><br /></div><div>Want to take a look? I can send you more info.</div><div><br /></div><div>Best,</div><div>Warney</div>') ON CONFLICT (campaign_id, step_index, variant_index) DO NOTHING;
INSERT INTO leads.instantly_campaign_steps (campaign_id, step_index, type, delay) VALUES ('1f2973d8-2180-4ef0-8780-2d519e09b6fa', 1, 'email', 1) ON CONFLICT (campaign_id, step_index) DO NOTHING;
INSERT INTO leads.instantly_campaign_contents (campaign_id, step_index, variant_index, subject, body) VALUES ('1f2973d8-2180-4ef0-8780-2d519e09b6fa', 1, 0, '', '<div>Hey {{firstName}},</div><div><br /></div><div>Just wanted to follow up one last time in case the AI Self-Paced Course is still on your radar.</div><div><br /></div><div>No pressure—just let me know if you''d like the details or want to explore it later on.</div><div><br /></div><div>All the best,</div><div>Warney</div>') ON CONFLICT (campaign_id, step_index, variant_index) DO NOTHING;
COMMIT;
-- End of record --

BEGIN;
INSERT INTO leads.instantly_campaigns ("id", "name", "status", "campaign_schedule", "timestamp_created", "timestamp_updated", "text_only", "email_list", "daily_limit", "stop_on_reply", "email_tag_list", "link_tracking", "open_tracking", "stop_on_auto_reply", "organization", "email_gap", "prioritize_new_leads", "auto_variant_select", "stop_for_company", "insert_unsubscribe_header") VALUES ('1dbaa337-76bd-484f-9605-d6980d800374', 'Maliha- US Chicago Manufacturing', 3, '{}', '2025-04-24T15:26:29.752Z', '2025-05-01T15:28:17.414Z', FALSE, '["louise.c@weclouddata.org", "louise.c@weclouddata.us", "louise.cheng@weclouddata.org", "louise.cheng@weclouddata.us", "louise@weclouddata.net", "louise.c@weclouddata.net", "louise@weclouddata.org", "louise@weclouddata.us", "louise_c@weclouddata.org", "louise_c@weclouddata.us"]', 300.0, TRUE, '[]', TRUE, TRUE, FALSE, 'f44277de-69b2-4bc3-a69c-28afd4094123', NULL, NULL, NULL, NULL, NULL) ON CONFLICT (id) DO NOTHING;
INSERT INTO leads.instantly_campaign_steps (campaign_id, step_index, type, delay) VALUES ('1dbaa337-76bd-484f-9605-d6980d800374', 0, 'email', 5) ON CONFLICT (campaign_id, step_index) DO NOTHING;
INSERT INTO leads.instantly_campaign_contents (campaign_id, step_index, variant_index, subject, body) VALUES ('1dbaa337-76bd-484f-9605-d6980d800374', 0, 0, '{{firstName}} is your ops team stuck in slow mode?', '<div>{{firstName}},</div><div><br /></div><div>Your team’s probably still doing quality checks, reporting, and maintenance the slow way. AI’s already fixing that for manufacturers: fewer defects, faster reporting and less downtime.</div><div><br /></div><div>We <a href="https://weclouddata.com/corporate-training/?utm_source=newsletter&amp;utm_medium=email&amp;utm_campaign=us-chicago-manufacturing" target="_blank">teach teams to use AI</a> without needing coders or consultants- no new headcount, no big tech shift. Want a <a href="https://meetings.hubspot.com/warney/talk-to-wecloud-program-advisor?uuid=f772e830-c1fe-4c3a-af95-34b2bb557260&amp;utm_source=newsletter&amp;utm_medium=email&amp;utm_campaign=us-chicago-manufacturing" target="_blank">quick overview</a> of what this could look like at {{companyName}}?</div><div><br /></div><div>{{RANDOM | Best, | Regards, | Cheers,}}</div><div>WeCloudData</div>') ON CONFLICT (campaign_id, step_index, variant_index) DO NOTHING;
INSERT INTO leads.instantly_campaign_contents (campaign_id, step_index, variant_index, subject, body) VALUES ('1dbaa337-76bd-484f-9605-d6980d800374', 0, 1, 'Quick Question {{firstName}}', '<div>{{first_name}},</div><div><br /></div><div>Manufacturing teams are under pressure—supply chains are a mess, machines aren’t optimized, and decisions lag behind data.</div><div><br /></div><div>The wild part? A lot of this can be fixed by <a href="https://weclouddata.com/corporate-training/?utm_source=newsletter&amp;utm_medium=email&amp;utm_campaign=us-chicago-manufacturing" target="_blank">training teams to use AI</a> in ops—not to replace jobs, but to supercharge the ones already there.</div><div><br /></div><div>Want a quick look at how it works?</div><div><br /></div><div>{{RANDOM | Best, | Regards, | Cheers,}}</div><div>WeCloudData</div>') ON CONFLICT (campaign_id, step_index, variant_index) DO NOTHING;
INSERT INTO leads.instantly_campaign_steps (campaign_id, step_index, type, delay) VALUES ('1dbaa337-76bd-484f-9605-d6980d800374', 1, 'email', 2) ON CONFLICT (campaign_id, step_index) DO NOTHING;
INSERT INTO leads.instantly_campaign_contents (campaign_id, step_index, variant_index, subject, body) VALUES ('1dbaa337-76bd-484f-9605-d6980d800374', 1, 0, '', '<div>{{firstName}} </div><div><br /></div><div>In case you missed my last email, if you’re wondering what AI looks like inside manufacturing—this blog breaks it down:👉<a href="https://weclouddata.com/blog/consulting/generative-ai-use-cases-in-manufacturing/?utm_source=newsletter&amp;utm_medium=email&amp;utm_campaign=us-chicago-manufacturing" target="_blank">AI in Manufacturing</a>.</div><div><br /></div><div>Imagine having AI handle tasks like:</div><ul style="margin-top:0;margin-bottom:0;padding-inline-start:48px"><li dir="ltr" style="list-style-type:disc;font-size:12pt;font-family:Roboto,sans-serif;color:#000000;background-color:transparent;font-weight:400;font-style:normal;font-variant:normal;text-decoration:none;vertical-align:baseline;white-space:pre"><div>Predicting maintenance before a breakdown</div></li><li dir="ltr" style="list-style-type:disc;font-size:12pt;font-family:Roboto,sans-serif;color:#000000;background-color:transparent;font-weight:400;font-style:normal;font-variant:normal;text-decoration:none;vertical-align:baseline;white-space:pre"><div>Optimizing inventory and supply chains</div></li><li dir="ltr" style="list-style-type:disc;font-size:12pt;font-family:Roboto,sans-serif;color:#000000;background-color:transparent;font-weight:400;font-style:normal;font-variant:normal;text-decoration:none;vertical-align:baseline;white-space:pre"><div>Automating quality control checks</div></li></ul><div>{{RANDOM| Want a quick breakdown of how this could work at {{Company}}? | Do you have any time this or next week for a quick chat about this? | Let me know if you’d be open to a brief chat.}}</div><div><br /></div><div>Cheers,</div><div><a href="https://weclouddata.com/corporate-training/?utm_source=newsletter&amp;utm_medium=email&amp;utm_campaign=us-chicago-manufacturing" target="_blank">WeCloudData</a></div>') ON CONFLICT (campaign_id, step_index, variant_index) DO NOTHING;
INSERT INTO leads.instantly_campaign_contents (campaign_id, step_index, variant_index, subject, body) VALUES ('1dbaa337-76bd-484f-9605-d6980d800374', 1, 1, ' {{first_name}} labor shortage isn’t your biggest problem', '<div>{{first_name}},</div><div><br data-start="1880" data-end="1883" />Shortages suck — but the deeper problem? Most teams aren’t set up to do more with less.</div><div><br /></div><div>AI’s not some shiny tool for the C-suite. it’s real leverage for floor managers and ops leads. {{companyName}} ops team doesn’t need to become data scientists. They just <a href="https://weclouddata.com/corporate-training/?utm_source=newsletter&amp;utm_medium=email&amp;utm_campaign=us-chicago-manufacturing" target="_blank">need to know where AI fits</a> in. </div><div><br /></div><div>Want me to <a href="https://meetings.hubspot.com/warney/talk-to-wecloud-program-advisor?uuid=f772e830-c1fe-4c3a-af95-34b2bb557260&amp;utm_source=newsletter&amp;utm_medium=email&amp;utm_campaign=us-chicago-manufacturing" target="_blank">show you</a> how we’re making it work?</div><div><br /></div><div>Best, </div><div>WeCloudData</div>') ON CONFLICT (campaign_id, step_index, variant_index) DO NOTHING;
INSERT INTO leads.instantly_campaign_steps (campaign_id, step_index, type, delay) VALUES ('1dbaa337-76bd-484f-9605-d6980d800374', 2, 'email', 1) ON CONFLICT (campaign_id, step_index) DO NOTHING;
INSERT INTO leads.instantly_campaign_contents (campaign_id, step_index, variant_index, subject, body) VALUES ('1dbaa337-76bd-484f-9605-d6980d800374', 2, 0, '{{firstName}} thougths?', '<div>{{firstName}},</div><div><br /></div><div>Promise this is the last note — just a quick one: whether it’s this quarter or next year, your competitors are already moving on AI.</div><div><br /></div><div>We’ve helped teams cut downtime and get <a href="https://weclouddata.com/corporate-training/?utm_source=newsletter&amp;utm_medium=email&amp;utm_campaign=us-chicago-manufacturing" target="_blank">AI-ready</a> without big changes. If you''re ever curious, just reply “<a href="https://meetings.hubspot.com/warney/talk-to-wecloud-program-advisor?uuid=f772e830-c1fe-4c3a-af95-34b2bb557260&amp;utm_source=newsletter&amp;utm_medium=email&amp;utm_campaign=us-chicago-manufacturing" target="_blank">curious</a>” and I’ll send some ideas.</div><div><br /></div><div>Warm Regards,</div><div>WeCloudData</div>') ON CONFLICT (campaign_id, step_index, variant_index) DO NOTHING;
COMMIT;
-- End of record --

BEGIN;
INSERT INTO leads.instantly_campaigns ("id", "name", "status", "campaign_schedule", "timestamp_created", "timestamp_updated", "text_only", "email_list", "daily_limit", "stop_on_reply", "email_tag_list", "link_tracking", "open_tracking", "stop_on_auto_reply", "organization", "email_gap", "prioritize_new_leads", "auto_variant_select", "stop_for_company", "insert_unsubscribe_header") VALUES ('1d6dcf2d-8f87-4914-9b67-2fa98217f0c0', 'Warney - DE Background for GenAI', 3, '{}', '2025-03-12T18:53:26.636Z', '2025-03-12T19:00:10.648Z', FALSE, '["w.sarkis@weclouddataacademy.com"]', 60.0, TRUE, '["290e9a3c-55fb-4d92-9e6b-5b532a2f219e"]', TRUE, TRUE, FALSE, 'f44277de-69b2-4bc3-a69c-28afd4094123', NULL, NULL, NULL, NULL, TRUE) ON CONFLICT (id) DO NOTHING;
INSERT INTO leads.instantly_campaign_steps (campaign_id, step_index, type, delay) VALUES ('1d6dcf2d-8f87-4914-9b67-2fa98217f0c0', 0, 'email', 5) ON CONFLICT (campaign_id, step_index) DO NOTHING;
INSERT INTO leads.instantly_campaign_contents (campaign_id, step_index, variant_index, subject, body) VALUES ('1d6dcf2d-8f87-4914-9b67-2fa98217f0c0', 0, 0, 'Quick Question, {{firstName}} ', '<div>Hi {{firstName}},</div><div><br /></div><div>I know you’re busy, so I’ll get right to it—Generative AI is transforming the way data engineers build, optimize, and manage pipelines, but how can you apply it in your work?</div><div><br /></div><div>Join us for an exclusive webinar on March 28 at 12:30 PM, where our expert will cover:</div><div><br /></div><div>🔹 How GenAI is automating and optimizing data engineering workflows</div><div>🔹 Real-world applications for ETL, data quality, and orchestration</div><div>🔹 Key strategies to future-proof your data stack with AI</div><div><br /></div><div>This invite-only session is designed for data engineers looking to stay ahead in the AI era. Spots are limited, so let me know if you’re interested, and I’ll send over the details.</div><div><br /></div><div>Hope to see you there!</div><div><br /></div><div>Best,</div>') ON CONFLICT (campaign_id, step_index, variant_index) DO NOTHING;
INSERT INTO leads.instantly_campaign_steps (campaign_id, step_index, type, delay) VALUES ('1d6dcf2d-8f87-4914-9b67-2fa98217f0c0', 1, 'email', 1) ON CONFLICT (campaign_id, step_index) DO NOTHING;
INSERT INTO leads.instantly_campaign_contents (campaign_id, step_index, variant_index, subject, body) VALUES ('1d6dcf2d-8f87-4914-9b67-2fa98217f0c0', 1, 0, '', '<div>Hi {{firstName}},</div><div><br /></div><div>I wanted to follow up one last time—our GenAI for Data Engineers webinar is happening this Thursday, March 28, at 12:30 PM, and there are only a few spots left.</div><div><br /></div><div>In this session, our expert will cover:</div><div>✅ How GenAI is streamlining data engineering workflows</div><div>✅ Real-world use cases for automation, ETL, and pipeline optimization</div><div>✅ Key strategies to future-proof your data stack with AI</div><div><br /></div><div>If you’re looking to stay ahead in the AI-driven data landscape, this session is for you. Let me know if you''d like to join, and I’ll send over the details!</div><div><br /></div><div>Hope to see you there.</div><div><br /></div><div>Best,</div>') ON CONFLICT (campaign_id, step_index, variant_index) DO NOTHING;
COMMIT;
-- End of record --

BEGIN;
INSERT INTO leads.instantly_campaigns ("id", "name", "status", "campaign_schedule", "timestamp_created", "timestamp_updated", "text_only", "email_list", "daily_limit", "stop_on_reply", "email_tag_list", "link_tracking", "open_tracking", "stop_on_auto_reply", "organization", "email_gap", "prioritize_new_leads", "auto_variant_select", "stop_for_company", "insert_unsubscribe_header") VALUES ('1ab30352-0438-4750-97f1-7df2018387ca', 'Louise_GenAI workshop_leaders in bank/acct/insurance_Calfonia/Texas/nyc', 3, '{}', '2025-03-18T18:34:56.122Z', '2025-04-09T14:42:34.580Z', FALSE, '["louise.c@weclouddata.net", "louise.c@weclouddata.org", "louise.c@weclouddata.us", "louise.cheng@weclouddata.org", "louise.cheng@weclouddata.us", "louise@weclouddata.net", "louise@weclouddata.org", "louise@weclouddata.us", "louise_c@weclouddata.org", "louise_c@weclouddata.us"]', 500.0, TRUE, '[]', TRUE, TRUE, TRUE, 'f44277de-69b2-4bc3-a69c-28afd4094123', 5.0, TRUE, '{"trigger": "reply_rate"}', TRUE, TRUE) ON CONFLICT (id) DO NOTHING;
INSERT INTO leads.instantly_campaign_steps (campaign_id, step_index, type, delay) VALUES ('1ab30352-0438-4750-97f1-7df2018387ca', 0, 'email', 2) ON CONFLICT (campaign_id, step_index) DO NOTHING;
INSERT INTO leads.instantly_campaign_contents (campaign_id, step_index, variant_index, subject, body) VALUES ('1ab30352-0438-4750-97f1-7df2018387ca', 0, 0, ' Exclusive GenAI Roundtable ', '<div>Hi {{firstName}} </div><div><br /></div><div>Join us for an exclusive GenAI Executive Roundtable—a closed-door discussion designed for business leaders like you.</div><div><br /></div><div>✔ Cut through the AI hype – Understand how GenAI differs from traditional AI &amp; ML.</div><div>✔ Tackle today’s business challenges – Explore how AI-driven solutions can enhance efficiency &amp; innovation.</div><div>✔ Real-world applications – See how GenAI is transforming e-commerce, supply chains, HR, and more.</div><div><br /></div><div>Seats are limited—reply if you are interested! </div><div><br /></div><div>Best regards,</div><div>Louise</div><div>WeCloudData Academy </div>') ON CONFLICT (campaign_id, step_index, variant_index) DO NOTHING;
INSERT INTO leads.instantly_campaign_steps (campaign_id, step_index, type, delay) VALUES ('1ab30352-0438-4750-97f1-7df2018387ca', 1, 'email', 1) ON CONFLICT (campaign_id, step_index) DO NOTHING;
INSERT INTO leads.instantly_campaign_contents (campaign_id, step_index, variant_index, subject, body) VALUES ('1ab30352-0438-4750-97f1-7df2018387ca', 1, 0, '', '<div>Hi {{firstName}} ,</div><div><br /></div><div>Spots are filling up for our GenAI Executive Roundtable! Don’t miss this chance to gain insights from industry leaders on how GenAI is reshaping business strategy and operations.</div><div><br /></div><div>Secure your seat today!</div><div><br /></div><div>[<a href="https://share.hsforms.com/2tlopUCLQRLKbRcIyf1wOfQ44nue" target="_blank">Register Now</a>]</div><div><br /></div><div>Best,</div><div>Louise<br />WeCloudData Academy</div>') ON CONFLICT (campaign_id, step_index, variant_index) DO NOTHING;
COMMIT;
-- End of record --

BEGIN;
INSERT INTO leads.instantly_campaigns ("id", "name", "status", "campaign_schedule", "timestamp_created", "timestamp_updated", "text_only", "email_list", "daily_limit", "stop_on_reply", "email_tag_list", "link_tracking", "open_tracking", "stop_on_auto_reply", "organization", "email_gap", "prioritize_new_leads", "auto_variant_select", "stop_for_company", "insert_unsubscribe_header") VALUES ('1249f1a2-7318-481f-809a-5d726cabbd25', 'Warney - GenAI Director of Data Science', 1, '{}', '2025-03-27T20:20:52.520Z', '2025-03-27T20:23:54.055Z', FALSE, '["w.sarkiss@wecloudtraining.com", "warney.s@weclouddata-corp.com", "warney.s@wecloudtraining.com", "warney.sarkis@weclouddata-corp.com", "warney.sarkis@weclouddataacademy.com", "w.sarkiss@weclouddata-corp.com", "w.sarkis@wecloudtraining.com", "w.sarkis@weclouddataacademy.com"]', 240.0, TRUE, '[]', TRUE, TRUE, FALSE, 'f44277de-69b2-4bc3-a69c-28afd4094123', NULL, NULL, NULL, NULL, NULL) ON CONFLICT (id) DO NOTHING;
INSERT INTO leads.instantly_campaign_steps (campaign_id, step_index, type, delay) VALUES ('1249f1a2-7318-481f-809a-5d726cabbd25', 0, 'email', 6) ON CONFLICT (campaign_id, step_index) DO NOTHING;
INSERT INTO leads.instantly_campaign_contents (campaign_id, step_index, variant_index, subject, body) VALUES ('1249f1a2-7318-481f-809a-5d726cabbd25', 0, 0, 'Quick Question,{{firstName}} ', '<div>Dear {{firstName}},</div><div><br /></div><div>As a Director of Data Science, you’re at the forefront of AI innovation. Generative AI is reshaping how businesses extract insights, automate processes, and drive decision-making. That’s why WeCloudData is hosting an exclusive GenAI session designed to help data science leaders like you explore cutting-edge applications and strategies for leveraging GenAI in B2B environments.</div><div><br /></div><div>🔹 What You’ll Gain:</div><div>✅ Practical insights on implementing GenAI in enterprise workflows</div><div>✅ Real-world case studies on AI-driven business impact</div><div>✅ A chance to connect with other senior data science leaders</div><div><br /></div><div>📅 Date: April 11, 2025</div><div>📍 Location: Virtual </div><div><br /></div><div>This is an invite-only event with limited seats. Let me know if you''re interested, and I’ll secure your spot.</div><div><br /></div><div>Looking forward to your thoughts!</div><div><br /></div><div>Best,</div>') ON CONFLICT (campaign_id, step_index, variant_index) DO NOTHING;
INSERT INTO leads.instantly_campaign_steps (campaign_id, step_index, type, delay) VALUES ('1249f1a2-7318-481f-809a-5d726cabbd25', 1, 'email', 1) ON CONFLICT (campaign_id, step_index) DO NOTHING;
INSERT INTO leads.instantly_campaign_contents (campaign_id, step_index, variant_index, subject, body) VALUES ('1249f1a2-7318-481f-809a-5d726cabbd25', 1, 0, '', '<div>Dear {{firstName}},</div><div><br /></div><div>I wanted to reach out one last time about our exclusive GenAI session for Directors of Data Science. This is a unique opportunity to explore how Generative AI is transforming data science workflows, decision-making, and business impact.</div><div><br /></div><div>🔹 Key Takeaways:</div><div>✅ Advanced applications of GenAI in enterprise settings</div><div>✅ Real-world case studies from industry leaders</div><div>✅ Executive-level insights on scaling AI initiatives</div><div><br /></div><div>📅 Date: April 11, 2025</div><div>📍 Location: Virtual </div><div><br /></div><div>Spots are almost full, and I’d love for you to be part of this discussion. Let me know if you’d like to attend, and I’ll make sure you’re on the list.</div><div><br /></div><div>Looking forward to your thoughts!</div><div><br /></div><div>Best,</div>') ON CONFLICT (campaign_id, step_index, variant_index) DO NOTHING;
COMMIT;
-- End of record --

BEGIN;
INSERT INTO leads.instantly_campaigns ("id", "name", "status", "campaign_schedule", "timestamp_created", "timestamp_updated", "text_only", "email_list", "daily_limit", "stop_on_reply", "email_tag_list", "link_tracking", "open_tracking", "stop_on_auto_reply", "organization", "email_gap", "prioritize_new_leads", "auto_variant_select", "stop_for_company", "insert_unsubscribe_header") VALUES ('115b454e-147b-43bd-8e57-e0459e4ebed1', 'Arsalan Hussain Higher Education (500-1000B)', 1, '{"schedules": [{"name": "New schedule", "timing": {"from": "08:00", "to": "17:00"}, "days": {"1": true, "2": true, "3": true, "4": true, "5": true}, "timezone": "America/Detroit"}], "start_date": "", "end_date": ""}', '2025-03-18T20:33:51.644Z', '2025-03-26T16:03:33.862Z', FALSE, '["n-tran@beamdata-team.com", "n-tran@beamdata.org", "n-tran@beamdatahq.com", "n.tran@beamdata.org", "n.tran@beamdatahq.com", "n_tran@beamdata.org", "n_tran@beamdatahq.com", "ntran@beamdatahq.com"]', 1000.0, TRUE, '[]', TRUE, TRUE, FALSE, 'f44277de-69b2-4bc3-a69c-28afd4094123', NULL, NULL, NULL, NULL, NULL) ON CONFLICT (id) DO NOTHING;
INSERT INTO leads.instantly_campaign_steps (campaign_id, step_index, type, delay) VALUES ('115b454e-147b-43bd-8e57-e0459e4ebed1', 0, 'email', 0) ON CONFLICT (campaign_id, step_index) DO NOTHING;
INSERT INTO leads.instantly_campaign_contents (campaign_id, step_index, variant_index, subject, body) VALUES ('115b454e-147b-43bd-8e57-e0459e4ebed1', 0, 0, 'Let’s Catch Up on AI in Education', '<div>Hi <strong>{{firstName}}</strong>,</div><div data-start="76" data-end="102"><br /></div><div>Hope you’re doing great!</div><div><br /></div><div>I’ve been working on some cool stuff at Beam Data lately—helping educators use AI to make a real difference. Think virtual tutors making classes more engaging, predictive analytics to support students who need it, and automating admin tasks to free up time. It’s been exciting to see how much impact AI can have in education!<br /><br />Are you looking into anything like that? Would love to hear what you’re up to and see if I can share a few ideas that might help.<br /><br /></div><div>Let’s catch up soon!<br /><br /></div><div>Cheers,<br />Nhat Tran<br />Director of Technology<br />Beam Data</div>') ON CONFLICT (campaign_id, step_index, variant_index) DO NOTHING;
INSERT INTO leads.instantly_campaign_steps (campaign_id, step_index, type, delay) VALUES ('115b454e-147b-43bd-8e57-e0459e4ebed1', 1, 'email', 2) ON CONFLICT (campaign_id, step_index) DO NOTHING;
INSERT INTO leads.instantly_campaign_contents (campaign_id, step_index, variant_index, subject, body) VALUES ('115b454e-147b-43bd-8e57-e0459e4ebed1', 1, 0, ' Following Up on AI in Education', '<div>Hi {{firstName}}, <br /><br />Just wanted to follow up and see if you’ve had a chance to think about how AI could make a difference in your work.<br /><br />If you’re exploring ways to enhance learning or streamline processes, I’d be happy to offer a <a href="http://meetings.hubspot.com/nhat3/prospect-beam-data-meeting?uuid=f18a0d4e-5da2-4977-9468-80f507b5c4e9" target="_blank">free consultation</a> to discuss your needs and share tailored ideas. Let me know if that sounds helpful!<br /><br /></div><div>Looking forward to connecting.</div><div><br /></div><div>Best,<br />Nhat Tran<br />Director of Technology<br />Beam Data</div>') ON CONFLICT (campaign_id, step_index, variant_index) DO NOTHING;
INSERT INTO leads.instantly_campaign_steps (campaign_id, step_index, type, delay) VALUES ('115b454e-147b-43bd-8e57-e0459e4ebed1', 2, 'email', 3) ON CONFLICT (campaign_id, step_index) DO NOTHING;
INSERT INTO leads.instantly_campaign_contents (campaign_id, step_index, variant_index, subject, body) VALUES ('115b454e-147b-43bd-8e57-e0459e4ebed1', 2, 0, ' Final Follow-Up: Exploring AI in Education', '<div>Hi <strong>{{firstName}}</strong>,<br /><br /></div><div>I wanted to reach out one last time to see if you’d be interested in discussing how AI could make a real difference in your work.<br /><br />If it helps, I’d be happy to offer a <a href="http://meetings.hubspot.com/nhat3/prospect-beam-data-meeting?uuid=f18a0d4e-5da2-4977-9468-80f507b5c4e9" target="_blank">free consultation</a> to explore your needs and share tailored recommendations. Let me know if you’d like to connect—otherwise, I’ll leave the ball in your court!<br /><br /></div><div>Wishing you all the best,<br /><br /></div><div>Best regards,<br data-start="459" data-end="462" />Nhat Tran<br data-start="471" data-end="474" />Director of Technology<br data-start="496" data-end="499" />Beam Data</div>') ON CONFLICT (campaign_id, step_index, variant_index) DO NOTHING;
INSERT INTO leads.instantly_campaign_steps (campaign_id, step_index, type, delay) VALUES ('115b454e-147b-43bd-8e57-e0459e4ebed1', 3, 'email', 1) ON CONFLICT (campaign_id, step_index) DO NOTHING;
INSERT INTO leads.instantly_campaign_contents (campaign_id, step_index, variant_index, subject, body) VALUES ('115b454e-147b-43bd-8e57-e0459e4ebed1', 3, 0, '', '') ON CONFLICT (campaign_id, step_index, variant_index) DO NOTHING;
COMMIT;
-- End of record --

BEGIN;
INSERT INTO leads.instantly_campaigns ("id", "name", "status", "campaign_schedule", "timestamp_created", "timestamp_updated", "text_only", "email_list", "daily_limit", "stop_on_reply", "email_tag_list", "link_tracking", "open_tracking", "stop_on_auto_reply", "organization", "email_gap", "prioritize_new_leads", "auto_variant_select", "stop_for_company", "insert_unsubscribe_header") VALUES ('0e466ce7-3b53-47cc-9d36-00c4a660e77a', 'Warney - AI Corporate Training', 1, '{}', '2025-03-19T18:03:04.732Z', '2025-03-19T18:05:15.537Z', FALSE, '["w.sarkis@weclouddataacademy.com", "w.sarkis@wecloudtraining.com", "w.sarkiss@weclouddata-corp.com", "w.sarkiss@weclouddataacademy.com", "w.sarkiss@wecloudtraining.com", "warney.s@weclouddata-corp.com", "warney.s@weclouddataacademy.com", "warney.sarkis@weclouddata-corp.com", "warney.s@wecloudtraining.com", "warney.sarkis@weclouddataacademy.com", "warney.sarkis@wecloudtraining.com"]', 330.0, TRUE, '[]', TRUE, TRUE, FALSE, 'f44277de-69b2-4bc3-a69c-28afd4094123', NULL, NULL, NULL, NULL, NULL) ON CONFLICT (id) DO NOTHING;
INSERT INTO leads.instantly_campaign_steps (campaign_id, step_index, type, delay) VALUES ('0e466ce7-3b53-47cc-9d36-00c4a660e77a', 0, 'email', 6) ON CONFLICT (campaign_id, step_index) DO NOTHING;
INSERT INTO leads.instantly_campaign_contents (campaign_id, step_index, variant_index, subject, body) VALUES ('0e466ce7-3b53-47cc-9d36-00c4a660e77a', 0, 0, '', '<div>Hi {{firstName}} ,</div><div><br /></div><div>I know you''re busy, so I''ll get right to the point.</div><div><br /></div><div>AI is transforming how businesses operate, and companies that upskill their teams now will have a competitive edge. At WeCloudData, we provide hands-on AI training tailored for technical teams—helping them integrate AI into workflows, optimize processes, and drive innovation.</div><div><br /></div><div>We’ve worked with companies like Samsung and more to bridge the AI skills gap. Would you be open to a quick chat to explore how we can support{{companyName}}?<br /><br />Not interested? <a href="https://share.hsforms.com/2tlopUCLQRLKbRcIyf1wOfQ44nue" target="_blank">Join our GenAI session!</a></div><div><br /></div><div>Let me know a time that works for you.</div><div><br /></div><div>Best,</div>') ON CONFLICT (campaign_id, step_index, variant_index) DO NOTHING;
INSERT INTO leads.instantly_campaign_steps (campaign_id, step_index, type, delay) VALUES ('0e466ce7-3b53-47cc-9d36-00c4a660e77a', 1, 'email', 1) ON CONFLICT (campaign_id, step_index) DO NOTHING;
INSERT INTO leads.instantly_campaign_contents (campaign_id, step_index, variant_index, subject, body) VALUES ('0e466ce7-3b53-47cc-9d36-00c4a660e77a', 1, 0, '', '<div>Hi {{firstName}},</div><div><br /></div><div>I wanted to reach out one final time regarding WeCloudData''s AI training for technical teams. If this isn’t a priority right now, no problem! I completely understand. </div><div><br /></div><div>However, if you''d still like to explore how we can help {{companyName}} build AI capabilities, I’d be happy to connect.</div><div><br /></div><div>Please let me know if it makes sense to discuss further.</div><div><br /></div><div>Best,</div>') ON CONFLICT (campaign_id, step_index, variant_index) DO NOTHING;
COMMIT;
-- End of record --

BEGIN;
INSERT INTO leads.instantly_campaigns ("id", "name", "status", "campaign_schedule", "timestamp_created", "timestamp_updated", "text_only", "email_list", "daily_limit", "stop_on_reply", "email_tag_list", "link_tracking", "open_tracking", "stop_on_auto_reply", "organization", "email_gap", "prioritize_new_leads", "auto_variant_select", "stop_for_company", "insert_unsubscribe_header") VALUES ('097a0174-48a9-47a6-bd7f-bfc5ad88f71e', 'Warney - DevOps background AI Engineering', 1, '{}', '2025-04-14T20:19:11.983Z', '2025-04-14T20:21:53.663Z', FALSE, '["w.sarkis@weclouddataacademy.com", "w.sarkis@wecloudtraining.com"]', 60.0, TRUE, '[]', TRUE, TRUE, FALSE, 'f44277de-69b2-4bc3-a69c-28afd4094123', NULL, NULL, NULL, NULL, NULL) ON CONFLICT (id) DO NOTHING;
INSERT INTO leads.instantly_campaign_steps (campaign_id, step_index, type, delay) VALUES ('097a0174-48a9-47a6-bd7f-bfc5ad88f71e', 0, 'email', 5) ON CONFLICT (campaign_id, step_index) DO NOTHING;
INSERT INTO leads.instantly_campaign_contents (campaign_id, step_index, variant_index, subject, body) VALUES ('097a0174-48a9-47a6-bd7f-bfc5ad88f71e', 0, 0, 'Quick Question,  {{firstName}} ', '<div>Hi {{firstName}},</div><div><br /></div><div>If you''re looking to level up your AI skills without putting your life on pause, check out WeCloudData’s new Self-Paced AI Course.<br /><br /></div><div>It’s packed with hands-on projects, LLM &amp; MLOps content, and mentor support—all designed for busy data pros like you.<br /><br /></div><div>Want to take a look? I can send you more info.<br /><br /></div><div>Best,</div><div>Warney</div>') ON CONFLICT (campaign_id, step_index, variant_index) DO NOTHING;
INSERT INTO leads.instantly_campaign_steps (campaign_id, step_index, type, delay) VALUES ('097a0174-48a9-47a6-bd7f-bfc5ad88f71e', 1, 'email', 1) ON CONFLICT (campaign_id, step_index) DO NOTHING;
INSERT INTO leads.instantly_campaign_contents (campaign_id, step_index, variant_index, subject, body) VALUES ('097a0174-48a9-47a6-bd7f-bfc5ad88f71e', 1, 0, '', '<div>Hey {{firstName}},</div><div><br /></div><div>Just wanted to follow up one last time in case the AI Self-Paced Course is still on your radar.</div><div><br /></div><div>No pressure—just let me know if you''d like the details or want to explore it later on.</div><div><br /></div><div>All the best,</div><div>Warney</div>') ON CONFLICT (campaign_id, step_index, variant_index) DO NOTHING;
COMMIT;
-- End of record --

BEGIN;
INSERT INTO leads.instantly_campaigns ("id", "name", "status", "campaign_schedule", "timestamp_created", "timestamp_updated", "text_only", "email_list", "daily_limit", "stop_on_reply", "email_tag_list", "link_tracking", "open_tracking", "stop_on_auto_reply", "organization", "email_gap", "prioritize_new_leads", "auto_variant_select", "stop_for_company", "insert_unsubscribe_header") VALUES ('01a7c1fe-2075-4f5f-83aa-3c31c305035d', 'Warney - Director of Technology Corporate Training', 1, '{}', '2025-03-18T19:27:41.988Z', '2025-03-20T17:39:39.116Z', FALSE, '["w.sarkis@weclouddataacademy.com", "w.sarkis@wecloudtraining.com", "w.sarkiss@weclouddata-corp.com", "w.sarkiss@weclouddataacademy.com", "w.sarkiss@wecloudtraining.com", "warney.s@weclouddata-corp.com", "warney.s@weclouddataacademy.com", "warney.s@wecloudtraining.com", "warney.sarkis@weclouddata-corp.com", "warney.sarkis@weclouddataacademy.com", "warney.sarkis@wecloudtraining.com"]', 330.0, TRUE, '[]', TRUE, TRUE, FALSE, 'f44277de-69b2-4bc3-a69c-28afd4094123', NULL, NULL, NULL, NULL, NULL) ON CONFLICT (id) DO NOTHING;
INSERT INTO leads.instantly_campaign_steps (campaign_id, step_index, type, delay) VALUES ('01a7c1fe-2075-4f5f-83aa-3c31c305035d', 0, 'email', 6) ON CONFLICT (campaign_id, step_index) DO NOTHING;
INSERT INTO leads.instantly_campaign_contents (campaign_id, step_index, variant_index, subject, body) VALUES ('01a7c1fe-2075-4f5f-83aa-3c31c305035d', 0, 0, '', '<div>Hi {{firstName}}, </div><div><br /></div><div>I know you''re busy, so I''ll get right to the point.</div><div><br /></div><div>AI is transforming how businesses operate, and companies that upskill their teams now will have a competitive edge. At WeCloudData, we provide hands-on AI training tailored for technical teams—helping them integrate AI into workflows, optimize processes, and drive innovation.</div><div><br /></div><div>We’ve worked with companies like Samsung and more to bridge the AI skills gap. Would you be open to a quick chat to explore how we can support {{companyName}}?</div><div><br /></div><div>Want to know more? <a href="https://weclouddata.com/corporate-training/" target="_blank">CLICK HERE!</a></div><div><br /></div><div>Let me know a time that works for you.</div><div><br /></div><div>Best,</div>') ON CONFLICT (campaign_id, step_index, variant_index) DO NOTHING;
INSERT INTO leads.instantly_campaign_steps (campaign_id, step_index, type, delay) VALUES ('01a7c1fe-2075-4f5f-83aa-3c31c305035d', 1, 'email', 1) ON CONFLICT (campaign_id, step_index) DO NOTHING;
INSERT INTO leads.instantly_campaign_contents (campaign_id, step_index, variant_index, subject, body) VALUES ('01a7c1fe-2075-4f5f-83aa-3c31c305035d', 1, 0, '', '<div>Hi {{firstName}},</div><div><br /></div><div>I wanted to reach out one final time regarding WeCloudData''s AI training for technical teams. If this isn’t a priority right now, no problem! I completely understand. </div><div><br /></div><div>However, if you''d still like to explore how we can help {{companyName}} build AI capabilities, I’d be happy to connect.</div><div><br /></div><div>Please let me know if it makes sense to discuss further.</div><div><br /></div><div>Best,</div>') ON CONFLICT (campaign_id, step_index, variant_index) DO NOTHING;
COMMIT;
-- End of record --

